version;wahl-behoerde-gs;wahl-datum;wahl-name;bezirk-nr;bezirk-name;zeitstempel-erfassung;A1;A2;A3;A;B;B1;C;D;E;F;D1;F1;D2;F2;D3;F3;D4;F4;D5;F5;D6;F6;D7;F7;D8;F8;D9;F9;D10;F10;D11;F11;D12;F12;D13;F13;D14;F14;D15;F15;D16;F16;D17;F17;D18;F18;D19;F19;D20;F20;D21;F21;D22;F22;D23;F23;D24;F24;D25;F25;D26;F26;D27;F27;D28;F28
0.3;05914000;26.09.2021;Bundestagswahl;1011;1011 Volkspark;15.09.2021 11:58:24 226;1650;0;0;1650;1100;0;100;1000;100;1000;762;742;123;50;111;47;0;46;1;47;3;49;0;0;0;0;0;3;0;0;0;3;0;0;0;0;0;0;0;0;0;0;0;4;0;0;0;0;0;0;0;0;0;0;0;4;0;0;0;4;0;1;0;0;0;0
0.3;05914000;26.09.2021;Bundestagswahl;1012;1012 Theater;15.09.2021 11:58:24 226;1650;0;0;1650;1100;0;100;1000;100;1000;758;740;124;50;114;55;1;49;3;45;0;48;0;0;0;0;0;1;0;0;0;4;0;2;0;0;0;4;0;1;0;0;0;0;0;0;0;0;0;0;0;0;0;0;0;0;0;1;0;0;0;0;0;0;0;0
0.3;05914000;26.09.2021;Bundestagswahl;1013;1013 Friedrich-Ebert-Platz / Kunstquartier;15.09.2021 11:58:24 226;1650;0;0;1650;1100;0;100;1000;100;1000;760;720;124;55;107;54;4;51;0;51;3;43;0;0;0;0;0;0;0;3;0;3;0;4;0;1;0;1;0;0;0;4;0;0;0;3;2;2;0;0;0;0;0;3;0;2;0;0;0;0;0;0;0;0;0;0
0.3;05914000;26.09.2021;Bundestagswahl;1014;1014 Kratzkopf;15.09.2021 11:58:24 226;1650;0;0;1650;1100;0;100;1000;100;1000;759;730;122;53;113;51;0;52;1;43;1;46;2;0;0;3;0;0;0;4;0;1;0;0;0;0;0;2;0;0;0;1;0;1;0;0;2;1;0;1;0;0;0;4;0;0;0;3;0;0;0;4;0;0;0;0
0.3;05914000;26.09.2021;Bundestagswahl;1021;1021 Volmeaue;15.09.2021 11:58:24 226;1650;0;0;1650;1100;0;100;1000;100;1000;757;743;120;49;111;54;0;46;0;47;2;46;2;0;0;0;0;0;1;0;0;0;0;0;0;0;0;0;2;4;0;0;0;0;0;2;3;1;0;4;0;2;0;0;0;0;0;1;0;0;0;0;0;1;2;0
0.3;05914000;26.09.2021;Bundestagswahl;1022;1022 Funckepark;15.09.2021 11:58:24 226;1650;0;0;1650;1100;0;100;1000;100;1000;759;725;125;57;115;51;0;46;0;51;0;49;0;0;0;0;0;0;0;0;0;0;0;0;0;4;0;0;0;0;0;1;0;0;0;2;0;0;0;0;0;2;0;4;0;0;0;4;0;0;0;0;0;4;1;0
0.3;05914000;26.09.2021;Bundestagswahl;1023;1023 Yorckstr.;15.09.2021 11:58:24 226;1650;0;0;1650;1100;0;100;1000;100;1000;758;727;119;49;111;50;4;46;0;47;0;47;1;4;0;0;0;1;0;0;0;0;0;0;0;3;0;4;2;4;0;0;0;2;0;0;1;3;0;3;0;1;0;0;0;0;0;0;0;4;0;3;0;2;4;0
0.3;05914000;26.09.2021;Bundestagswahl;1024;1024 Funckestr.;15.09.2021 11:58:24 226;1650;0;0;1650;1100;0;100;1000;100;1000;760;744;119;57;112;50;1;48;4;43;0;47;0;0;0;2;0;0;0;0;0;0;0;0;0;3;0;0;2;0;0;0;0;0;0;2;2;0;0;0;0;0;0;0;0;0;0;1;0;3;0;0;0;0;0;0
0.3;05914000;26.09.2021;Bundestagswahl;1025;1025 Am Ischeland;15.09.2021 11:58:24 226;1650;0;0;1650;1100;0;100;1000;100;1000;751;739;124;56;113;49;3;50;0;48;0;47;1;1;0;0;0;0;4;1;0;0;0;4;0;0;0;0;0;1;0;0;0;0;0;0;3;0;0;3;0;1;0;0;0;0;0;0;0;0;0;0;0;0;1;0
0.3;05914000;26.09.2021;Bundestagswahl;1031;1031 Adolf- / Sedanstr.;15.09.2021 11:58:24 226;1650;0;0;1650;1100;0;100;1000;100;1000;754;739;124;53;113;51;0;46;1;44;0;49;2;1;0;0;0;0;0;1;0;0;0;3;0;2;0;0;3;0;0;0;0;2;0;0;0;3;0;0;0;0;0;0;0;0;0;0;0;3;0;0;0;3;3;0
0.3;05914000;26.09.2021;Bundestagswahl;1032;1032 Brink- / Altenhagener Str.;15.09.2021 11:58:24 226;1650;0;0;1650;1100;0;100;1000;100;1000;760;732;121;53;107;51;0;51;0;45;1;42;3;0;0;1;0;2;1;2;0;0;0;1;0;3;0;4;3;0;0;4;0;4;0;0;0;2;0;1;0;2;0;0;0;0;0;0;0;0;0;0;0;0;4;0
0.3;05914000;26.09.2021;Bundestagswahl;1033;1033 St.-Josefs-Hospital;15.09.2021 11:58:24 226;1650;0;0;1650;1100;0;100;1000;100;1000;765;724;121;50;108;55;4;50;0;47;0;46;0;0;0;4;0;3;0;0;0;0;0;3;0;0;0;3;0;1;0;0;0;3;0;0;2;1;0;0;0;1;0;0;0;3;0;4;0;0;0;0;0;2;0;0
0.3;05914000;26.09.2021;Bundestagswahl;1034;1034 Kinkelstraße;15.09.2021 11:58:24 226;1650;0;0;1650;1100;0;100;1000;100;1000;753;740;123;49;115;50;4;48;2;50;0;44;1;2;0;0;0;2;0;0;0;0;0;0;0;3;0;2;0;0;0;4;0;0;0;0;0;0;0;0;0;0;0;2;0;3;0;0;0;0;0;1;0;0;2;0
0.3;05914000;26.09.2021;Bundestagswahl;1041;1041 Zur Heide;15.09.2021 11:58:24 226;1650;0;0;1650;1100;0;100;1000;100;1000;767;731;121;51;107;54;1;52;0;45;4;49;0;3;0;0;0;0;0;1;0;3;0;0;0;4;0;0;0;3;0;0;0;0;0;0;0;0;0;0;0;0;0;1;0;0;0;0;0;0;0;0;0;3;0;0
0.3;05914000;26.09.2021;Bundestagswahl;1042;1042 Alexander- / Alleestr.;15.09.2021 11:58:24 226;1650;0;0;1650;1100;0;100;1000;100;1000;749;721;127;55;113;48;0;48;0;48;0;48;4;0;0;0;0;0;4;4;0;3;0;0;0;0;0;0;0;1;0;0;0;0;0;3;0;4;0;3;0;3;0;0;0;1;0;3;0;3;0;4;0;0;3;0
0.3;05914000;26.09.2021;Bundestagswahl;1043;1043 Ginsterheide;15.09.2021 11:58:24 226;1650;0;0;1650;1100;0;100;1000;100;1000;757;724;126;55;109;51;4;49;4;47;0;45;0;0;0;0;0;3;0;0;0;3;0;0;0;0;0;0;0;0;0;0;0;3;0;3;0;0;0;2;0;3;0;0;0;4;0;3;0;2;0;3;0;0;0;0
0.3;05914000;26.09.2021;Bundestagswahl;1044;1044 Polizeipräsidium;15.09.2021 11:58:24 226;1650;0;0;1650;1100;0;100;1000;100;1000;760;739;121;53;110;48;2;49;0;43;4;44;3;0;0;3;0;2;0;0;0;0;0;4;0;2;0;4;0;0;0;0;0;0;0;0;0;1;0;0;0;0;0;3;0;0;0;0;0;2;0;3;0;0;0;0
0.3;05914000;26.09.2021;Bundestagswahl;1051;1051 Höing;15.09.2021 11:58:24 226;1650;0;0;1650;1100;0;100;1000;100;1000;754;753;125;50;115;48;0;49;0;50;4;41;0;0;0;0;0;1;2;0;0;0;0;0;0;0;0;0;0;0;0;0;0;0;0;0;0;0;0;4;0;0;0;3;0;0;0;0;0;0;0;1;0;0;0;0
0.3;05914000;26.09.2021;Bundestagswahl;1052;1052 Fleyer Str.;15.09.2021 11:58:24 226;1650;0;0;1650;1100;0;100;1000;100;1000;758;732;127;49;109;51;0;45;1;49;0;46;3;0;0;0;0;0;0;4;0;0;0;0;0;4;0;4;0;3;0;0;0;3;0;0;0;1;0;3;0;1;0;0;0;0;0;4;0;1;0;0;0;0;2;0
0.3;05914000;26.09.2021;Bundestagswahl;1053;1053 Tondernsiedlung;15.09.2021 11:58:24 226;1650;0;0;1650;1100;0;100;1000;100;1000;766;733;124;51;108;55;0;49;0;48;0;49;0;0;0;0;0;0;0;4;0;0;0;1;0;0;0;1;0;0;0;0;0;4;0;1;0;0;0;0;0;0;0;1;0;2;0;0;0;1;0;0;0;0;2;0
0.3;05914000;26.09.2021;Bundestagswahl;1054;1054 Lützowstr.;15.09.2021 11:58:24 226;1650;0;0;1650;1100;0;100;1000;100;1000;753;724;124;53;110;54;3;46;0;49;0;44;4;3;0;0;0;0;2;4;0;0;0;0;0;3;0;4;4;4;0;0;0;0;0;4;0;1;0;0;0;0;0;0;0;0;0;4;0;3;0;0;0;0;0;0
0.3;05914000;26.09.2021;Bundestagswahl;1055;1055 Bredelle;15.09.2021 11:58:24 226;1650;0;0;1650;1100;0;100;1000;100;1000;760;729;121;49;111;53;0;50;2;45;3;48;2;0;0;2;0;0;0;0;0;1;0;2;0;0;0;1;0;2;0;4;0;3;0;0;0;2;0;0;0;2;0;0;0;0;0;4;0;0;0;3;0;0;1;0
0.3;05914000;26.09.2021;Bundestagswahl;1061;1061 Walddorfstr.;15.09.2021 11:58:24 226;1650;0;0;1650;1100;0;100;1000;100;1000;769;723;123;55;107;52;0;51;0;50;0;42;0;0;0;4;0;0;0;0;0;0;0;0;0;0;0;0;0;2;0;4;0;1;0;0;1;0;0;1;0;0;0;0;0;4;0;1;0;3;0;4;0;3;0;0
0.3;05914000;26.09.2021;Bundestagswahl;1062;1062 Ascherothstr.;15.09.2021 11:58:24 226;1650;0;0;1650;1100;0;100;1000;100;1000;758;731;123;49;108;53;0;50;3;43;0;43;0;1;0;0;0;0;4;4;0;0;0;0;0;4;0;3;4;0;0;3;0;2;0;0;0;0;0;2;0;0;0;3;0;4;0;0;0;3;0;1;0;1;0;0
0.3;05914000;26.09.2021;Bundestagswahl;1063;1063 Boloh;15.09.2021 11:58:24 226;1650;0;0;1650;1100;0;100;1000;100;1000;751;728;121;52;115;52;4;50;0;46;0;49;1;0;0;4;0;0;4;0;0;0;0;1;0;4;0;3;2;0;0;0;0;0;0;3;2;0;0;1;0;3;0;0;0;0;0;4;0;0;0;0;0;0;0;0
0.3;05914000;26.09.2021;Bundestagswahl;1064;1064 Haferkamp;15.09.2021 11:58:24 226;1650;0;0;1650;1100;0;100;1000;100;1000;748;731;126;49;113;54;0;47;0;49;2;49;4;1;0;0;0;2;3;0;0;0;0;2;0;3;0;4;0;0;0;0;0;4;0;0;2;4;0;0;0;0;0;0;0;1;0;0;0;0;0;0;0;0;2;0
0.3;05914000;26.09.2021;Bundestagswahl;1065;1065 Fachhochschule;15.09.2021 11:58:24 226;1650;0;0;1650;1100;0;100;1000;100;1000;761;745;120;53;115;52;0;47;1;46;0;42;0;4;0;1;0;0;3;0;0;0;0;0;0;1;0;0;0;1;0;2;0;0;0;1;0;4;0;1;0;0;0;0;0;0;0;0;0;0;0;0;0;0;0;0
0.3;05914000;26.09.2021;Bundestagswahl;1071;1071 Am Waldesrand;15.09.2021 11:58:24 226;1650;0;0;1650;1100;0;100;1000;100;1000;756;726;127;57;111;52;3;52;0;45;0;45;0;0;0;0;0;0;2;3;0;4;0;2;0;1;0;0;1;0;0;0;0;4;0;1;0;2;0;0;0;0;0;0;0;0;0;2;0;0;0;4;0;0;0;0
0.3;05914000;26.09.2021;Bundestagswahl;1072;1072 Alt-Emst;15.09.2021 11:58:24 226;1650;0;0;1650;1100;0;100;1000;100;1000;763;729;122;54;107;53;0;46;1;51;3;42;0;0;0;3;0;0;4;2;0;0;0;1;0;0;0;3;0;0;0;0;0;2;0;0;0;0;0;3;0;0;0;4;0;1;0;0;0;2;0;0;0;4;0;0
0.3;05914000;26.09.2021;Bundestagswahl;1073;1073 Fritz-Steinhoff-Park;15.09.2021 11:58:24 226;1650;0;0;1650;1100;0;100;1000;100;1000;755;758;126;55;114;48;0;46;0;44;0;45;2;0;0;0;0;0;0;3;0;0;0;0;0;0;0;0;0;0;0;0;0;0;0;0;3;1;0;0;0;0;0;0;0;0;0;0;0;0;0;0;0;0;0;0
0.3;05914000;26.09.2021;Bundestagswahl;1074;1074 Max-Planck-Str. / Haßley;15.09.2021 11:58:24 226;1650;0;0;1650;1100;0;100;1000;100;1000;751;734;126;52;115;51;0;46;2;47;2;44;4;0;0;0;0;0;0;0;0;0;0;0;0;4;0;0;0;0;0;4;0;4;0;4;0;0;0;1;0;1;0;0;0;1;0;2;0;0;0;1;0;4;0;0
0.3;05914000;26.09.2021;Bundestagswahl;1075;1075 Bissingheim;15.09.2021 11:58:24 226;1650;0;0;1650;1100;0;100;1000;100;1000;758;745;126;53;109;50;0;47;0;43;0;47;0;4;0;0;0;3;3;0;0;0;0;0;0;0;0;0;0;0;0;0;0;0;0;0;4;0;0;0;0;0;0;3;0;0;0;1;0;0;0;0;0;4;0;0
0.3;05914000;26.09.2021;Bundestagswahl;1081;1081 Haldener Str.;15.09.2021 11:58:24 226;1650;0;0;1650;1100;0;100;1000;100;1000;759;739;125;50;112;49;0;48;0;48;0;43;0;0;0;3;0;1;0;2;0;2;0;0;0;0;0;2;4;4;0;4;0;0;0;0;0;3;0;0;0;2;0;0;0;0;0;0;0;0;0;0;0;0;0;0
0.3;05914000;26.09.2021;Bundestagswahl;1082;1082 Rembergstr.;15.09.2021 11:58:24 226;1650;0;0;1650;1100;0;100;1000;100;1000;756;732;120;51;114;52;0;53;4;49;0;45;0;2;0;0;0;3;0;0;0;2;0;3;0;1;0;0;0;0;0;0;0;0;0;2;3;0;0;0;0;0;0;0;0;1;0;0;0;3;0;1;0;0;3;0
0.3;05914000;26.09.2021;Bundestagswahl;1083;1083 Eickertstr.;15.09.2021 11:58:24 226;1650;0;0;1650;1100;0;100;1000;100;1000;756;736;121;56;110;48;0;45;4;44;1;47;0;1;0;1;0;4;0;4;0;0;0;2;0;0;0;0;1;1;0;2;0;1;0;4;3;1;0;0;0;0;0;0;0;0;0;0;0;0;0;0;0;3;4;0
0.3;05914000;26.09.2021;Bundestagswahl;1084;1084 Bülowstr.;15.09.2021 11:58:24 226;1650;0;0;1650;1100;0;100;1000;100;1000;761;741;120;55;108;52;3;46;4;48;0;43;2;3;0;0;0;0;0;0;0;0;0;3;0;0;0;0;1;0;0;3;0;0;0;0;0;0;0;1;0;1;0;0;0;4;0;0;0;0;0;0;0;0;1;0
0.3;05914000;26.09.2021;Bundestagswahl;1085;1085 Eppenhauser Str.;15.09.2021 11:58:24 226;1650;0;0;1650;1100;0;100;1000;100;1000;760;732;123;57;114;51;0;51;0;44;0;43;0;0;0;0;0;0;3;0;0;0;0;3;0;0;0;0;0;0;0;3;0;4;0;2;0;0;0;0;0;0;0;0;0;0;0;4;0;3;0;0;0;3;0;0
0.3;05914000;26.09.2021;Bundestagswahl;1091;1091 Minervastr.;15.09.2021 11:58:24 226;1650;0;0;1650;1100;0;100;1000;100;1000;760;737;123;49;112;51;0;48;2;47;0;44;3;4;0;0;0;3;0;0;0;0;0;2;0;4;0;0;0;1;0;0;0;0;0;2;0;0;0;0;0;0;0;4;0;0;0;1;0;3;0;0;0;0;0;0
0.3;05914000;26.09.2021;Bundestagswahl;1092;1092 St.-Michael-Kirche;15.09.2021 11:58:24 226;1650;0;0;1650;1100;0;100;1000;100;1000;762;732;125;54;107;50;3;46;2;49;0;45;0;0;0;1;0;0;0;2;0;1;0;0;0;4;0;0;0;0;0;0;0;2;0;3;0;0;0;0;0;3;0;0;0;0;0;4;0;2;0;2;0;0;1;0
0.3;05914000;26.09.2021;Bundestagswahl;1093;1093 Stadtgarten;15.09.2021 11:58:24 226;1650;0;0;1650;1100;0;100;1000;100;1000;757;728;126;55;108;54;0;45;1;48;1;42;4;0;0;3;0;0;2;0;0;2;0;1;0;3;0;3;1;0;0;3;0;0;0;2;0;4;0;0;0;0;0;0;0;0;0;0;0;4;0;0;0;3;0;0
0.3;05914000;26.09.2021;Bundestagswahl;1094;1094 Sternwarte;15.09.2021 11:58:24 226;1650;0;0;1650;1100;0;100;1000;100;1000;765;737;123;52;109;51;0;49;0;44;0;47;0;0;0;1;0;4;2;0;0;0;0;0;0;0;0;0;1;4;0;0;0;4;0;0;0;3;0;0;0;0;0;0;0;0;0;0;0;1;0;0;0;3;0;0
0.3;05914000;26.09.2021;Bundestagswahl;1101;1101 Cunosiedlung;15.09.2021 11:58:24 226;1650;0;0;1650;1100;0;100;1000;100;1000;756;740;124;56;109;55;0;45;3;43;2;45;0;0;0;0;0;4;0;0;0;0;0;0;0;0;0;0;2;2;0;0;0;0;0;0;0;2;0;0;0;0;0;0;0;4;0;1;0;3;0;0;0;0;4;0
0.3;05914000;26.09.2021;Bundestagswahl;1102;1102 Kuhlerkamp;15.09.2021 11:58:24 226;1650;0;0;1650;1100;0;100;1000;100;1000;749;736;125;54;109;52;4;48;0;45;3;47;2;0;0;0;0;0;2;0;0;2;0;2;0;0;0;2;2;1;0;0;0;0;0;4;0;3;0;0;0;0;0;2;0;1;0;0;0;0;0;0;0;1;4;0
0.3;05914000;26.09.2021;Bundestagswahl;1103;1103 Wehringhauser Str. / Philippshöhe;15.09.2021 11:58:24 226;1650;0;0;1650;1100;0;100;1000;100;1000;753;728;125;56;111;53;0;51;0;50;0;46;3;0;0;0;0;4;3;4;0;0;0;0;0;0;0;3;1;0;0;0;0;3;0;2;4;0;0;0;0;0;0;0;0;0;0;0;0;0;0;0;0;0;0;0
0.3;05914000;26.09.2021;Bundestagswahl;1104;1104 Södingstr.;15.09.2021 11:58:24 226;1650;0;0;1650;1100;0;100;1000;100;1000;761;734;122;52;111;55;0;51;0;48;3;43;0;0;0;2;0;2;0;0;0;3;0;0;0;0;0;0;0;4;0;0;0;0;0;0;3;0;0;0;0;4;0;0;0;0;0;2;0;0;0;0;0;0;0;0
0.3;05914000;26.09.2021;Bundestagswahl;1105;1105 Feuerwache Mitte;15.09.2021 11:58:24 226;1650;0;0;1650;1100;0;100;1000;100;1000;753;726;124;50;114;53;2;53;2;45;0;48;0;2;0;3;0;0;2;0;0;3;0;3;0;0;0;0;0;1;0;1;0;0;0;2;0;0;0;0;0;0;0;0;0;3;0;3;0;4;0;0;0;0;3;0
0.3;05914000;26.09.2021;Bundestagswahl;1106;1106 Wilhelmsplatz;15.09.2021 11:58:24 226;1650;0;0;1650;1100;0;100;1000;100;1000;762;729;123;54;108;52;3;49;0;47;1;42;0;0;0;1;0;0;1;1;0;0;0;0;0;3;0;4;2;0;0;4;0;2;0;0;0;0;0;2;0;0;0;0;0;3;0;2;0;3;0;2;0;0;0;0
0.3;05914000;26.09.2021;Bundestagswahl;2111;2111 Brockhausen;15.09.2021 11:58:24 226;1650;0;0;1650;1100;0;100;1000;100;1000;758;736;122;56;114;51;0;46;0;50;0;48;0;1;0;3;0;2;3;1;0;0;0;0;0;0;0;0;0;0;0;0;0;0;0;2;0;3;0;0;0;0;0;1;0;0;0;0;0;0;0;0;0;0;3;0
0.3;05914000;26.09.2021;Bundestagswahl;2112;2112 Niedernhofstr.;15.09.2021 11:58:24 226;1650;0;0;1650;1100;0;100;1000;100;1000;766;739;121;51;111;52;0;47;0;43;0;47;0;0;0;2;0;0;0;4;0;0;0;0;0;0;0;0;0;3;0;2;0;1;0;0;2;2;0;2;0;0;0;4;0;0;0;0;0;1;0;0;0;0;0;0
0.3;05914000;26.09.2021;Bundestagswahl;2113;2113 Hilgenland;15.09.2021 11:58:24 226;1650;0;0;1650;1100;0;100;1000;100;1000;751;727;126;56;111;54;4;51;2;44;4;43;1;0;0;0;0;0;0;0;0;0;0;4;0;0;0;0;1;0;0;0;0;3;0;4;0;0;0;0;0;4;0;0;0;1;0;1;0;3;0;4;0;1;0;0
0.3;05914000;26.09.2021;Bundestagswahl;2114;2114 Hagener Str.;15.09.2021 11:58:24 226;1650;0;0;1650;1100;0;100;1000;100;1000;763;737;123;53;113;50;0;47;1;47;0;42;0;0;0;0;0;0;0;0;0;3;0;0;0;0;0;3;0;0;0;1;0;2;0;2;0;1;0;0;0;4;0;0;0;0;0;4;0;0;0;2;0;2;0;0
0.3;05914000;26.09.2021;Bundestagswahl;2115;2115 Boele Kirche;15.09.2021 11:58:24 226;1650;0;0;1650;1100;0;100;1000;100;1000;759;727;123;53;112;55;0;49;0;46;3;45;0;0;0;2;0;4;3;0;0;0;0;1;0;1;0;0;0;2;0;2;0;0;0;2;0;0;0;0;0;0;0;3;0;2;0;3;0;0;0;3;0;0;0;0
0.3;05914000;26.09.2021;Bundestagswahl;2116;2116 Allensteiner Str. / Hengstey;15.09.2021 11:58:24 226;1650;0;0;1650;1100;0;100;1000;100;1000;757;742;123;53;110;51;2;51;0;51;0;41;0;0;0;0;0;1;0;0;0;0;0;0;0;1;0;3;1;0;0;0;0;0;0;0;3;0;0;0;0;2;0;0;0;0;0;0;0;1;0;0;0;3;4;0
0.3;05914000;26.09.2021;Bundestagswahl;2121;2121 Fritz-Steinhoff-Schule;15.09.2021 11:58:24 226;1650;0;0;1650;1100;0;100;1000;100;1000;756;732;127;57;107;51;3;45;0;47;0;43;0;0;0;0;0;2;1;0;0;3;0;2;0;0;0;1;3;0;0;1;0;3;0;2;0;0;0;4;0;3;0;0;0;3;0;1;0;0;0;0;0;0;3;0
0.3;05914000;26.09.2021;Bundestagswahl;2122;2122 Borgenfeldstr.;15.09.2021 11:58:24 226;1650;0;0;1650;1100;0;100;1000;100;1000;766;718;122;53;107;53;1;48;0;50;0;47;0;2;0;0;0;2;0;0;0;4;0;0;0;1;0;0;0;0;0;1;0;0;0;1;1;0;0;0;0;4;0;3;0;4;0;3;0;4;0;0;0;2;3;0
0.3;05914000;26.09.2021;Bundestagswahl;2123;2123 Knüwenstr.;15.09.2021 11:58:24 226;1650;0;0;1650;1100;0;100;1000;100;1000;759;739;123;54;112;54;0;47;0;43;4;41;0;3;0;4;0;0;0;0;0;0;0;0;0;3;0;1;1;0;0;2;0;1;0;0;0;0;0;0;0;0;0;0;0;0;0;2;0;2;0;0;0;4;1;0
0.3;05914000;26.09.2021;Bundestagswahl;2124;2124 Steinhausstr.;15.09.2021 11:58:24 226;1650;0;0;1650;1100;0;100;1000;100;1000;760;754;125;50;109;51;2;45;0;51;0;41;0;0;0;0;0;0;0;0;0;0;0;0;0;4;0;1;0;0;0;1;0;2;0;0;1;0;0;0;0;0;0;0;0;0;0;0;0;0;0;0;0;0;3;0
0.3;05914000;26.09.2021;Bundestagswahl;2125;2125 Bathey;15.09.2021 11:58:24 226;1650;0;0;1650;1100;0;100;1000;100;1000;759;739;127;54;111;49;0;47;0;47;0;41;3;2;0;0;0;0;0;2;0;0;0;0;0;0;0;3;0;4;0;0;0;0;0;3;0;3;0;1;0;0;0;0;0;0;0;0;0;0;0;2;0;3;0;0
0.3;05914000;26.09.2021;Bundestagswahl;2126;2126 Garenfeld;15.09.2021 11:58:24 226;1650;0;0;1650;1100;0;100;1000;100;1000;759;730;120;51;115;54;0;49;0;48;0;47;2;0;0;0;0;4;0;1;0;1;0;4;0;0;0;0;0;1;0;0;0;1;0;2;4;0;0;2;0;2;0;1;0;0;0;1;0;1;0;0;0;0;0;0
0.3;05914000;26.09.2021;Bundestagswahl;2131;2131 Helfer Str.;15.09.2021 11:58:24 226;1650;0;0;1650;1100;0;100;1000;100;1000;766;733;120;49;111;54;0;49;1;51;0;44;0;2;0;3;0;0;0;0;0;0;0;0;0;0;0;0;0;4;0;3;0;4;0;0;2;0;0;0;0;4;0;0;0;0;0;0;0;0;0;0;0;0;0;0
0.3;05914000;26.09.2021;Bundestagswahl;2132;2132 AWO-Heim Helfe;15.09.2021 11:58:24 226;1650;0;0;1650;1100;0;100;1000;100;1000;756;724;124;55;113;49;0;49;2;49;0;41;3;4;0;3;0;1;0;0;0;2;0;0;0;0;0;1;0;1;0;3;0;1;0;0;0;3;0;0;0;0;0;4;0;3;0;3;0;0;0;1;0;3;2;0
0.3;05914000;26.09.2021;Bundestagswahl;2133;2133 Louise-Schröder-Str.;15.09.2021 11:58:24 226;1650;0;0;1650;1100;0;100;1000;100;1000;762;732;123;52;112;55;0;45;0;48;0;48;0;0;0;0;0;3;0;0;0;0;0;0;0;0;0;3;0;4;0;0;0;0;0;1;0;0;0;3;0;0;0;0;0;3;0;0;0;1;0;0;0;2;3;0
0.3;05914000;26.09.2021;Bundestagswahl;2134;2134 Fley;15.09.2021 11:58:24 226;1650;0;0;1650;1100;0;100;1000;100;1000;766;723;121;57;111;54;0;52;1;43;1;49;0;1;0;0;0;0;0;1;0;2;0;0;0;2;0;0;0;0;0;0;0;4;0;0;0;4;0;0;0;0;0;0;0;4;0;0;0;0;0;4;0;0;0;0
0.3;05914000;26.09.2021;Bundestagswahl;2135;2135 Buschstr.;15.09.2021 11:58:24 226;1650;0;0;1650;1100;0;100;1000;100;1000;755;729;121;51;113;49;0;52;3;49;0;47;4;4;0;0;0;0;3;2;0;0;0;0;0;0;0;0;1;0;0;1;0;0;0;0;0;4;0;4;0;0;0;3;0;0;0;1;0;0;0;4;0;0;0;0
0.3;05914000;26.09.2021;Bundestagswahl;2136;2136 Pappelstr.;15.09.2021 11:58:24 226;1650;0;0;1650;1100;0;100;1000;100;1000;753;747;126;50;108;50;2;48;3;49;0;43;4;1;0;0;0;3;0;0;0;1;0;0;0;3;0;1;2;0;0;1;0;0;0;0;0;0;0;0;0;0;0;0;0;0;0;0;0;0;0;3;0;0;2;0
0.3;05914000;26.09.2021;Bundestagswahl;2141;2141 Freiligrathstr.;15.09.2021 11:58:24 226;1650;0;0;1650;1100;0;100;1000;100;1000;759;734;120;54;115;49;0;49;2;43;0;41;1;0;0;4;0;0;0;0;0;0;0;0;0;0;0;4;0;0;0;0;0;0;0;1;0;2;0;2;0;2;0;3;0;2;0;3;0;3;0;0;0;4;3;0
0.3;05914000;26.09.2021;Bundestagswahl;2142;2142 Sonntagstr.;15.09.2021 11:58:24 226;1650;0;0;1650;1100;0;100;1000;100;1000;755;743;125;55;115;47;3;46;0;44;0;44;2;3;0;0;0;2;0;1;0;0;0;0;0;0;0;0;0;0;0;0;0;3;0;0;0;4;0;0;0;0;0;0;0;4;0;4;0;0;0;0;0;0;0;0
0.3;05914000;26.09.2021;Bundestagswahl;2143;2143 Wilhelm-Leuschner-Str.;15.09.2021 11:58:24 226;1650;0;0;1650;1100;0;100;1000;100;1000;763;732;123;53;110;55;0;46;2;46;0;45;0;1;0;1;0;3;1;0;0;1;0;1;0;0;0;2;0;0;0;0;0;0;0;0;1;0;0;1;0;1;0;3;0;3;0;4;0;0;0;2;0;0;0;0
0.3;05914000;26.09.2021;Bundestagswahl;2144;2144 Hügelstr.;15.09.2021 11:58:24 226;1650;0;0;1650;1100;0;100;1000;100;1000;758;721;123;49;112;50;0;53;0;48;0;42;0;0;0;4;0;0;3;1;0;4;0;2;0;0;0;4;4;2;0;4;0;3;0;0;0;4;0;0;0;0;0;0;0;1;0;3;0;1;0;0;0;4;0;0
0.3;05914000;26.09.2021;Bundestagswahl;2145;2145 Hamecke;15.09.2021 11:58:24 226;1650;0;0;1650;1100;0;100;1000;100;1000;762;733;120;50;111;55;3;45;0;50;0;47;0;3;0;0;0;0;1;0;0;2;0;0;0;0;0;0;0;2;0;0;0;0;0;0;3;0;0;1;0;4;0;4;0;0;0;4;0;0;0;0;0;0;0;0
0.3;05914000;26.09.2021;Bundestagswahl;2151;2151 Masurenstr. / Aehringhausen / Voßacker;15.09.2021 11:58:24 226;1650;0;0;1650;1100;0;100;1000;100;1000;749;744;127;54;111;52;4;48;2;44;0;46;0;0;0;0;0;0;2;0;0;1;0;0;0;0;0;0;0;3;0;4;0;0;0;0;3;0;0;0;0;0;0;3;0;1;0;0;0;0;0;0;0;0;2;0
0.3;05914000;26.09.2021;Bundestagswahl;2152;2152 Vorhalle-Zentrum;15.09.2021 11:58:24 226;1650;0;0;1650;1100;0;100;1000;100;1000;766;735;121;56;109;53;1;46;0;49;2;41;0;2;0;0;0;0;0;0;0;0;0;0;0;0;0;1;1;2;0;0;0;0;0;2;0;0;0;4;0;0;0;1;0;0;0;0;0;4;0;2;0;2;0;0
0.3;05914000;26.09.2021;Bundestagswahl;2153;2153 Wielandplatz / Becheltestr.;15.09.2021 11:58:24 226;1650;0;0;1650;1100;0;100;1000;100;1000;765;743;121;56;107;48;2;50;0;48;0;41;2;2;0;0;0;0;0;1;0;0;0;0;0;0;0;0;0;0;0;4;0;0;0;1;0;0;0;0;0;4;0;0;0;0;0;0;0;0;0;0;0;2;3;0
0.3;05914000;26.09.2021;Bundestagswahl;2154;2154 Lindenstr. / Funkenhausen;15.09.2021 11:58:24 226;1650;0;0;1650;1100;0;100;1000;100;1000;758;740;126;57;113;54;0;49;0;43;0;44;1;0;0;0;0;0;0;0;0;0;0;0;0;0;0;0;0;3;0;0;0;2;0;3;2;0;0;1;0;0;0;0;0;3;0;0;0;0;0;1;0;0;0;0
0.3;05914000;26.09.2021;Bundestagswahl;3161;3161 Halden;15.09.2021 11:58:24 226;1650;0;0;1650;1100;0;100;1000;100;1000;759;719;123;51;111;52;4;53;0;51;0;47;0;3;0;0;0;1;1;3;0;0;0;0;0;0;0;0;2;0;0;2;0;3;0;0;0;3;0;3;0;4;0;3;0;0;0;0;0;2;0;0;0;0;0;0
0.3;05914000;26.09.2021;Bundestagswahl;3162;3162 Bandstahlstr.;15.09.2021 11:58:24 226;1650;0;0;1650;1100;0;100;1000;100;1000;760;735;121;54;107;53;0;47;1;51;3;41;3;2;0;0;0;0;0;0;0;3;0;0;0;1;0;1;0;0;0;0;0;1;0;4;2;4;0;0;0;0;0;1;0;2;0;0;0;0;0;0;0;0;3;0
0.3;05914000;26.09.2021;Bundestagswahl;3163;3163 Herbeck;15.09.2021 11:58:24 226;1650;0;0;1650;1100;0;100;1000;100;1000;759;725;123;57;113;50;4;52;0;47;1;43;0;0;0;4;0;1;0;4;0;0;0;0;0;0;0;0;0;0;0;4;0;3;0;0;0;4;0;0;0;1;0;0;0;0;0;1;0;0;0;0;0;4;0;0
0.3;05914000;26.09.2021;Bundestagswahl;3164;3164 Berchum;15.09.2021 11:58:24 226;1650;0;0;1650;1100;0;100;1000;100;1000;756;730;125;56;115;55;0;45;2;47;0;48;0;0;0;0;0;1;1;0;0;0;0;2;0;2;0;1;1;3;0;0;0;0;0;0;0;0;0;0;0;1;0;0;0;1;0;4;0;0;0;0;0;4;0;0
0.3;05914000;26.09.2021;Bundestagswahl;3165;3165 Reh / Henkhausen;15.09.2021 11:58:24 226;1650;0;0;1650;1100;0;100;1000;100;1000;755;729;125;53;109;55;0;45;0;49;0;46;4;0;0;0;0;3;1;0;0;0;0;0;0;4;0;0;4;2;0;0;0;2;0;0;2;0;0;4;0;0;0;2;0;2;0;1;0;3;0;0;0;0;0;0
0.3;05914000;26.09.2021;Bundestagswahl;3166;3166 Kirchenberg;15.09.2021 11:58:24 226;1650;0;0;1650;1100;0;100;1000;100;1000;757;729;124;55;115;55;0;49;0;45;0;48;0;0;0;0;0;0;0;0;0;0;0;1;0;0;0;0;0;0;0;0;0;1;0;0;3;3;0;4;0;3;0;3;0;0;0;1;0;0;0;0;0;3;1;0
0.3;05914000;26.09.2021;Bundestagswahl;3171;3171 Im Gersegge;15.09.2021 11:58:24 226;1650;0;0;1650;1100;0;100;1000;100;1000;760;725;125;55;109;55;0;49;0;51;4;42;2;0;0;2;0;0;0;3;0;0;0;3;0;1;0;0;0;0;0;1;0;0;0;4;0;0;0;0;0;1;0;0;0;0;0;4;0;4;0;0;0;0;0;0
0.3;05914000;26.09.2021;Bundestagswahl;3172;3172 Wiesenstr.;15.09.2021 11:58:24 226;1650;0;0;1650;1100;0;100;1000;100;1000;761;733;127;53;111;51;0;52;0;47;0;47;0;0;0;0;0;1;1;0;0;0;0;3;0;2;0;1;0;1;0;2;0;0;0;3;0;2;0;0;0;0;0;0;0;2;0;0;0;0;0;0;0;0;0;0
0.3;05914000;26.09.2021;Bundestagswahl;3173;3173 Im Sibb;15.09.2021 11:58:24 226;1650;0;0;1650;1100;0;100;1000;100;1000;758;731;119;50;112;48;1;47;2;50;1;46;0;4;0;4;0;1;2;0;0;0;0;2;0;1;0;4;0;1;0;0;0;3;0;3;1;0;0;1;0;0;0;2;0;2;0;0;0;0;0;0;0;0;4;0
0.3;05914000;26.09.2021;Bundestagswahl;3174;3174 Auf der Heide;15.09.2021 11:58:24 226;1650;0;0;1650;1100;0;100;1000;100;1000;755;751;124;52;114;49;3;46;0;44;0;41;0;0;0;0;0;1;0;0;0;0;0;0;0;0;0;0;0;0;0;0;0;2;0;0;4;0;0;4;0;1;0;0;0;3;0;4;0;2;0;0;0;0;0;0
0.3;05914000;26.09.2021;Bundestagswahl;3175;3175 Elsey;15.09.2021 11:58:24 226;1650;0;0;1650;1100;0;100;1000;100;1000;768;748;120;57;110;52;0;49;0;44;0;41;2;0;0;3;0;0;0;1;0;0;0;0;0;0;0;0;0;0;0;0;0;0;0;3;0;2;0;0;0;0;0;0;0;0;0;0;0;0;0;0;0;0;0;0
0.3;05914000;26.09.2021;Bundestagswahl;3176;3176 Bezirksverwaltungsstelle Hohenlimburg;15.09.2021 11:58:24 226;1650;0;0;1650;1100;0;100;1000;100;1000;767;735;123;51;107;51;0;51;0;47;0;44;0;0;0;0;0;0;0;0;0;0;0;2;0;1;0;2;0;0;0;4;0;1;0;2;3;0;0;0;0;4;0;0;0;2;0;3;0;0;0;0;0;0;0;0
0.3;05914000;26.09.2021;Bundestagswahl;3181;3181 Oeger Str. / Oege;15.09.2021 11:58:24 226;1650;0;0;1650;1100;0;100;1000;100;1000;759;749;122;52;112;49;0;45;1;44;2;41;1;4;0;0;0;0;1;0;0;0;0;1;0;0;0;0;0;0;0;0;0;0;0;0;2;1;0;0;0;2;0;0;0;0;0;4;0;4;0;4;0;0;0;0
0.3;05914000;26.09.2021;Bundestagswahl;3182;3182 Wilhelmstr.;15.09.2021 11:58:24 226;1650;0;0;1650;1100;0;100;1000;100;1000;755;728;127;50;108;49;0;51;2;49;0;45;0;0;0;0;0;0;4;3;0;0;0;4;0;4;0;0;3;3;0;3;0;0;0;0;0;0;0;0;0;3;0;0;0;0;0;4;0;3;0;1;0;0;1;0
0.3;05914000;26.09.2021;Bundestagswahl;3183;3183 Nahmertal;15.09.2021 11:58:24 226;1650;0;0;1650;1100;0;100;1000;100;1000;762;743;127;57;107;49;0;47;2;45;0;43;0;0;0;0;0;0;0;2;0;2;0;3;0;0;0;0;2;0;0;0;0;0;0;0;0;1;0;0;0;3;0;0;0;0;0;1;0;4;0;0;0;0;0;0
0.3;05914000;26.09.2021;Bundestagswahl;3184;3184 Wesselbach;15.09.2021 11:58:24 226;1650;0;0;1650;1100;0;100;1000;100;1000;764;725;123;56;111;47;1;52;0;51;0;49;0;0;0;1;0;2;0;0;0;0;0;0;0;0;0;0;1;3;0;0;0;0;0;1;0;0;0;0;0;3;0;0;0;2;0;0;0;4;0;4;0;0;0;0
0.3;05914000;26.09.2021;Bundestagswahl;3185;3185 Wesselbachstr.;15.09.2021 11:58:24 226;1650;0;0;1650;1100;0;100;1000;100;1000;748;730;123;56;114;50;3;52;0;47;1;46;3;0;0;0;0;0;4;0;0;3;0;3;0;0;0;4;0;0;0;0;0;1;0;2;1;0;0;1;0;0;0;1;0;0;0;0;0;4;0;0;0;0;3;0
0.3;05914000;26.09.2021;Bundestagswahl;3191;3191 Holthausen;15.09.2021 11:58:24 226;1650;0;0;1650;1100;0;100;1000;100;1000;748;739;126;49;115;55;0;46;0;44;4;42;0;2;0;0;0;0;0;0;0;4;0;4;0;0;0;0;0;1;0;4;0;0;0;0;4;4;0;0;0;0;0;0;0;0;0;0;0;4;0;0;0;2;3;0
0.3;05914000;26.09.2021;Bundestagswahl;3192;3192 Elseyer Kirchplatz / Am Somborn;15.09.2021 11:58:24 226;1650;0;0;1650;1100;0;100;1000;100;1000;753;735;124;54;115;50;1;51;0;47;0;49;3;3;0;0;0;3;0;3;0;0;0;0;0;0;0;0;0;0;0;0;0;0;0;0;0;0;0;2;0;2;0;0;0;0;0;0;0;0;0;0;0;1;4;0
0.3;05914000;26.09.2021;Bundestagswahl;3193;3193 Mozartstr. / Alter Henkhauser Weg;15.09.2021 11:58:24 226;1650;0;0;1650;1100;0;100;1000;100;1000;754;730;126;57;113;55;0;46;0;44;0;48;4;3;0;0;0;2;2;0;0;4;0;0;0;2;0;2;0;0;0;2;0;0;0;0;0;0;0;2;0;0;0;3;0;0;0;0;0;0;0;0;0;0;1;0
0.3;05914000;26.09.2021;Bundestagswahl;3194;3194 Wachtelweg / Am Berge;15.09.2021 11:58:24 226;1650;0;0;1650;1100;0;100;1000;100;1000;767;739;122;56;111;50;0;48;0;44;0;47;0;0;0;0;0;4;0;4;0;0;0;1;0;0;0;1;0;0;0;0;0;0;0;0;0;0;0;4;0;0;0;1;0;0;0;0;0;0;0;0;0;1;0;0
0.3;05914000;26.09.2021;Bundestagswahl;4201;4201 Springe / Tuchmacherstr.;15.09.2021 11:58:24 226;1650;0;0;1650;1100;0;100;1000;100;1000;764;740;121;54;109;54;0;53;0;48;0;41;0;0;0;0;0;0;1;0;0;3;0;1;0;0;0;4;2;0;0;0;0;0;0;1;2;0;0;1;0;0;0;0;0;0;0;0;0;0;0;0;0;0;1;0
0.3;05914000;26.09.2021;Bundestagswahl;4202;4202 Oberhagen;15.09.2021 11:58:24 226;1650;0;0;1650;1100;0;100;1000;100;1000;763;713;119;52;111;55;2;52;0;46;0;49;2;0;0;0;0;4;0;0;0;3;0;0;0;0;0;4;3;0;0;3;0;0;0;0;0;2;0;2;0;1;0;2;0;3;0;2;0;3;0;4;0;0;0;0
0.3;05914000;26.09.2021;Bundestagswahl;4203;4203 Untere Selbecker Str.;15.09.2021 11:58:24 226;1650;0;0;1650;1100;0;100;1000;100;1000;758;744;121;55;115;52;0;49;3;50;0;41;1;0;0;0;0;0;0;0;0;1;0;0;0;0;0;0;2;0;0;3;0;0;0;0;0;0;0;2;0;0;0;3;0;0;0;0;0;0;0;0;0;0;0;0
0.3;05914000;26.09.2021;Bundestagswahl;4204;4204 Hüttenbergstr.;15.09.2021 11:58:24 226;1650;0;0;1650;1100;0;100;1000;100;1000;754;734;124;56;113;49;0;46;1;51;0;43;1;0;0;3;0;1;4;4;0;0;0;0;0;2;0;2;1;0;0;0;0;0;0;0;2;0;0;0;0;0;0;0;0;4;0;0;0;3;0;2;0;0;0;0
0.3;05914000;26.09.2021;Bundestagswahl;4211;4211 Sunderlohstr.;15.09.2021 11:58:24 226;1650;0;0;1650;1100;0;100;1000;100;1000;750;721;123;55;115;52;0;45;3;46;0;49;3;2;0;0;0;4;2;0;0;2;0;0;0;4;0;0;0;1;0;0;0;0;0;4;1;4;0;4;0;3;0;0;0;3;0;1;0;0;0;0;0;0;3;0
0.3;05914000;26.09.2021;Bundestagswahl;4212;4212 Selbecke;15.09.2021 11:58:24 226;1650;0;0;1650;1100;0;100;1000;100;1000;758;742;119;53;114;48;0;47;2;45;0;44;4;2;0;4;0;2;0;0;0;2;0;0;0;0;0;3;3;0;0;0;0;0;0;0;0;4;0;3;0;0;0;0;0;0;0;1;0;0;0;0;0;0;0;0
0.3;05914000;26.09.2021;Bundestagswahl;4213;4213 Gesamtschule Eilpe;15.09.2021 11:58:24 226;1650;0;0;1650;1100;0;100;1000;100;1000;760;734;123;54;115;51;0;45;1;50;0;42;0;4;0;0;0;2;0;0;0;3;0;2;0;1;0;0;1;0;0;0;0;0;0;0;0;2;0;1;0;2;0;0;0;3;0;0;0;0;0;3;0;1;0;0
0.3;05914000;26.09.2021;Bundestagswahl;4214;4214 In der Welle;15.09.2021 11:58:24 226;1650;0;0;1650;1100;0;100;1000;100;1000;759;727;125;53;111;55;0;51;0;45;0;48;0;4;0;3;0;0;0;3;0;1;0;0;0;0;0;1;4;2;0;0;0;0;0;0;0;0;0;0;0;1;0;3;0;0;0;0;0;2;0;1;0;0;1;0
0.3;05914000;26.09.2021;Bundestagswahl;4215;4215 Hohenfor;15.09.2021 11:58:24 226;1650;0;0;1650;1100;0;100;1000;100;1000;771;740;120;50;108;47;0;45;0;43;0;45;0;0;0;3;0;0;0;2;0;0;0;1;0;2;0;0;0;0;0;1;0;0;0;2;1;3;0;2;0;0;0;4;0;4;0;3;0;0;0;3;0;0;0;0
0.3;05914000;26.09.2021;Bundestagswahl;4221;4221 Delstern-Süd;15.09.2021 11:58:24 226;1650;0;0;1650;1100;0;100;1000;100;1000;759;727;124;53;113;51;0;51;0;48;1;48;0;0;0;0;0;4;0;2;0;3;0;1;0;0;0;0;0;0;0;1;0;3;0;0;0;0;0;4;0;0;0;2;0;1;0;0;0;0;0;0;0;1;3;0
0.3;05914000;26.09.2021;Bundestagswahl;4222;4222 Zum Bollwerk / Ambrock;15.09.2021 11:58:24 226;1650;0;0;1650;1100;0;100;1000;100;1000;757;731;122;51;114;54;0;51;4;47;0;45;2;4;0;0;0;0;0;0;0;0;0;0;0;0;0;4;1;0;0;1;0;0;0;0;0;4;0;0;0;0;0;0;0;0;0;3;0;4;0;0;0;1;0;0
0.3;05914000;26.09.2021;Bundestagswahl;4223;4223 Priorei;15.09.2021 11:58:24 226;1650;0;0;1650;1100;0;100;1000;100;1000;749;735;123;53;115;52;0;45;2;47;0;45;3;1;0;2;0;0;4;4;0;0;0;0;0;2;0;0;0;2;0;0;0;0;0;0;1;0;0;1;0;0;0;4;0;1;0;3;0;0;0;1;0;2;3;0
0.3;05914000;26.09.2021;Bundestagswahl;4224;4224 Rummenohl;15.09.2021 11:58:24 226;1650;0;0;1650;1100;0;100;1000;100;1000;755;722;126;54;113;55;0;53;0;50;1;47;1;3;0;0;0;1;0;0;0;2;0;0;0;3;0;0;0;2;0;0;0;2;0;0;4;0;0;1;0;0;0;0;0;0;0;0;0;4;0;0;0;1;0;0
0.3;05914000;26.09.2021;Bundestagswahl;4225;4225 Zum Hohenhof / Sürenhagen;15.09.2021 11:58:24 226;1650;0;0;1650;1100;0;100;1000;100;1000;756;728;123;57;112;51;4;49;0;46;0;44;4;2;0;4;0;0;0;0;0;0;0;4;0;0;0;0;1;0;0;0;0;0;0;0;0;0;0;0;0;3;0;0;0;0;0;4;0;4;0;4;0;0;0;0
0.3;05914000;26.09.2021;Bundestagswahl;5231;5231 Jungfernbruch / Haus Harkorten;15.09.2021 11:58:24 226;1650;0;0;1650;1100;0;100;1000;100;1000;765;718;119;55;109;49;2;51;1;46;0;45;0;4;0;4;0;3;0;0;0;4;0;0;0;0;0;0;0;4;0;0;0;0;0;4;0;0;0;0;0;0;0;0;0;0;0;2;0;3;0;4;0;4;4;0
0.3;05914000;26.09.2021;Bundestagswahl;5232;5232 Büdding;15.09.2021 11:58:24 226;1650;0;0;1650;1100;0;100;1000;100;1000;761;751;126;53;107;50;0;45;0;47;2;41;0;1;0;0;0;0;0;1;0;0;0;0;0;0;0;1;3;0;0;0;0;0;0;0;1;0;0;2;0;1;0;1;0;3;0;0;0;2;0;0;0;1;0;0
0.3;05914000;26.09.2021;Bundestagswahl;5233;5233 Spielbrinkstr.;15.09.2021 11:58:24 226;1650;0;0;1650;1100;0;100;1000;100;1000;763;751;124;52;110;50;1;48;0;46;0;45;0;1;0;0;0;0;0;2;0;0;0;0;0;0;0;0;2;0;0;0;0;0;0;0;0;1;0;0;0;2;0;0;0;0;0;0;0;0;0;0;0;2;0;0
0.3;05914000;26.09.2021;Bundestagswahl;5234;5234 Geweke / Auf dem Gelling;15.09.2021 11:58:24 226;1650;0;0;1650;1100;0;100;1000;100;1000;751;723;127;56;113;54;0;47;3;46;2;48;1;0;0;2;0;1;0;0;0;0;0;0;0;0;0;0;0;2;0;0;0;4;0;4;3;3;0;0;0;0;0;0;0;0;0;3;0;3;0;4;0;0;0;0
0.3;05914000;26.09.2021;Bundestagswahl;5235;5235 Tückingstr.;15.09.2021 11:58:24 226;1650;0;0;1650;1100;0;100;1000;100;1000;765;720;124;54;110;52;0;48;0;48;0;48;0;0;0;0;0;0;0;1;0;3;0;3;0;4;0;0;0;3;0;4;0;1;0;0;0;0;0;3;0;2;0;1;0;0;0;0;0;0;0;3;0;2;1;0
0.3;05914000;26.09.2021;Bundestagswahl;5241;5241 Hüttenplatz;15.09.2021 11:58:24 226;1650;0;0;1650;1100;0;100;1000;100;1000;759;735;123;50;108;51;0;50;0;44;2;48;0;1;0;0;0;0;0;0;0;2;0;0;0;0;0;2;4;3;0;4;0;4;0;0;4;0;0;0;0;0;0;2;0;0;0;1;0;3;0;0;0;0;0;0
0.3;05914000;26.09.2021;Bundestagswahl;5242;5242 Tillmanns- / Kölner Str.;15.09.2021 11:58:24 226;1650;0;0;1650;1100;0;100;1000;100;1000;751;735;127;55;108;52;0;49;0;48;4;47;4;0;0;4;0;0;2;0;0;0;0;1;0;1;0;0;3;0;0;3;0;3;0;0;1;0;0;1;0;0;0;0;0;0;0;0;0;1;0;0;0;0;0;0
0.3;05914000;26.09.2021;Bundestagswahl;5243;5243 Leimstr. / Oedeweg;15.09.2021 11:58:24 226;1650;0;0;1650;1100;0;100;1000;100;1000;760;718;121;54;113;55;0;53;3;51;0;44;0;0;0;3;0;0;0;3;0;3;0;2;0;0;0;0;2;4;0;0;0;4;0;0;1;0;0;0;0;0;0;0;0;4;0;2;0;0;0;0;0;0;0;0
0.3;05914000;26.09.2021;Bundestagswahl;5244;5244 Dickenbruchstr.;15.09.2021 11:58:24 226;1650;0;0;1650;1100;0;100;1000;100;1000;740;720;121;49;115;51;2;45;4;51;3;45;4;3;0;0;0;4;3;3;0;3;0;0;0;4;0;0;4;0;0;3;0;2;0;4;4;2;0;4;0;0;0;3;0;0;0;0;0;2;0;1;0;1;0;0
0.3;05914000;26.09.2021;Bundestagswahl;5251;5251 Steinplatz;15.09.2021 11:58:24 226;1650;0;0;1650;1100;0;100;1000;100;1000;747;728;123;57;115;47;2;50;2;50;0;46;2;0;0;0;0;0;4;4;0;0;0;0;0;3;0;0;1;2;0;0;0;0;0;2;0;3;0;0;0;0;0;2;0;2;0;0;0;0;0;0;0;4;4;0
0.3;05914000;26.09.2021;Bundestagswahl;5252;5252 Am Postkopf;15.09.2021 11:58:24 226;1650;0;0;1650;1100;0;100;1000;100;1000;751;729;119;54;113;53;3;49;4;48;0;49;0;2;0;4;0;0;1;0;0;0;0;1;0;0;0;0;3;0;0;0;0;0;0;0;4;4;0;0;0;0;0;3;0;0;0;0;0;4;0;0;0;0;2;0
0.3;05914000;26.09.2021;Bundestagswahl;5253;5253 Klutert;15.09.2021 11:58:24 226;1650;0;0;1650;1100;0;100;1000;100;1000;761;727;125;50;109;52;3;49;0;45;2;46;0;1;0;0;0;0;0;0;0;4;0;3;0;0;0;2;0;1;0;0;0;4;0;4;0;0;0;4;0;4;0;0;0;0;0;0;0;0;0;4;0;0;0;0
0.3;05914000;26.09.2021;Bundestagswahl;5254;5254 Hestert;15.09.2021 11:58:24 226;1650;0;0;1650;1100;0;100;1000;100;1000;763;727;121;56;111;51;3;51;0;49;0;48;0;4;0;0;0;1;0;1;0;0;0;0;0;0;0;1;0;0;0;0;0;0;0;0;0;0;0;0;0;0;0;4;0;3;0;0;0;0;0;0;0;4;2;0
0.3;05914000;26.09.2021;Bundestagswahl;5255;5255 Kettelbach;15.09.2021 11:58:24 226;1650;0;0;1650;1100;0;100;1000;100;1000;758;724;124;51;115;51;1;53;0;51;0;45;2;0;0;1;0;0;0;0;0;3;0;0;0;0;0;0;0;1;0;3;0;4;0;0;0;1;0;4;0;0;0;2;0;0;0;4;0;0;0;2;0;0;0;0
0.3;05914000;26.09.2021;Bundestagswahl;5256;5256 Am Karweg;15.09.2021 11:58:24 226;1650;0;0;1650;1100;0;100;1000;100;1000;770;735;119;55;111;51;0;48;0;50;0;47;0;1;0;0;0;0;0;0;0;0;0;0;0;0;0;4;0;0;0;0;0;0;0;0;0;0;0;0;0;0;0;1;0;0;0;4;0;0;0;4;0;0;0;0
0.3;05914000;26.09.2021;Bundestagswahl;5261;5261 Baukloh;15.09.2021 11:58:24 226;1650;0;0;1650;1100;0;100;1000;100;1000;757;749;126;55;107;49;3;46;0;45;1;41;0;3;0;0;0;0;0;0;0;0;0;0;0;0;0;0;3;0;0;0;0;0;0;0;1;1;0;2;0;0;0;4;0;2;0;3;0;0;0;0;0;0;2;0
0.3;05914000;26.09.2021;Bundestagswahl;5262;5262 Ähren- / Twittingstr.;15.09.2021 11:58:24 226;1650;0;0;1650;1100;0;100;1000;100;1000;760;737;122;53;111;52;2;52;0;44;0;45;2;0;0;0;0;0;0;0;0;2;0;0;0;2;0;0;0;2;0;4;0;0;0;1;0;2;0;0;0;0;0;0;0;4;0;0;0;0;0;0;0;0;3;0
0.3;05914000;26.09.2021;Bundestagswahl;5263;5263 Grazer Str.;15.09.2021 11:58:24 226;1650;0;0;1650;1100;0;100;1000;100;1000;762;740;121;54;111;49;3;50;0;50;0;44;2;0;0;3;0;0;1;0;0;0;0;0;0;0;0;0;0;4;0;3;0;0;0;1;0;0;0;0;0;0;0;0;0;0;0;0;0;0;0;2;0;0;0;0
0.3;05914000;26.09.2021;Bundestagswahl;5264;5264 Harkortstr.;15.09.2021 11:58:24 226;1650;0;0;1650;1100;0;100;1000;100;1000;753;742;125;50;113;51;0;47;3;48;3;45;0;4;0;0;0;0;0;0;0;0;0;0;0;3;0;0;3;1;0;2;0;0;0;0;0;0;0;0;0;1;0;0;0;0;0;3;0;0;0;0;0;3;0;0
0.3;05914000;26.09.2021;Bundestagswahl;5265;5265 Westerbauer;15.09.2021 11:58:24 226;1650;0;0;1650;1100;0;100;1000;100;1000;755;739;120;51;107;49;3;52;0;45;0;44;4;1;0;2;0;2;2;0;0;0;0;0;0;4;0;4;3;0;0;0;0;3;0;0;3;0;0;0;0;0;0;0;0;0;0;1;0;3;0;0;0;0;3;0
0.3;05914000;26.09.2021;Bundestagswahl;5266;5266 Gabelsbergerstr.;15.09.2021 11:58:24 226;1650;0;0;1650;1100;0;100;1000;100;1000;764;725;125;50;107;49;0;53;0;43;0;42;0;3;0;4;0;2;0;4;0;4;0;2;0;0;0;0;0;4;0;0;0;0;0;2;4;0;0;0;0;0;0;2;0;4;0;1;0;2;0;1;0;3;0;0
0.3;05914000;26.09.2021;Bundestagswahl;8001;Briefwahlbezirk 8001;15.09.2021 11:58:24 226;0;0;0;0;1100;1100;100;1000;100;1000;758;730;120;54;115;49;1;50;0;46;1;45;2;0;0;0;0;0;3;2;0;0;0;0;0;2;0;3;0;2;0;0;0;1;0;3;0;0;0;0;0;0;0;4;0;4;0;2;0;0;0;3;0;0;0;0
0.3;05914000;26.09.2021;Bundestagswahl;8002;Briefwahlbezirk 8002;15.09.2021 11:58:24 226;0;0;0;0;1100;1100;100;1000;100;1000;759;747;123;52;111;51;1;48;2;48;0;45;0;0;0;0;0;0;0;0;0;0;0;0;0;0;0;0;0;1;0;0;0;1;0;0;0;1;0;0;0;0;0;0;0;0;0;0;0;0;0;2;0;4;4;0
0.3;05914000;26.09.2021;Bundestagswahl;8003;Briefwahlbezirk 8003;15.09.2021 11:58:24 226;0;0;0;0;1100;1100;100;1000;100;1000;753;732;122;51;112;52;2;51;3;46;0;41;0;4;0;0;0;0;0;0;0;4;0;4;0;0;0;0;3;2;0;0;0;3;0;2;3;0;0;4;0;4;0;0;0;0;0;0;0;0;0;0;0;0;2;0
0.3;05914000;26.09.2021;Bundestagswahl;8004;Briefwahlbezirk  8004;15.09.2021 11:58:24 226;0;0;0;0;1100;1100;100;1000;100;1000;760;731;121;55;115;52;0;53;0;46;1;49;0;0;0;0;0;1;0;2;0;0;0;4;0;0;0;1;0;0;0;0;0;0;0;2;3;0;0;1;0;0;0;2;0;0;0;1;0;0;0;0;0;0;0;0
0.3;05914000;26.09.2021;Bundestagswahl;8005;Briefwahlbezirk 8005;15.09.2021 11:58:24 226;0;0;0;0;1100;1100;100;1000;100;1000;761;738;126;51;111;52;0;51;0;44;0;46;0;0;0;4;0;0;0;0;0;0;0;0;0;3;0;1;0;4;0;0;0;0;0;0;0;0;0;3;0;0;0;1;0;0;0;2;0;0;0;0;0;0;2;0
0.3;05914000;26.09.2021;Bundestagswahl;8006;Briefwahlbezirk 8006;15.09.2021 11:58:24 226;0;0;0;0;1100;1100;100;1000;100;1000;760;727;119;51;112;51;1;50;0;51;4;49;0;0;0;3;0;0;0;1;0;1;0;0;0;0;0;0;1;0;0;0;0;4;0;0;0;0;0;0;0;3;0;0;0;4;0;1;0;4;0;0;0;0;3;0
0.3;05914000;26.09.2021;Bundestagswahl;8007;Briefwahlbezirk 8007;15.09.2021 11:58:24 226;0;0;0;0;1100;1100;100;1000;100;1000;757;725;125;57;109;51;0;46;3;50;4;49;0;0;0;0;0;0;0;2;0;0;0;2;0;2;0;1;2;0;0;0;0;0;0;0;0;2;0;3;0;2;0;4;0;0;0;4;0;0;0;0;0;0;0;0
0.3;05914000;26.09.2021;Bundestagswahl;8008;Briefwahlbezirk 8008;15.09.2021 11:58:24 226;0;0;0;0;1100;1100;100;1000;100;1000;761;734;124;55;111;50;0;52;0;51;0;46;0;2;0;1;0;3;4;0;0;0;0;0;0;0;0;0;0;0;0;0;0;0;0;0;0;0;0;0;0;0;0;0;0;2;0;4;0;0;0;0;0;0;0;0
0.3;05914000;26.09.2021;Bundestagswahl;8009;Briefwahlbezirk 8009;15.09.2021 11:58:24 226;0;0;0;0;1100;1100;100;1000;100;1000;757;746;124;52;115;48;0;48;1;46;0;45;0;0;0;2;0;0;2;0;0;0;0;0;0;0;0;3;1;0;0;0;0;0;0;0;0;2;0;2;0;0;0;1;0;1;0;2;0;0;0;2;0;0;0;0
0.3;05914000;26.09.2021;Bundestagswahl;8010;Briefwahlbezirk 8010;15.09.2021 11:58:24 226;0;0;0;0;1100;1100;100;1000;100;1000;755;738;123;54;108;49;4;51;0;49;0;41;3;0;0;0;0;0;0;4;0;4;0;0;0;3;0;1;3;0;0;0;0;0;0;0;4;0;0;0;0;0;0;1;0;1;0;0;0;3;0;0;0;1;0;0
0.3;05914000;26.09.2021;Bundestagswahl;8011;Briefwahlbezirk 8011;15.09.2021 11:58:24 226;0;0;0;0;1100;1100;100;1000;100;1000;753;735;121;49;115;48;0;45;2;45;4;45;3;3;0;2;0;3;0;0;0;3;0;2;0;1;0;0;0;0;0;2;0;0;0;1;1;2;0;4;0;2;0;4;0;0;0;4;0;0;0;0;0;0;1;0
0.3;05914000;26.09.2021;Bundestagswahl;8012;Briefwahlbezik 8012;15.09.2021 11:58:24 226;0;0;0;0;1100;1100;100;1000;100;1000;767;751;121;50;108;49;0;47;0;49;0;46;0;0;0;0;0;0;0;3;0;2;0;0;0;1;0;0;3;0;0;1;0;0;0;0;0;0;0;0;0;0;0;0;0;0;0;0;0;0;0;0;0;1;1;0
0.3;05914000;26.09.2021;Bundestagswahl;8013;Briefwahlbezirk 8013;15.09.2021 11:58:24 226;0;0;0;0;1100;1100;100;1000;100;1000;755;744;123;50;113;50;0;51;0;43;4;46;1;0;0;0;0;4;0;2;0;0;0;2;0;0;0;0;3;0;0;0;0;0;0;4;1;0;0;1;0;0;0;2;0;0;0;0;0;1;0;0;0;0;0;0
0.3;05914000;26.09.2021;Bundestagswahl;8014;Briefwahlbezirk 8014;15.09.2021 11:58:24 226;0;0;0;0;1100;1100;100;1000;100;1000;765;732;121;52;110;55;2;48;0;49;0;41;0;0;0;0;0;0;2;2;0;2;0;0;0;0;0;0;0;0;0;0;0;2;0;4;0;4;0;4;0;0;0;0;0;0;0;0;0;4;0;0;0;1;0;0
0.3;05914000;26.09.2021;Bundestagswahl;8015;Briefwahlbezirk 8015;15.09.2021 11:58:24 226;0;0;0;0;1100;1100;100;1000;100;1000;763;748;125;50;107;48;0;47;3;44;0;44;2;0;0;0;0;3;0;0;0;3;0;1;0;1;0;3;0;0;0;0;0;3;0;0;0;0;0;0;0;0;0;0;0;0;0;0;0;0;0;4;0;1;0;0
0.3;05914000;26.09.2021;Bundestagswahl;8016;Briefwahlbezirk 8016;15.09.2021 11:58:24 226;0;0;0;0;1100;1100;100;1000;100;1000;761;738;126;53;108;47;0;48;1;50;0;43;1;3;0;3;0;0;0;0;0;0;0;0;0;3;0;3;0;1;0;0;0;0;0;0;3;2;0;2;0;0;0;0;0;3;0;0;0;0;0;1;0;0;0;0
0.3;05914000;26.09.2021;Bundestagswahl;8017;Briefwahlbezirk 8017;15.09.2021 11:58:24 226;0;0;0;0;1100;1100;100;1000;100;1000;768;741;122;53;110;48;0;49;0;51;0;41;0;0;0;0;0;2;0;4;0;0;0;1;0;4;0;0;0;0;0;3;0;0;0;0;0;0;0;0;0;2;0;0;0;0;0;0;0;0;0;0;0;1;0;0
0.3;05914000;26.09.2021;Bundestagswahl;8018;Briefwahlbezirk 8018;15.09.2021 11:58:24 226;0;0;0;0;1100;1100;100;1000;100;1000;761;748;126;51;108;52;2;47;1;50;2;42;0;0;0;0;0;0;0;0;0;3;0;3;0;0;0;0;0;2;0;0;0;0;0;0;0;1;0;0;0;0;0;1;0;0;0;0;0;0;0;0;0;0;0;0
0.3;05914000;26.09.2021;Bundestagswahl;8019;Briefwahlbezirk 8019;15.09.2021 11:58:24 226;0;0;0;0;1100;1100;100;1000;100;1000;752;750;127;49;108;51;3;49;0;47;0;45;3;0;0;0;0;0;0;0;0;1;0;0;0;3;0;0;4;0;0;1;0;0;0;0;0;1;0;0;0;0;0;2;0;0;0;1;0;0;0;0;0;0;3;0
0.3;05914000;26.09.2021;Bundestagswahl;8020;Briefwahlbezirk 8020;15.09.2021 11:58:24 226;0;0;0;0;1100;1100;100;1000;100;1000;755;736;127;53;109;52;2;49;0;48;4;44;0;0;0;3;0;2;1;1;0;2;0;0;0;1;0;0;0;0;0;0;0;0;0;0;2;4;0;0;0;0;0;0;0;0;0;3;0;0;0;2;0;0;0;0
0.3;05914000;26.09.2021;Bundestagswahl;8021;Briefwahlbezirk 8021;15.09.2021 11:58:24 226;0;0;0;0;1100;1100;100;1000;100;1000;752;740;123;56;113;50;2;50;0;49;3;43;0;1;0;0;0;2;1;0;0;0;0;4;0;0;0;0;4;0;0;0;0;1;0;0;1;0;0;0;0;0;0;4;0;0;0;0;0;0;0;0;0;0;1;0
0.3;05914000;26.09.2021;Bundestagswahl;8022;Briefwahlbezirk 8022;15.09.2021 11:58:24 226;0;0;0;0;1100;1100;100;1000;100;1000;757;732;122;56;112;49;2;47;2;46;2;45;0;2;0;0;0;0;0;1;0;3;0;2;0;1;0;0;0;0;0;4;0;2;0;0;3;0;0;0;0;0;0;0;0;2;0;4;0;3;0;1;0;0;0;0
0.3;05914000;26.09.2021;Bundestagswahl;8023;Briefwahlbezirk 8023;15.09.2021 11:58:24 226;0;0;0;0;1100;1100;100;1000;100;1000;763;722;120;54;108;53;0;51;0;43;0;48;3;4;0;0;0;3;2;1;0;0;0;2;0;4;0;0;1;0;0;4;0;0;0;1;3;0;0;2;0;4;0;0;0;0;0;4;0;0;0;0;0;0;0;0
0.3;05914000;26.09.2021;Bundestagswahl;8024;Briefwahlbezirk 8024;15.09.2021 11:58:24 226;0;0;0;0;1100;1100;100;1000;100;1000;758;735;119;49;111;55;0;53;0;47;0;43;4;3;0;2;0;0;1;0;0;0;0;0;0;0;0;0;0;0;0;3;0;0;0;2;4;0;0;0;0;2;0;0;0;0;0;2;0;0;0;4;0;0;3;0
0.3;05914000;26.09.2021;Bundestagswahl;8025;Briefwahlbezirk 8025;15.09.2021 11:58:24 226;0;0;0;0;1100;1100;100;1000;100;1000;759;737;127;53;107;52;0;51;3;44;0;44;1;0;0;0;0;0;1;0;0;4;0;0;0;0;0;0;1;3;0;0;0;1;0;0;0;0;0;4;0;0;0;0;0;0;0;0;0;3;0;0;0;4;1;0
0.3;05914000;26.09.2021;Bundestagswahl;8026;Briefwahlbezirk 8026;15.09.2021 11:58:24 226;0;0;0;0;1100;1100;100;1000;100;1000;758;734;120;53;115;48;0;53;0;47;1;45;0;1;0;2;0;0;2;4;0;0;0;0;0;0;0;0;0;0;0;0;0;0;0;3;3;2;0;0;0;4;0;0;0;0;0;3;0;0;0;1;0;0;1;0
0.3;05914000;26.09.2021;Bundestagswahl;8027;Briefwahlbezirk 8027;15.09.2021 11:58:24 226;0;0;0;0;1100;1100;100;1000;100;1000;756;729;126;55;112;50;0;46;0;50;2;48;0;2;0;0;0;0;0;0;0;0;0;2;0;1;0;2;2;0;0;0;0;0;0;0;1;3;0;2;0;0;0;1;0;4;0;0;0;2;0;0;0;3;1;0
0.3;05914000;26.09.2021;Bundestagswahl;8028;Briefwahlbezirk 8028;15.09.2021 11:58:24 226;0;0;0;0;1100;1100;100;1000;100;1000;758;728;123;53;107;52;4;46;0;50;0;47;0;0;0;4;0;0;0;4;0;0;0;0;0;0;0;0;0;3;0;0;0;4;0;2;4;0;0;4;0;0;0;0;0;0;0;0;0;1;0;0;0;2;4;0
0.3;05914000;26.09.2021;Bundestagswahl;8029;Briefwahlbezirk 8029;15.09.2021 11:58:24 226;0;0;0;0;1100;1100;100;1000;100;1000;757;746;122;53;110;48;2;49;4;47;0;42;0;0;0;0;0;3;2;1;0;0;0;0;0;0;0;0;0;0;0;0;0;0;0;0;3;1;0;0;0;4;0;1;0;0;0;0;0;0;0;2;0;3;0;0
0.3;05914000;26.09.2021;Bundestagswahl;8030;Briefwahlbezirk 8030;15.09.2021 11:58:24 226;0;0;0;0;1100;1100;100;1000;100;1000;765;721;119;56;111;52;0;48;0;44;0;47;0;0;0;0;0;4;1;2;0;2;0;0;0;0;0;0;0;0;0;4;0;1;0;0;0;3;0;0;0;0;0;4;0;2;0;4;0;4;0;0;0;2;4;0
0.3;05914000;26.09.2021;Bundestagswahl;8031;Briefwahlbezirk 8031;15.09.2021 11:58:24 226;0;0;0;0;1100;1100;100;1000;100;1000;759;727;123;52;111;53;1;45;2;47;0;47;0;0;0;0;0;4;0;0;0;0;0;3;0;0;0;0;0;1;0;0;0;2;0;3;3;2;0;2;0;3;0;0;0;0;0;4;0;1;0;0;0;4;1;0
0.3;05914000;26.09.2021;Bundestagswahl;8032;Briefwahlbezirk 8032;15.09.2021 11:58:24 226;0;0;0;0;1100;1100;100;1000;100;1000;758;742;121;49;109;53;3;51;3;43;3;43;0;0;0;2;0;3;0;0;0;3;0;4;0;0;0;2;0;1;0;0;0;3;0;0;3;0;0;0;0;0;0;0;0;0;0;0;0;0;0;0;0;1;0;0
0.3;05914000;26.09.2021;Bundestagswahl;8033;Briefwahlbezirk 8033;15.09.2021 11:58:24 226;0;0;0;0;1100;1100;100;1000;100;1000;758;742;123;53;107;49;2;52;2;51;3;45;2;4;0;0;0;0;0;0;0;3;0;0;0;0;0;0;0;0;0;0;0;0;0;0;0;0;0;0;0;0;0;0;0;1;0;0;0;0;0;0;0;0;3;0
0.3;05914000;26.09.2021;Bundestagswahl;8034;Briefwahlbezirk 8034;15.09.2021 11:58:24 226;0;0;0;0;1100;1100;100;1000;100;1000;752;733;127;51;112;51;1;48;3;47;0;49;1;0;0;2;0;0;0;0;0;0;0;2;0;0;0;3;4;0;0;0;0;0;0;1;0;0;0;4;0;0;0;0;0;0;0;3;0;3;0;3;0;0;0;0
0.3;05914000;26.09.2021;Bundestagswahl;8035;Briefwahlbezirk 8035;15.09.2021 11:58:24 226;0;0;0;0;1100;1100;100;1000;100;1000;753;734;124;53;111;55;0;49;4;47;0;45;0;2;0;0;0;0;0;0;0;0;0;0;0;0;0;0;3;0;0;0;0;0;0;4;1;1;0;3;0;0;0;1;0;0;0;1;0;3;0;0;0;2;4;0
0.3;05914000;26.09.2021;Bundestagswahl;8036;Briefwahlbezirk 8036;15.09.2021 11:58:24 226;0;0;0;0;1100;1100;100;1000;100;1000;758;729;125;57;115;55;0;52;2;50;0;42;0;0;0;0;0;0;0;0;0;0;0;2;0;0;0;0;0;0;0;0;0;4;0;4;0;0;0;0;0;0;0;1;0;0;0;0;0;4;0;0;0;0;0;0
0.3;05914000;26.09.2021;Bundestagswahl;8037;Briefwahlbezirk 8037;15.09.2021 11:58:24 226;0;0;0;0;1100;1100;100;1000;100;1000;762;719;120;57;108;47;2;51;4;49;0;45;0;0;0;0;0;0;0;0;0;4;0;2;0;4;0;0;0;0;0;3;0;2;0;3;2;0;0;4;0;0;0;0;0;4;0;0;0;3;0;0;0;3;2;0
0.3;05914000;26.09.2021;Bundestagswahl;8038;Briefwahlbezirk 8038;15.09.2021 11:58:24 226;0;0;0;0;1100;1100;100;1000;100;1000;753;731;125;53;107;55;3;47;1;47;1;42;3;3;0;0;0;0;4;1;0;0;0;4;0;0;0;0;0;0;0;4;0;1;0;0;0;0;0;4;0;0;0;2;0;0;0;0;0;3;0;0;0;3;3;0
0.3;05914000;26.09.2021;Bundestagswahl;8039;Briefwahlbezirk 8039;15.09.2021 11:58:24 226;0;0;0;0;1100;1100;100;1000;100;1000;751;736;123;53;114;49;4;52;0;47;3;41;0;0;0;0;0;1;3;0;0;0;0;3;0;0;0;3;0;1;0;0;0;1;0;3;0;1;0;4;0;0;0;1;0;0;0;1;0;0;0;0;0;3;2;0
0.3;05914000;26.09.2021;Bundestagswahl;8040;Briefwahlbezirk 8040;15.09.2021 11:58:24 226;0;0;0;0;1100;1100;100;1000;100;1000;756;723;125;57;110;51;0;46;0;47;0;47;4;2;0;1;0;3;0;0;0;0;0;0;0;0;0;0;4;2;0;4;0;0;0;1;0;1;0;4;0;0;0;0;0;3;0;0;0;4;0;4;0;0;1;0
