version;wahl-behoerde-gs;wahl-datum;wahl-name;bezirk-nr;bezirk-name;zeitstempel-erfassung;A1;A2;A3;A;B;B1;C;D;D1;D2;D3;D4;D5;D6;D7;D8;D9;D10;D11;D12;D13;D14;D15
0.3;08212000;14.03.2021;Landtagswahl BW 2021;00121;001-21 Hans-Thoma-Schule;;2226;1591;0;3817;662;11;2;660;225;70;45;75;71;72;6;28;5;4;5;16;9;5;24
0.3;08212000;14.03.2021;Landtagswahl BW 2021;00221;002-21 Ständehaus;;1740;1718;0;3458;660;10;2;658;246;81;40;72;69;70;2;20;5;7;16;11;19;;
0.3;08212000;14.03.2021;Landtagswahl BW 2021;00222;002-22 Leopoldschule;;847;694;0;1541;380;12;1;379;130;29;19;42;37;38;2;19;8;9;17;2;27;;
0.3;08212000;14.03.2021;Landtagswahl BW 2021;00223;002-23 Leopoldschule;;756;668;0;1424;272;5;2;270;112;37;13;20;19;29;4;6;1;4;9;3;13;;
0.3;08212000;14.03.2021;Landtagswahl BW 2021;00321;003-21 Friedrich-List-Schule;;1097;1429;0;2526;466;10;0;466;168;49;44;59;74;25;2;11;8;0;5;7;0;7;7
0.3;08212000;14.03.2021;Landtagswahl BW 2021;00322;003-22 Nebeniusschule;;1526;972;0;2498;599;12;5;594;220;48;42;66;38;84;5;21;4;4;12;19;4;7;20
0.3;08212000;14.03.2021;Landtagswahl BW 2021;00323;003-23 Nebeniusschule;;1728;1146;0;2874;558;15;2;556;199;60;36;58;52;83;6;12;10;3;10;14;0;4;9
0.3;08212000;14.03.2021;Landtagswahl BW 2021;00324;003-24 Uhlandschule;;1335;1327;0;2662;503;12;4;499;166;49;47;60;42;54;4;26;2;3;7;14;2;7;16
0.3;08212000;14.03.2021;Landtagswahl BW 2021;00325;003-25 Uhlandschule;;1303;1039;0;2342;501;9;7;494;189;18;32;44;36;94;1;19;7;0;8;16;4;3;23
0.3;08212000;14.03.2021;Landtagswahl BW 2021;00421;004-21 Goethe-Gymnasium;;1141;1197;0;2338;415;4;2;413;161;43;33;64;22;38;3;9;5;9;11;6;9;;
0.3;08212000;14.03.2021;Landtagswahl BW 2021;00422;004-22 Goethe-Gymnasium;;1259;989;0;2248;458;4;0;458;178;45;49;45;32;46;3;12;7;13;8;5;15;;
0.3;08212000;14.03.2021;Landtagswahl BW 2021;00423;004-23 Kimmelmannschule;;1046;1007;0;2053;475;6;4;471;198;70;21;57;46;46;0;8;4;8;9;1;3;;
0.3;08212000;14.03.2021;Landtagswahl BW 2021;00424;004-24 Weinbrennerschule;;1145;1336;0;2481;410;12;2;408;156;46;20;59;30;43;7;7;4;8;19;2;7;;
0.3;08212000;14.03.2021;Landtagswahl BW 2021;00425;004-25 Südendschule;;1028;1168;0;2196;495;7;1;494;204;45;27;66;39;50;4;16;4;7;11;3;18;;
0.3;08212000;14.03.2021;Landtagswahl BW 2021;00426;004-26 Kimmelmannschule;;495;685;0;1180;243;5;1;242;89;23;24;26;17;33;0;6;1;8;7;0;8;;
0.3;08212000;14.03.2021;Landtagswahl BW 2021;00427;004-27 Südendschule;;893;822;0;1715;396;1;2;394;173;33;21;44;35;45;2;7;1;5;10;1;17;;
0.3;08212000;14.03.2021;Landtagswahl BW 2021;00521;005-21 Draisschule;;1062;1267;0;2329;431;9;1;430;145;71;43;46;51;21;3;19;7;8;1;4;11;;
0.3;08212000;14.03.2021;Landtagswahl BW 2021;00522;005-22 Helmholtz-Gymnasium;;1258;903;0;2161;502;7;6;496;183;62;44;58;40;51;3;15;4;12;4;3;17;;
0.3;08212000;14.03.2021;Landtagswahl BW 2021;00523;005-23 Lessing-Gymnasium;;1270;1112;0;2382;566;7;1;565;197;71;42;69;48;67;2;20;8;10;13;6;12;;
0.3;08212000;14.03.2021;Landtagswahl BW 2021;00524;005-24 Lessing-Gymnasium;;772;789;0;1561;365;9;2;363;167;23;17;49;27;33;3;16;3;5;5;3;12;;
0.3;08212000;14.03.2021;Landtagswahl BW 2021;00525;005-25 Weinbrennerschule;;899;834;0;1733;307;4;3;304;121;32;16;51;33;26;0;6;2;4;6;4;3;;
0.3;08212000;14.03.2021;Landtagswahl BW 2021;00526;005-26 Lessing-Gymnasium;;846;827;0;1673;337;9;1;336;112;41;22;55;20;45;0;16;6;5;7;0;7;;
0.3;08212000;14.03.2021;Landtagswahl BW 2021;00527;005-27 Weinbrennerschule;;823;734;0;1557;334;3;3;331;139;30;20;50;38;26;0;6;1;7;5;2;7;;
0.3;08212000;14.03.2021;Landtagswahl BW 2021;00621;006-21 Rennbuckelschule;;1694;1052;0;2746;540;10;5;535;146;110;101;56;48;25;1;15;12;5;6;3;7;;
0.3;08212000;14.03.2021;Landtagswahl BW 2021;00622;006-22 Werner-von-Siemens-Schule;;1605;972;0;2577;507;12;5;502;151;80;66;73;54;31;4;10;5;10;7;4;7;;
0.3;08212000;14.03.2021;Landtagswahl BW 2021;00623;006-23 Werner-von-Siemens-Schule;;1398;957;0;2355;532;5;3;529;157;114;61;65;46;21;5;12;6;21;9;4;8;;
0.3;08212000;14.03.2021;Landtagswahl BW 2021;00721;007-21 Friedrich-List-Schule;;1040;750;0;1790;371;13;1;370;139;24;36;48;24;41;2;13;6;0;11;8;4;5;9
0.3;08212000;14.03.2021;Landtagswahl BW 2021;00722;007-22 Heinrich-Meidinger-Schule;;1507;1348;0;2855;546;14;4;542;173;65;47;62;44;63;2;19;9;0;7;22;7;2;20
0.3;08212000;14.03.2021;Landtagswahl BW 2021;00723;007-23 Lidellschule;;1507;1280;0;2787;534;11;4;530;193;60;46;60;36;60;4;21;6;0;10;13;3;3;15
0.3;08212000;14.03.2021;Landtagswahl BW 2021;00724;007-24 Lidellschule;;916;794;0;1710;314;5;4;310;85;42;34;35;34;35;7;11;3;2;4;4;3;1;10
0.3;08212000;14.03.2021;Landtagswahl BW 2021;00725;007-25 Lidellschule;;1044;1082;0;2126;466;17;0;466;174;43;27;31;40;68;2;30;4;5;5;13;4;2;18
0.3;08212000;14.03.2021;Landtagswahl BW 2021;00726;007-26 Friedrich-List-Schule;;800;1102;0;1902;386;9;3;383;139;27;21;43;25;56;1;13;5;2;5;22;5;3;16
0.3;08212000;14.03.2021;Landtagswahl BW 2021;00821;008-21 Draisschule;;1227;644;0;1871;466;6;2;464;132;84;58;69;33;39;4;12;6;11;5;3;8;;
0.3;08212000;14.03.2021;Landtagswahl BW 2021;00822;008-22 Friedrich-Ebert-Schule;;1764;561;0;2325;398;3;6;392;107;53;67;49;42;28;2;7;5;10;2;7;13;;
0.3;08212000;14.03.2021;Landtagswahl BW 2021;00823;008-23 Vogesenschule;;1234;917;0;2151;373;2;4;369;111;41;45;53;40;32;3;10;7;9;9;4;5;;
0.3;08212000;14.03.2021;Landtagswahl BW 2021;00824;008-24 Vogesenschule;;1463;692;0;2155;402;1;2;400;116;54;44;54;34;47;3;17;10;4;5;3;9;;
0.3;08212000;14.03.2021;Landtagswahl BW 2021;00825;008-25 Draisschule;;1134;902;0;2036;454;8;1;453;191;50;43;59;32;31;2;10;4;9;12;4;6;;
0.3;08212000;14.03.2021;Landtagswahl BW 2021;00921;009-21 Adam-Remmele-Schule;;1688;682;0;2370;496;2;5;491;109;91;120;65;51;14;4;7;14;7;3;2;4;;
0.3;08212000;14.03.2021;Landtagswahl BW 2021;00922;009-22 Adam-Remmele-Schule;;2253;808;0;3061;637;2;11;626;164;102;126;86;53;31;4;11;19;16;2;7;5;;
0.3;08212000;14.03.2021;Landtagswahl BW 2021;00923;009-23 Grundschule Daxlanden;;986;633;0;1619;362;3;1;361;113;47;47;58;31;25;2;17;9;6;0;1;5;;
0.3;08212000;14.03.2021;Landtagswahl BW 2021;00924;009-24 Grundschule Daxlanden;;1021;608;0;1629;391;1;3;388;115;76;50;39;58;17;3;7;6;6;7;0;4;;
0.3;08212000;14.03.2021;Landtagswahl BW 2021;01021;010-21 Grundschule Knielingen;;1262;659;0;1921;445;3;6;439;130;75;65;62;39;35;2;8;9;3;3;2;6;;
0.3;08212000;14.03.2021;Landtagswahl BW 2021;01022;010-22 Viktor-von-Scheffel-Schule;;1708;1102;0;2810;636;4;6;630;185;107;95;96;57;30;3;18;17;6;4;4;8;;
0.3;08212000;14.03.2021;Landtagswahl BW 2021;01023;010-23 Viktor-von-Scheffel-Schule;;1598;1058;0;2656;554;10;1;553;168;92;85;63;76;20;0;19;10;11;3;2;4;;
0.3;08212000;14.03.2021;Landtagswahl BW 2021;01121;011-21 Feuerwehrhaus Grünwinkel;;1286;698;0;1984;470;11;6;464;166;58;52;75;39;32;2;9;11;12;4;0;4;;
0.3;08212000;14.03.2021;Landtagswahl BW 2021;01122;011-22 Gaststätte Siedlerheim;;1256;893;0;2149;534;8;2;532;183;87;84;50;58;28;2;4;12;12;7;2;3;;
0.3;08212000;14.03.2021;Landtagswahl BW 2021;01123;011-23 Grundschule Grünwinkel;;1062;481;0;1543;312;4;5;307;83;48;58;41;30;19;3;6;4;8;4;1;2;;
0.3;08212000;14.03.2021;Landtagswahl BW 2021;01124;011-24 Grundschule Grünwinkel;;1046;631;0;1677;352;1;1;351;85;62;69;55;39;7;3;7;6;13;0;0;5;;
0.3;08212000;14.03.2021;Landtagswahl BW 2021;01221;012-21 Anne-Frank-Schule;;2042;399;0;2441;423;3;4;419;61;79;145;48;38;23;2;9;7;2;1;2;2;;
0.3;08212000;14.03.2021;Landtagswahl BW 2021;01222;012-22 Anne-Frank-Schule;;3110;895;0;4005;716;2;8;708;127;126;220;76;55;49;5;11;15;7;11;1;5;;
0.3;08212000;14.03.2021;Landtagswahl BW 2021;01321;013-21 Grundschule Bulach;;606;456;0;1062;295;5;7;288;113;42;33;30;30;11;2;5;3;1;12;3;0;1;2
0.3;08212000;14.03.2021;Landtagswahl BW 2021;01322;013-22 Grundschule Beiertheim;;894;723;0;1617;433;6;2;431;167;54;32;47;34;46;5;16;4;2;8;5;1;2;8
0.3;08212000;14.03.2021;Landtagswahl BW 2021;01323;013-23 Grundschule Beiertheim;;720;684;0;1404;368;5;0;368;138;53;18;50;40;38;4;5;2;3;5;6;2;0;4
0.3;08212000;14.03.2021;Landtagswahl BW 2021;01324;013-24 Grundschule Bulach;;646;415;0;1061;298;7;6;292;101;36;28;37;24;26;1;10;8;1;13;3;0;1;3
0.3;08212000;14.03.2021;Landtagswahl BW 2021;01421;014-21 Kath. Jugendheim;;1279;1220;0;2499;451;9;6;445;181;69;43;55;30;35;2;5;7;2;2;6;2;2;4
0.3;08212000;14.03.2021;Landtagswahl BW 2021;01422;014-22 Weiherwaldschule;;999;955;0;1954;547;13;4;543;234;64;41;72;43;36;3;14;4;1;7;16;1;2;5
0.3;08212000;14.03.2021;Landtagswahl BW 2021;01521;015-21 Eichelgartenschule;;830;603;0;1433;318;1;6;312;124;31;39;48;17;20;0;6;3;3;5;11;1;2;2
0.3;08212000;14.03.2021;Landtagswahl BW 2021;01522;015-22 Riedschule;;1129;1182;0;2311;509;5;5;504;177;86;48;64;42;32;2;14;6;3;10;17;1;0;2
0.3;08212000;14.03.2021;Landtagswahl BW 2021;01523;015-23 Riedschule;;769;777;0;1546;371;5;3;368;136;56;32;46;39;30;1;6;3;0;1;5;3;3;7
0.3;08212000;14.03.2021;Landtagswahl BW 2021;01524;015-24 Riedschule;;596;923;0;1519;283;13;2;281;86;55;33;23;50;9;0;4;4;1;0;9;1;5;1
0.3;08212000;14.03.2021;Landtagswahl BW 2021;01525;015-25 Eichelgartenschule;;753;597;0;1350;294;2;1;293;111;29;31;39;19;25;0;12;5;5;7;8;0;1;1
0.3;08212000;14.03.2021;Landtagswahl BW 2021;01621;016-21 Otto-Hahn-Gymnasium;;762;556;0;1318;382;2;3;379;127;60;50;48;40;21;0;10;8;1;0;3;2;4;5
0.3;08212000;14.03.2021;Landtagswahl BW 2021;01622;016-22 Eichendorffschule;;1704;1065;0;2769;595;7;6;589;166;89;114;78;51;36;2;16;5;6;9;6;2;3;6
0.3;08212000;14.03.2021;Landtagswahl BW 2021;01623;016-23 Ernst-Reuter-Schule (ehem. Schülerhort);;1587;889;0;2476;505;14;7;498;149;47;107;39;60;32;2;19;10;0;15;7;3;4;4
0.3;08212000;14.03.2021;Landtagswahl BW 2021;01624;016-24 Eichendorffschule;;1092;537;0;1629;382;8;2;380;120;46;72;43;26;35;3;12;4;0;6;5;3;0;5
0.3;08212000;14.03.2021;Landtagswahl BW 2021;01721;017-21 Tulla-Realschule;;1048;1016;0;2064;435;7;1;434;171;53;45;46;38;20;4;17;7;0;10;11;3;2;7
0.3;08212000;14.03.2021;Landtagswahl BW 2021;01722;017-22 Tulla-Realschule;;1543;393;0;1936;335;5;8;327;87;65;68;35;19;16;0;7;7;2;6;4;4;3;4
0.3;08212000;14.03.2021;Landtagswahl BW 2021;01821;018-21 Sozialer Dienst - Bezirksgruppe Ost;;1256;639;0;1895;490;6;4;486;143;69;111;54;34;33;2;8;8;1;8;7;0;4;4
0.3;08212000;14.03.2021;Landtagswahl BW 2021;01822;018-22 Grundschule Hagsfeld;;882;584;0;1466;322;6;1;321;130;59;39;25;20;17;2;10;4;1;4;4;1;1;4
0.3;08212000;14.03.2021;Landtagswahl BW 2021;01823;018-23 Grundschule Hagsfeld;;772;735;0;1507;308;3;0;308;107;63;29;39;20;14;1;9;3;3;7;2;4;4;3
0.3;08212000;14.03.2021;Landtagswahl BW 2021;01921;019-21 Oberwaldschule;;1516;1156;0;2672;525;16;2;523;169;76;78;70;56;27;5;15;8;6;2;2;0;4;5
0.3;08212000;14.03.2021;Landtagswahl BW 2021;01922;019-22 Oberwaldschule;;1974;1063;0;3037;601;9;11;590;170;113;102;63;41;34;5;19;9;1;8;10;2;5;8
0.3;08212000;14.03.2021;Landtagswahl BW 2021;01923;019-23 Friedrich-Realschule;;1291;1151;0;2442;532;3;3;529;201;76;49;62;60;41;1;9;11;2;0;6;3;4;4
0.3;08212000;14.03.2021;Landtagswahl BW 2021;01924;019-24 Grundschule Bergwald;;531;321;0;852;245;7;1;244;58;44;35;35;39;11;2;3;1;2;1;5;1;4;3
0.3;08212000;14.03.2021;Landtagswahl BW 2021;01925;019-25 Karlsburg;;1413;1054;0;2467;541;17;4;537;227;55;39;62;38;58;2;15;9;2;7;8;4;4;7
0.3;08212000;14.03.2021;Landtagswahl BW 2021;01926;019-26 Markgrafen-Gymnasium;;1067;1201;0;2268;502;16;3;499;177;88;43;53;73;25;2;4;4;1;8;6;5;4;6
0.3;08212000;14.03.2021;Landtagswahl BW 2021;01927;019-27 Markgrafen-Gymnasium;;1401;1347;0;2748;554;8;2;552;184;88;55;56;66;25;3;13;8;2;19;11;2;10;10
0.3;08212000;14.03.2021;Landtagswahl BW 2021;01928;019-28 Pestalozzischule;;1486;824;0;2310;520;9;3;517;173;78;66;56;36;57;4;14;4;3;5;5;3;7;6
0.3;08212000;14.03.2021;Landtagswahl BW 2021;01929;019-29 Pestalozzischule;;1377;782;0;2159;456;8;1;455;147;53;86;59;31;34;2;7;10;1;9;5;3;3;5
0.3;08212000;14.03.2021;Landtagswahl BW 2021;02021;020-21 Kita Obere Setz;;929;865;0;1794;436;12;1;435;133;79;43;53;63;24;0;11;7;0;8;8;0;2;4
0.3;08212000;14.03.2021;Landtagswahl BW 2021;02022;020-22 Begegnungsstätte Grötzingen;;1013;830;0;1843;479;9;5;474;164;74;49;66;52;23;3;0;11;4;18;3;0;4;3
0.3;08212000;14.03.2021;Landtagswahl BW 2021;02023;020-23 Augustenburgschule;;1498;1478;0;2976;617;14;2;615;205;93;84;65;69;35;3;9;13;7;16;7;2;4;3
0.3;08212000;14.03.2021;Landtagswahl BW 2021;02121;021-21 Gemeindezentrum Stupferich;;1078;1095;0;2173;414;13;4;410;135;98;47;39;48;3;2;9;15;1;8;2;1;0;2
0.3;08212000;14.03.2021;Landtagswahl BW 2021;02221;022-21 Lustgartenhalle Hohenwettersbach;;448;550;0;998;259;10;2;257;109;37;25;27;31;10;1;1;4;1;3;3;1;3;1
0.3;08212000;14.03.2021;Landtagswahl BW 2021;02222;022-22 Lustgartenhalle Hohenwettersbach;;578;617;0;1195;302;7;2;300;88;60;44;26;46;14;0;4;6;0;9;0;1;0;2
0.3;08212000;14.03.2021;Landtagswahl BW 2021;02321;023-21 Hermann-Ringwald-Halle;;643;528;0;1171;288;7;0;288;75;35;26;104;15;11;2;3;4;3;3;2;1;3;1
0.3;08212000;14.03.2021;Landtagswahl BW 2021;02322;023-22 Hermann-Ringwald-Halle;;609;534;0;1143;257;10;3;254;63;45;37;59;22;10;0;3;4;0;1;5;1;3;1
0.3;08212000;14.03.2021;Landtagswahl BW 2021;02421;024-21 Heinz-Barth-Schule;;713;748;0;1461;389;5;4;385;112;73;44;46;59;12;1;11;12;0;8;2;0;2;3
0.3;08212000;14.03.2021;Landtagswahl BW 2021;02422;024-22 Kita Dorfwies;;815;770;0;1585;381;8;2;379;101;84;52;49;51;14;2;4;3;1;8;2;3;2;3
0.3;08212000;14.03.2021;Landtagswahl BW 2021;02521;025-21 Städt. Kindertagesstätte;;775;649;0;1424;411;3;1;410;135;66;64;53;53;12;6;3;4;0;5;3;1;1;4
0.3;08212000;14.03.2021;Landtagswahl BW 2021;02621;026-21 Kindergarten Neureut-Heide;;930;990;0;1920;426;7;3;423;142;64;42;53;38;38;1;9;6;17;7;3;3;;
0.3;08212000;14.03.2021;Landtagswahl BW 2021;02622;026-22 Rathaus Neureut;;1254;912;0;2166;374;3;2;372;90;64;85;44;34;26;1;8;5;4;2;4;5;;
0.3;08212000;14.03.2021;Landtagswahl BW 2021;02623;026-23 Nordschule Neureut;;1235;994;0;2229;457;3;0;457;123;96;75;66;39;29;3;5;8;7;4;0;2;;
0.3;08212000;14.03.2021;Landtagswahl BW 2021;02624;026-24 Schulzentrum Neureut;;1252;623;0;1875;366;3;3;363;91;84;59;53;33;16;2;8;7;5;2;1;2;;
0.3;08212000;14.03.2021;Landtagswahl BW 2021;02625;026-25 Südschule-Neureut;;1210;802;0;2012;421;12;2;419;102;85;73;48;50;19;4;14;6;6;5;4;3;;
0.3;08212000;14.03.2021;Landtagswahl BW 2021;02626;026-26 Waldschule Neureut;;873;833;0;1706;350;7;1;349;113;79;48;45;30;9;4;8;3;6;2;1;1;;
0.3;08212000;14.03.2021;Landtagswahl BW 2021;02627;026-27 Waldschule Neureut;;856;656;0;1512;313;4;2;311;101;63;50;34;27;16;2;4;3;3;3;3;2;;
0.3;08212000;14.03.2021;Landtagswahl BW 2021;02721;027-21 Marylandschule;;1532;1056;0;2588;589;13;3;586;189;86;92;53;49;41;2;14;12;19;13;4;12;;
0.3;08212000;14.03.2021;Landtagswahl BW 2021;02722;027-22 Marylandschule;;861;743;0;1604;325;1;3;322;104;44;43;55;16;24;0;8;4;9;6;0;9;;
0.3;08212000;14.03.2021;Landtagswahl BW 2021;02723;027-23 Marylandschule;;1366;758;0;2124;417;3;3;414;125;39;59;49;30;62;1;7;15;19;3;2;3;;
0.3;08212000;14.03.2021;Landtagswahl BW 2021;03001;030-01 Briefwahlauszählung;;0;0;0;0;735;735;2;733;302;84;24;72;63;81;4;20;7;1;4;24;8;4;35
0.3;08212000;14.03.2021;Landtagswahl BW 2021;03002;030-02 Briefwahlauszählung;;0;0;0;0;737;737;2;735;300;117;19;78;51;65;3;26;15;0;1;22;8;1;29
0.3;08212000;14.03.2021;Landtagswahl BW 2021;03003;030-03 Briefwahlauszählung;;0;0;0;0;777;777;1;776;338;65;18;83;41;100;2;31;16;5;7;25;4;4;37
0.3;08212000;14.03.2021;Landtagswahl BW 2021;03004;030-04 Briefwahlauszählung;;0;0;0;0;807;807;2;805;362;136;21;62;66;74;4;18;3;3;0;18;5;1;32
0.3;08212000;14.03.2021;Landtagswahl BW 2021;03005;030-05 Briefwahlauszählung;;0;0;0;0;777;777;0;777;347;140;23;70;89;34;2;14;10;0;6;16;3;0;23
0.3;08212000;14.03.2021;Landtagswahl BW 2021;03006;030-06 Briefwahlauszählung;;0;0;0;0;713;713;3;710;310;93;24;61;49;83;8;19;5;2;6;15;3;2;30
0.3;08212000;14.03.2021;Landtagswahl BW 2021;03007;030-07 Briefwahlauszählung;;0;0;0;0;849;849;1;848;405;88;18;90;45;92;7;22;7;4;2;29;7;3;29
0.3;08212000;14.03.2021;Landtagswahl BW 2021;03008;030-08 Briefwahlauszählung;;0;0;0;0;863;863;0;863;429;84;26;79;45;115;0;19;14;0;0;10;6;1;35
0.3;08212000;14.03.2021;Landtagswahl BW 2021;03009;030-09 Briefwahlauszählung;;0;0;0;0;754;754;1;753;356;90;24;72;43;78;5;25;6;1;3;25;1;1;23
0.3;08212000;14.03.2021;Landtagswahl BW 2021;03010;030-10 Briefwahlauszählung;;0;0;0;0;787;787;0;787;354;86;13;79;49;100;1;26;12;1;5;30;6;2;23
0.3;08212000;14.03.2021;Landtagswahl BW 2021;03011;030-11 Briefwahlauszählung;;0;0;0;0;853;853;3;850;393;98;46;79;54;74;4;28;8;1;6;19;11;0;29
0.3;08212000;14.03.2021;Landtagswahl BW 2021;03012;030-12 Briefwahlauszählung;;0;0;0;0;914;914;2;912;407;113;29;99;64;88;7;27;9;1;4;24;5;3;32
0.3;08212000;14.03.2021;Landtagswahl BW 2021;03013;030-13 Briefwahlauszählung;;0;0;0;0;929;929;3;926;406;128;27;98;52;99;6;25;15;5;6;27;8;0;24
0.3;08212000;14.03.2021;Landtagswahl BW 2021;03014;030-14 Briefwahlauszählung;;0;0;0;0;874;874;5;869;380;124;20;112;52;75;2;18;14;3;3;26;7;2;31
0.3;08212000;14.03.2021;Landtagswahl BW 2021;03015;030-15 Briefwahlauszählung;;0;0;0;0;831;831;2;829;391;86;16;75;65;94;2;20;10;6;2;30;4;2;26
0.3;08212000;14.03.2021;Landtagswahl BW 2021;03016;030-16 Briefwahlauszählung;;0;0;0;0;773;773;1;772;348;78;13;59;47;95;5;23;8;2;9;33;6;3;43
0.3;08212000;14.03.2021;Landtagswahl BW 2021;03017;030-17 Briefwahlauszählung;;0;0;0;0;818;818;6;812;369;161;34;87;41;67;1;19;7;0;3;6;1;5;11
0.3;08212000;14.03.2021;Landtagswahl BW 2021;03018;030-18 Briefwahlauszählung;;0;0;0;0;686;686;5;681;328;89;19;78;57;41;4;20;9;2;6;21;2;1;4
0.3;08212000;14.03.2021;Landtagswahl BW 2021;03019;030-19 Briefwahlauszählung;;0;0;0;0;664;664;3;661;316;117;20;66;45;38;3;4;12;0;10;15;4;0;11
0.3;08212000;14.03.2021;Landtagswahl BW 2021;03020;030-20 Briefwahlauszählung;;0;0;0;0;781;781;1;780;342;174;40;86;52;38;2;6;12;3;3;10;0;5;7
0.3;08212000;14.03.2021;Landtagswahl BW 2021;03021;030-21 Briefwahlauszählung;;0;0;0;0;662;662;0;662;321;126;24;69;28;37;7;11;10;1;4;11;5;1;7
0.3;08212000;14.03.2021;Landtagswahl BW 2021;03022;030-22 Briefwahlauszählung;;0;0;0;0;609;609;3;606;253;101;40;84;28;46;4;4;9;3;5;11;4;4;10
0.3;08212000;14.03.2021;Landtagswahl BW 2021;03023;030-23 Briefwahlauszählung;;0;0;0;0;796;796;2;794;374;158;36;93;38;37;2;16;11;2;9;7;2;5;4
0.3;08212000;14.03.2021;Landtagswahl BW 2021;03024;030-24 Briefwahlauszählung;;0;0;0;0;713;713;3;710;289;156;29;90;70;25;3;10;14;0;3;12;1;1;7
0.3;08212000;14.03.2021;Landtagswahl BW 2021;03025;030-25 Briefwahlauszählung;;0;0;0;0;743;743;3;740;336;158;26;86;57;31;3;11;5;1;2;13;1;2;8
0.3;08212000;14.03.2021;Landtagswahl BW 2021;03026;030-26 Briefwahlauszählung;;0;0;0;0;777;777;1;776;332;205;25;53;80;35;2;8;8;7;6;7;2;2;4
0.3;08212000;14.03.2021;Landtagswahl BW 2021;03027;030-27 Briefwahlauszählung;;0;0;0;0;848;848;1;847;355;178;40;112;62;45;6;13;14;1;10;7;0;3;1
0.3;08212000;14.03.2021;Landtagswahl BW 2021;03028;030-28 Briefwahlauszählung;;0;0;0;0;751;751;3;748;316;177;31;68;49;44;1;9;15;3;11;5;4;2;13
0.3;08212000;14.03.2021;Landtagswahl BW 2021;03029;030-29 Briefwahlauszählung;;0;0;0;0;665;665;3;662;249;156;39;71;53;31;2;14;13;1;6;13;6;2;6
0.3;08212000;14.03.2021;Landtagswahl BW 2021;03030;030-30 Briefwahlauszählung;;0;0;0;0;742;742;1;741;298;162;45;68;63;45;6;12;3;3;7;6;6;6;11
0.3;08212000;14.03.2021;Landtagswahl BW 2021;03031;030-31 Briefwahlauszählung;;0;0;0;0;691;691;1;690;278;154;38;59;54;41;3;19;11;2;3;11;2;4;11
0.3;08212000;14.03.2021;Landtagswahl BW 2021;03032;030-32 Briefwahlauszählung;;0;0;0;0;629;629;3;626;298;111;32;58;30;38;3;11;5;4;4;17;4;2;9
0.3;08212000;14.03.2021;Landtagswahl BW 2021;03033;030-33 Briefwahlauszählung;;0;0;0;0;695;695;1;694;272;129;37;77;48;56;5;8;18;3;3;16;2;6;14
0.3;08212000;14.03.2021;Landtagswahl BW 2021;03034;030-34 Briefwahlauszählung;;0;0;0;0;938;938;4;934;318;300;59;91;43;47;3;21;15;2;7;10;3;8;7
0.3;08212000;14.03.2021;Landtagswahl BW 2021;03035;030-35 Briefwahlauszählung;;0;0;0;0;901;901;2;899;350;200;48;99;58;52;5;23;21;6;9;6;2;13;7
0.3;08212000;14.03.2021;Landtagswahl BW 2021;03036;030-36 Briefwahlauszählung;;0;0;0;0;804;804;5;799;278;169;44;125;70;50;3;16;11;3;6;12;3;1;8
0.3;08212000;14.03.2021;Landtagswahl BW 2021;03037;030-37 Briefwahlauszählung;;0;0;0;0;834;834;4;830;365;154;41;102;70;30;4;13;23;1;3;14;0;4;6
0.3;08212000;14.03.2021;Landtagswahl BW 2021;03038;030-38 Briefwahlauszählung;;0;0;0;0;897;897;0;897;385;134;43;118;87;57;1;23;10;9;6;11;1;3;9
0.3;08212000;14.03.2021;Landtagswahl BW 2021;03039;030-39 Briefwahlauszählung;;0;0;0;0;825;825;4;821;360;142;40;116;60;42;6;17;17;1;0;11;3;0;6
0.3;08212000;14.03.2021;Landtagswahl BW 2021;03040;030-40 Briefwahlauszählung;;0;0;0;0;847;847;1;846;341;181;45;103;68;36;6;16;12;3;10;9;0;2;14
0.3;08212000;14.03.2021;Landtagswahl BW 2021;03041;030-41 Briefwahlauszählung;;0;0;0;0;877;877;2;875;358;212;33;99;76;41;4;10;8;5;2;6;2;4;15
0.3;08212000;14.03.2021;Landtagswahl BW 2021;03042;030-42 Briefwahlauszählung;;0;0;0;0;767;767;5;762;279;214;28;69;105;28;4;4;12;1;4;8;1;2;3
0.3;08212000;14.03.2021;Landtagswahl BW 2021;03043;030-43 Briefwahlauszählung;;0;0;0;0;771;771;2;769;263;229;32;70;86;21;1;13;15;4;5;8;4;6;12
0.3;08212000;14.03.2021;Landtagswahl BW 2021;03044;030-44 Briefwahlauszählung;;0;0;0;0;864;864;2;862;309;194;46;122;57;56;5;17;16;1;4;14;4;6;11
0.3;08212000;14.03.2021;Landtagswahl BW 2021;03045;030-45 Briefwahlauszählung;;0;0;0;0;832;832;1;831;345;150;51;120;53;58;0;14;5;1;4;14;4;2;10
0.3;08212000;14.03.2021;Landtagswahl BW 2021;03046;030-46 Briefwahlauszählung;;0;0;0;0;702;702;5;697;278;153;25;109;64;25;0;10;15;0;5;6;3;2;2
0.3;08212000;14.03.2021;Landtagswahl BW 2021;03047;030-47 Briefwahlauszählung;;0;0;0;0;780;780;4;776;328;173;38;104;61;28;5;10;9;2;5;9;1;1;2
0.3;08212000;14.03.2021;Landtagswahl BW 2021;03048;030-48 Briefwahlauszählung;;0;0;0;0;740;740;2;738;280;172;40;100;60;27;4;16;11;0;7;8;5;5;3
0.3;08212000;14.03.2021;Landtagswahl BW 2021;03049;030-49 Briefwahlauszählung;;0;0;0;0;744;744;1;743;273;156;33;127;63;33;5;12;15;1;5;9;2;5;4
0.3;08212000;14.03.2021;Landtagswahl BW 2021;03050;030-50 Briefwahlauszählung;;0;0;0;0;1044;1044;7;1037;388;362;40;84;88;12;3;9;25;2;2;5;8;5;4
0.3;08212000;14.03.2021;Landtagswahl BW 2021;03051;030-51 Briefwahlauszählung;;0;0;0;0;544;544;0;544;251;112;21;76;37;21;1;1;4;2;6;6;2;3;1
0.3;08212000;14.03.2021;Landtagswahl BW 2021;03052;030-52 Briefwahlauszählung;;0;0;0;0;562;562;0;562;208;152;25;88;56;9;1;6;4;2;3;5;0;1;2
0.3;08212000;14.03.2021;Landtagswahl BW 2021;03053;030-53 Briefwahlauszählung;;0;0;0;0;975;975;3;972;269;192;50;304;78;26;6;13;9;0;4;8;1;2;10
0.3;08212000;14.03.2021;Landtagswahl BW 2021;03054;030-54 Briefwahlauszählung;;0;0;0;0;705;705;4;701;249;191;47;98;58;13;4;7;11;2;3;4;5;1;8
0.3;08212000;14.03.2021;Landtagswahl BW 2021;03055;030-55 Briefwahlauszählung;;0;0;0;0;715;715;3;712;235;182;54;105;64;31;5;6;15;1;5;2;1;1;5
0.3;08212000;14.03.2021;Landtagswahl BW 2021;03056;030-56 Briefwahlauszählung;;0;0;0;0;629;629;2;627;220;165;38;80;61;20;0;6;5;0;11;4;0;5;12
0.3;08212000;14.03.2021;Landtagswahl BW 2021;04001;040-01 Briefwahlauszählung;;0;0;0;0;801;801;1;800;385;103;20;74;74;58;5;11;13;3;22;14;18;;
0.3;08212000;14.03.2021;Landtagswahl BW 2021;04002;040-02 Briefwahlauszählung;;0;0;0;0;675;675;1;674;332;109;16;53;34;58;6;12;9;4;14;5;22;;
0.3;08212000;14.03.2021;Landtagswahl BW 2021;04003;040-03 Briefwahlauszählung;;0;0;0;0;615;615;1;614;289;68;13;60;34;59;3;17;5;2;23;8;33;;
0.3;08212000;14.03.2021;Landtagswahl BW 2021;04004;040-04 Briefwahlauszählung;;0;0;0;0;812;812;3;809;350;123;24;78;53;87;3;17;7;6;23;8;30;;
0.3;08212000;14.03.2021;Landtagswahl BW 2021;04005;040-05 Briefwahlauszählung;;0;0;0;0;702;702;4;698;340;98;9;77;47;62;1;13;5;6;10;3;27;;
0.3;08212000;14.03.2021;Landtagswahl BW 2021;04006;040-06 Briefwahlauszählung;;0;0;0;0;719;719;5;714;322;99;27;81;46;60;4;19;9;3;20;4;20;;
0.3;08212000;14.03.2021;Landtagswahl BW 2021;04007;040-07 Briefwahlauszählung;;0;0;0;0;748;748;3;745;366;98;23;88;39;50;3;15;11;11;20;2;19;;
0.3;08212000;14.03.2021;Landtagswahl BW 2021;04008;040-08 Briefwahlauszählung;;0;0;0;0;790;790;1;789;392;111;13;88;36;70;1;7;12;10;17;5;27;;
0.3;08212000;14.03.2021;Landtagswahl BW 2021;04009;040-09 Briefwahlauszählung;;0;0;0;0;835;835;0;835;376;137;20;99;50;52;4;24;9;10;24;7;23;;
0.3;08212000;14.03.2021;Landtagswahl BW 2021;04010;040-10 Briefwahlauszählung;;0;0;0;0;832;832;6;826;395;120;15;88;48;69;8;16;7;11;18;9;22;;
0.3;08212000;14.03.2021;Landtagswahl BW 2021;04011;040-11 Briefwahlauszählung;;0;0;0;0;772;772;2;770;384;109;16;90;44;52;2;13;8;3;17;6;26;;
0.3;08212000;14.03.2021;Landtagswahl BW 2021;04012;040-12 Briefwahlauszählung;;0;0;0;0;857;857;2;855;430;104;20;103;38;84;4;16;5;7;16;2;26;;
0.3;08212000;14.03.2021;Landtagswahl BW 2021;04013;040-13 Briefwahlauszählung;;0;0;0;0;586;586;0;586;259;101;12;70;36;51;1;11;7;1;16;6;15;;
0.3;08212000;14.03.2021;Landtagswahl BW 2021;04014;040-14 Briefwahlauszählung;;0;0;0;0;585;585;3;582;272;80;6;52;31;79;2;17;8;5;15;4;11;;
0.3;08212000;14.03.2021;Landtagswahl BW 2021;04015;040-15 Briefwahlauszählung;;0;0;0;0;791;791;7;784;373;130;27;103;41;50;1;17;6;5;17;1;13;;
0.3;08212000;14.03.2021;Landtagswahl BW 2021;04016;040-16 Briefwahlauszählung;;0;0;0;0;756;756;1;755;388;111;22;91;32;46;8;19;7;0;16;2;13;;
0.3;08212000;14.03.2021;Landtagswahl BW 2021;04017;040-17 Briefwahlauszählung;;0;0;0;0;802;802;0;802;403;90;18;102;40;65;4;16;12;8;20;6;18;;
0.3;08212000;14.03.2021;Landtagswahl BW 2021;04018;040-18 Briefwahlauszählung;;0;0;0;0;836;836;0;836;351;124;24;101;70;66;2;17;12;3;25;4;37;;
0.3;08212000;14.03.2021;Landtagswahl BW 2021;04019;040-19 Briefwahlauszählung;;0;0;0;0;707;707;0;707;342;117;20;82;31;52;4;8;11;2;19;6;13;;
0.3;08212000;14.03.2021;Landtagswahl BW 2021;04020;040-20 Briefwahlauszählung;;0;0;0;0;745;745;2;743;329;131;23;83;54;55;2;14;9;3;15;11;14;;
0.3;08212000;14.03.2021;Landtagswahl BW 2021;04021;040-21 Briefwahlauszählung;;0;0;0;0;861;861;1;860;360;226;33;78;58;33;3;19;6;3;18;1;22;;
0.3;08212000;14.03.2021;Landtagswahl BW 2021;04022;040-22 Briefwahlauszählung;;0;0;0;0;693;693;3;690;276;183;31;79;36;38;3;12;12;0;11;0;9;;
0.3;08212000;14.03.2021;Landtagswahl BW 2021;04023;040-23 Briefwahlauszählung;;0;0;0;0;763;763;5;758;304;175;42;88;47;46;6;17;8;7;9;5;4;;
0.3;08212000;14.03.2021;Landtagswahl BW 2021;04024;040-24 Briefwahlauszählung;;0;0;0;0;632;632;4;628;253;131;27;73;41;38;1;17;7;1;12;12;15;;
0.3;08212000;14.03.2021;Landtagswahl BW 2021;04025;040-25 Briefwahlauszählung;;0;0;0;0;743;743;1;742;287;200;26;71;53;34;9;17;13;11;9;2;10;;
0.3;08212000;14.03.2021;Landtagswahl BW 2021;04026;040-26 Briefwahlauszählung;;0;0;0;0;765;765;1;764;376;117;32;76;43;51;3;12;8;5;22;6;13;;
0.3;08212000;14.03.2021;Landtagswahl BW 2021;04027;040-27 Briefwahlauszählung;;0;0;0;0;635;635;0;635;290;86;33;71;30;52;4;14;14;10;10;7;14;;
0.3;08212000;14.03.2021;Landtagswahl BW 2021;04028;040-28 Briefwahlauszählung;;0;0;0;0;672;672;0;672;256;161;28;81;40;43;3;11;13;3;15;6;12;;
0.3;08212000;14.03.2021;Landtagswahl BW 2021;04029;040-29 Briefwahlauszählung;;0;0;0;0;720;720;5;715;306;150;25;76;44;52;5;12;10;9;11;7;8;;
0.3;08212000;14.03.2021;Landtagswahl BW 2021;04030;040-30 Briefwahlauszählung;;0;0;0;0;654;654;2;652;241;143;57;103;36;19;5;13;23;5;3;2;2;;
0.3;08212000;14.03.2021;Landtagswahl BW 2021;04031;040-31 Briefwahlauszählung;;0;0;0;0;692;692;1;691;271;149;32;76;50;48;4;7;9;4;17;6;18;;
0.3;08212000;14.03.2021;Landtagswahl BW 2021;04032;040-32 Briefwahlauszählung;;0;0;0;0;650;650;5;645;216;178;45;85;38;29;1;13;16;4;5;2;13;;
0.3;08212000;14.03.2021;Landtagswahl BW 2021;04033;040-33 Briefwahlauszählung;;0;0;0;0;584;584;0;584;196;143;54;85;36;21;8;6;16;4;9;1;5;;
0.3;08212000;14.03.2021;Landtagswahl BW 2021;04034;040-34 Briefwahlauszählung;;0;0;0;0;637;637;4;633;233;184;30;79;45;26;0;15;6;4;5;2;4;;
0.3;08212000;14.03.2021;Landtagswahl BW 2021;04035;040-35 Briefwahlauszählung;;0;0;0;0;886;886;1;885;326;227;54;99;56;42;5;16;19;12;15;7;7;;
0.3;08212000;14.03.2021;Landtagswahl BW 2021;04036;040-36 Briefwahlauszählung;;0;0;0;0;925;925;6;919;341;237;41;119;68;44;4;19;19;5;11;6;5;;
0.3;08212000;14.03.2021;Landtagswahl BW 2021;04037;040-37 Briefwahlauszählung;;0;0;0;0;810;810;1;809;287;217;54;103;47;40;3;18;13;4;12;4;7;;
0.3;08212000;14.03.2021;Landtagswahl BW 2021;04038;040-38 Briefwahlauszählung;;0;0;0;0;629;629;4;625;248;162;39;67;50;28;2;11;8;2;7;1;0;;
0.3;08212000;14.03.2021;Landtagswahl BW 2021;04039;040-39 Briefwahlauszählung;;0;0;0;0;712;712;4;708;245;180;63;72;51;42;4;13;14;7;11;0;6;;
0.3;08212000;14.03.2021;Landtagswahl BW 2021;04040;040-40 Briefwahlauszählung;;0;0;0;0;592;592;3;589;227;155;26;72;37;20;2;13;17;6;8;2;4;;
0.3;08212000;14.03.2021;Landtagswahl BW 2021;04041;040-41 Briefwahlauszählung;;0;0;0;0;631;631;1;630;285;113;40;69;34;33;12;17;12;2;3;2;8;;
0.3;08212000;14.03.2021;Landtagswahl BW 2021;04042;040-42 Briefwahlauszählung;;0;0;0;0;499;499;0;499;177;118;33;66;42;20;3;7;10;5;2;7;9;;
0.3;08212000;14.03.2021;Landtagswahl BW 2021;04043;040-43 Briefwahlauszählung;;0;0;0;0;697;697;3;694;219;187;65;95;41;42;6;10;12;6;7;2;2;;
0.3;08212000;14.03.2021;Landtagswahl BW 2021;04044;040-44 Briefwahlauszählung;;0;0;0;0;752;752;2;750;325;203;25;81;55;28;1;5;6;2;10;2;7;;
0.3;08212000;14.03.2021;Landtagswahl BW 2021;04045;040-45 Briefwahlauszählung;;0;0;0;0;879;879;7;872;321;256;51;93;73;32;6;8;6;6;9;4;7;;
0.3;08212000;14.03.2021;Landtagswahl BW 2021;04046;040-46 Briefwahlauszählung;;0;0;0;0;777;777;3;774;271;215;51;104;67;23;2;9;15;3;9;1;4;;
0.3;08212000;14.03.2021;Landtagswahl BW 2021;04047;040-47 Briefwahlauszählung;;0;0;0;0;731;731;1;730;231;213;44;99;61;19;3;14;12;11;10;3;10;;
0.3;08212000;14.03.2021;Landtagswahl BW 2021;04048;040-48 Briefwahlauszählung;;0;0;0;0;551;551;4;547;190;160;38;83;41;11;5;4;6;4;2;1;2;;
0.3;08212000;14.03.2021;Landtagswahl BW 2021;04049;040-49 Briefwahlauszählung;;0;0;0;0;559;559;2;557;211;149;37;65;43;18;1;11;8;3;3;3;5;;
0.3;08212000;14.03.2021;Landtagswahl BW 2021;04050;040-50 Briefwahlauszählung;;0;0;0;0;616;616;4;612;248;150;30;69;55;18;4;8;16;5;5;1;3;;
0.3;08212000;14.03.2021;Landtagswahl BW 2021;04051;040-51 Briefwahlauszählung;;0;0;0;0;623;623;0;623;250;154;48;63;52;15;6;10;14;2;4;2;3;;
0.3;08212000;14.03.2021;Landtagswahl BW 2021;04052;040-52 Briefwahlauszählung;;0;0;0;0;794;794;0;794;368;88;24;98;30;93;4;28;13;3;18;6;21;;
0.3;08212000;14.03.2021;Landtagswahl BW 2021;04053;040-53 Briefwahlauszählung;;0;0;0;0;817;817;1;816;354;153;30;122;31;62;4;9;11;9;13;4;14;;
0.3;08212000;14.03.2021;Landtagswahl BW 2021;04054;040-54 Briefwahlauszählung;;0;0;0;0;805;805;1;804;339;141;29;108;52;64;4;14;10;5;20;1;17;;
