datum;ags;Strassen-Name;Hausnummern-Bereich;PLZ;Ortsteil;Bezirk-Nr
13.09.2020;05914000;Abergweg;;;;4224
13.09.2020;05914000;Ackerstr.;;;;1065
13.09.2020;05914000;Adalbert-Stifter-Str.;;;;2142
13.09.2020;05914000;Adolfstr.;;;;1031
13.09.2020;05914000;Adrianstr.;;;;4203
13.09.2020;05914000;Aehringhausen;;;;2151
13.09.2020;05914000;Agnes-Miegel-Str.;;;;5266
13.09.2020;05914000;Ahmer Weg;;;;3181
13.09.2020;05914000;Ahornweg;;;;2154
13.09.2020;05914000;Ährenstr.;;;;5262
13.09.2020;05914000;Ahrstr.;2-12 ger.;;;1025
13.09.2020;05914000;Ahrstr.;1-13 ung.;;;1024
13.09.2020;05914000;Akazienweg;;;;2154
13.09.2020;05914000;Albrechtstr.;3-44,46;;;1101
13.09.2020;05914000;Albrechtstr.;45-49 ung.,50-74;;;1102
13.09.2020;05914000;Alemannenweg;;;;3192
13.09.2020;05914000;Alexanderstr.;87-94;;;1041
13.09.2020;05914000;Alexanderstr.;34-86;;;1043
13.09.2020;05914000;Alleestr.;1-15;;;1032
13.09.2020;05914000;Alleestr.;18-73;;;1042
13.09.2020;05914000;Allensteiner Str.;25-68;;;2116
13.09.2020;05914000;Allensteiner Str.;1-24;;;2125
13.09.2020;05914000;Alsenstr.;24;;;1022
13.09.2020;05914000;Alsenstr.;6-12 ger.,13-23;;;1024
13.09.2020;05914000;Alsenstr.;2-4,7,9;;;1034
13.09.2020;05914000;Alte Heerstr.;1-45 ung.;;;3166
13.09.2020;05914000;Alte Heerstr.;4-24 ger.;;;3193
13.09.2020;05914000;Alte Heerstr.;24-38 ger.;;;3194
13.09.2020;05914000;Alte Stadt;;;;3191
13.09.2020;05914000;Altenhagener Brücke;;;;1031
13.09.2020;05914000;Altenhagener Str.;;;;1033
13.09.2020;05914000;Alter Henkhauser Weg;41-58;;;3166
13.09.2020;05914000;Alter Henkhauser Weg;4-40;;;3193
13.09.2020;05914000;Alter Hohlweg;;;;3164
13.09.2020;05914000;Alter Mühlenweg;;;;2126
13.09.2020;05914000;Alter Reher Weg;6-19;;;3165
13.09.2020;05914000;Alter Reher Weg;24-40;;;3193
13.09.2020;05914000;Alter Schloßweg;;;;3184
13.09.2020;05914000;Alter Teichweg;;;;3164
13.09.2020;05914000;Alter Weg;;;;4223
13.09.2020;05914000;Am Ahlberg;;;;5255
13.09.2020;05914000;Am Alten Sportplatz;;;;4223
13.09.2020;05914000;Am Andreasberg;;;;5255
13.09.2020;05914000;Am Baukloh;;;;5261
13.09.2020;05914000;Am Baum;;;;2113
13.09.2020;05914000;Am Berge;1-69;;;3194
13.09.2020;05914000;Am Berge;112-118 ger.;;;3165
13.09.2020;05914000;Am Berge;71-111,113-131 ung.;;;3193
13.09.2020;05914000;Am Berghang;60;;;1075
13.09.2020;05914000;Am Berghang;1-36;;;4221
13.09.2020;05914000;Am Berghang;95;;;1072
13.09.2020;05914000;Am Birkenwäldchen;;;;5234
13.09.2020;05914000;Am Boeckwaag;;;;3176
13.09.2020;05914000;Am Bogen;;;;1072
13.09.2020;05914000;Am Brantenberg;;;;4225
13.09.2020;05914000;Am Bügel;;;;2121
13.09.2020;05914000;Am Buscherberg;;;;4212
13.09.2020;05914000;Am Damm;;;;4212
13.09.2020;05914000;Am Dorfplatz;;;;3164
13.09.2020;05914000;Am Dubberg;;;;3185
13.09.2020;05914000;Am Finkenherd;;;;1072
13.09.2020;05914000;Am Fleyer Bach;;;;2134
13.09.2020;05914000;Am Fliegenhaus;;;;5255
13.09.2020;05914000;Am Freibad;;;;1041
13.09.2020;05914000;Am Großen Feld;;;;1073
13.09.2020;05914000;Am Hange;;;;3171
13.09.2020;05914000;Am Hardtland;;;;1072
13.09.2020;05914000;Am Hasenhagen;;;;4225
13.09.2020;05914000;Am Hasper Bahnhof;;;;5242
13.09.2020;05914000;Am Hauptbahnhof;;;;1031
13.09.2020;05914000;Am Hemker Bach;;;;4222
13.09.2020;05914000;Am Hirsch;;;;4212
13.09.2020;05914000;Am Hohen Graben;;;;1014
13.09.2020;05914000;Am Höing;;;;1051
13.09.2020;05914000;Am Holderbusch;;;;3191
13.09.2020;05914000;Am Horseney;;;;4222
13.09.2020;05914000;Am Huse;;;;4224
13.09.2020;05914000;Am Ischeland;;;;1025
13.09.2020;05914000;Am Kaisberg;;;;2111
13.09.2020;05914000;Am Karweg;;;;5256
13.09.2020;05914000;Am Katernberg;;;;3182
13.09.2020;05914000;Am Kellerhofe;;;;3164
13.09.2020;05914000;Am Kettelberg;;;;5255
13.09.2020;05914000;Am Kolfacker;;;;2126
13.09.2020;05914000;Am Krahenbrink;;;;3173
13.09.2020;05914000;Am Kronocken;;;;3166
13.09.2020;05914000;Am Lilienbaum;;;;5234
13.09.2020;05914000;Am Obergraben;;;;4222
13.09.2020;05914000;Am Ortbach;;;;3182
13.09.2020;05914000;Am Paulshof;;;;3165
13.09.2020;05914000;Am Pfannenofen;33;;;1042
13.09.2020;05914000;Am Pfannenofen;2,4;;;1043
13.09.2020;05914000;Am Predigerstuhl;;;;3181
13.09.2020;05914000;Am Quambusch;;;;5231
13.09.2020;05914000;Am Rastebaum;;;;1042
13.09.2020;05914000;Am Romberg;;;;5254
13.09.2020;05914000;Am Roten Stein;;;;3182
13.09.2020;05914000;Am Rundblick;;;;4225
13.09.2020;05914000;Am Schellbrink;;;;3194
13.09.2020;05914000;Am Schemmannshof;;;;1074
13.09.2020;05914000;Am Schlage;;;;1075
13.09.2020;05914000;Am Schloßberg;;;;3184
13.09.2020;05914000;Am Schützenhof;;;;5255
13.09.2020;05914000;Am Sonnenberg;;;;3181
13.09.2020;05914000;Am Sportpark;75;;;1034
13.09.2020;05914000;Am Sportpark;6-34 ger.;;;1051
13.09.2020;05914000;Am Sportpark;11-21 ung.;;;1024
13.09.2020;05914000;Am Steg;;;;2153
13.09.2020;05914000;Am Sterbecker Bach;;;;4224
13.09.2020;05914000;Am Stockey;;;;4221
13.09.2020;05914000;Am Strötken;;;;2126
13.09.2020;05914000;Am Stuckenhagen;;;;4223
13.09.2020;05914000;Am Süßenberg;;;;2151
13.09.2020;05914000;Am Teich;;;;1074
13.09.2020;05914000;Am Tempel;;;;2151
13.09.2020;05914000;Am Tütershof;;;;1065
13.09.2020;05914000;Am Volmeblick;;;;4223
13.09.2020;05914000;Am Volmewehr;;;;4222
13.09.2020;05914000;Am Waldesrand;;;;1071
13.09.2020;05914000;Am Waldhang;2-26;;;1093
13.09.2020;05914000;Am Waldhang;42,46;;;1013
13.09.2020;05914000;Am Waldwege;;;;4211
13.09.2020;05914000;Am Weitblick;;;;4204
13.09.2020;05914000;Am Widey;;;;1021
13.09.2020;05914000;Am Wiembusch;;;;5232
13.09.2020;05914000;Am Winterhof;;;;2151
13.09.2020;05914000;Ambrocker Weg;;;;4222
13.09.2020;05914000;Amselgasse;;;;1063
13.09.2020;05914000;Amselweg;;;;3194
13.09.2020;05914000;An dem Heerwege;;;;1073
13.09.2020;05914000;An den Eichen;;;;2126
13.09.2020;05914000;An der Böschung;;;;1063
13.09.2020;05914000;An der Egge;4;;;1072
13.09.2020;05914000;An der Egge;1-7 ung.,8-36;;;1075
13.09.2020;05914000;An der Herberge;;;;3174
13.09.2020;05914000;An der Hütte;;;;5262
13.09.2020;05914000;An der Kehle;;;;3185
13.09.2020;05914000;An der Kohlenbahn;;;;5244
13.09.2020;05914000;An der Koppel;2-12 ger.;;;4203
13.09.2020;05914000;An der Koppel;1-11 ung.;;;4204
13.09.2020;05914000;An der Spechtert;;;;4224
13.09.2020;05914000;An der Stahlschmiede;;;;3183
13.09.2020;05914000;An der Steigung;;;;3164
13.09.2020;05914000;An der Turnhalle;;;;4224
13.09.2020;05914000;An der Wacht;;;;5265
13.09.2020;05914000;An der Wallburg;;;;4222
13.09.2020;05914000;An der Zeche;;;;4221
13.09.2020;05914000;Angerburger Str.;;;;2116
13.09.2020;05914000;Angerpfad;;;;2134
13.09.2020;05914000;Annaberghöhe;;;;1072
13.09.2020;05914000;Ardeyweg;;;;3162
13.09.2020;05914000;Arndtstr.;4-12 ger.;;;1083
13.09.2020;05914000;Arndtstr.;36-46 ger.;;;1023
13.09.2020;05914000;Arndtstr.;18-34 ger.;;;1082
13.09.2020;05914000;Arndtstr.;3-23 ung.;;;1021
13.09.2020;05914000;Arndtstr.;25-55 ung.;;;1022
13.09.2020;05914000;Aschenbergstr.;2-8,14,16;;;1051
13.09.2020;05914000;Aschenbergstr.;13-21 ung.;;;1055
13.09.2020;05914000;Ascherothstr.;;;;1062
13.09.2020;05914000;Asker Str.;;;;5266
13.09.2020;05914000;Asternstr.;;;;1081
13.09.2020;05914000;Auf dem Bauloh;1-7,14-40 ger.;;;3193
13.09.2020;05914000;Auf dem Bauloh;9-37 ung.;;;3165
13.09.2020;05914000;Auf dem Berge;;;;1101
13.09.2020;05914000;Auf dem Birnbaum;;;;1075
13.09.2020;05914000;Auf dem Blumenkampe;;;;3164
13.09.2020;05914000;Auf dem Boden;;;;1075
13.09.2020;05914000;Auf dem Burhof;;;;3164
13.09.2020;05914000;Auf dem Dörrwald;;;;1075
13.09.2020;05914000;Auf dem Dreische;;;;3173
13.09.2020;05914000;Auf dem Dümpel;;;;3161
13.09.2020;05914000;Auf dem Gellenkamp;;;;5255
13.09.2020;05914000;Auf dem Gelling;;;;5234
13.09.2020;05914000;Auf dem Goldberg;;;;4202
13.09.2020;05914000;Auf dem Graskamp;;;;2125
13.09.2020;05914000;Auf dem Hoppenstück;;;;4204
13.09.2020;05914000;Auf dem Hövel;;;;3164
13.09.2020;05914000;Auf dem Kämpchen;;;;1075
13.09.2020;05914000;Auf dem Killing;;;;4212
13.09.2020;05914000;Auf dem Königsberg;;;;1052
13.09.2020;05914000;Auf dem Kuhl;4-52 ger.,53-66;;;2132
13.09.2020;05914000;Auf dem Kuhl;1-37 ung.;;;2136
13.09.2020;05914000;Auf dem Lölfert;;;;3171
13.09.2020;05914000;Auf dem Mühlhof;;;;3165
13.09.2020;05914000;Auf dem Pellerstück;;;;3164
13.09.2020;05914000;Auf dem Piepenstöcken;;;;5255
13.09.2020;05914000;Auf dem Rode;;;;5234
13.09.2020;05914000;Auf dem Roland;;;;3182
13.09.2020;05914000;Auf dem Stein;;;;4222
13.09.2020;05914000;Auf dem Steinbrink;;;;5251
13.09.2020;05914000;Auf dem Wichterbruch;;;;5243
13.09.2020;05914000;Auf der Breite;;;;1061
13.09.2020;05914000;Auf der End;;;;4224
13.09.2020;05914000;Auf der Halle;;;;5234
13.09.2020;05914000;Auf der Hebbecke;;;;4222
13.09.2020;05914000;Auf der Heide;;;;3174
13.09.2020;05914000;Auf der Kugel;;;;1072
13.09.2020;05914000;Auf der Lindhaardt;;;;3181
13.09.2020;05914000;Auf der Rolandshöh;;;;5253
13.09.2020;05914000;Auf der Steinhard;;;;3164
13.09.2020;05914000;Augustastr.;1-13 ung.;;;1012
13.09.2020;05914000;Augustastr.;77-93;;;1092
13.09.2020;05914000;Augustastr.;14-56,62-66 ger.;;;1104
13.09.2020;05914000;Augustastr.;57-73 ung.;;;1106
13.09.2020;05914000;Bachstr.;20-38,40;;;1092
13.09.2020;05914000;Bachstr.;2-18;;;1106
13.09.2020;05914000;Bachstr.;39,46-101;;;1093
13.09.2020;05914000;Badstr.;6;;;1013
13.09.2020;05914000;Badstr.;16-26;;;1021
13.09.2020;05914000;Baedekerstr.;;;;4225
13.09.2020;05914000;Bahndamm;;;;4223
13.09.2020;05914000;Bahnhofstr.;;;;1011
13.09.2020;05914000;Bahnstr.;;;;3176
13.09.2020;05914000;Bandstahlstr.;;;;3162
13.09.2020;05914000;Barmerfeld;;;;3191
13.09.2020;05914000;Batheyer Str.;;;;2125
13.09.2020;05914000;Bauernstr.;;;;1044
13.09.2020;05914000;Baufeldstr.;1-25;;;1071
13.09.2020;05914000;Baufeldstr.;26-62;;;1072
13.09.2020;05914000;Baukey;;;;2111
13.09.2020;05914000;Baunscheidtstr.;;;;4225
13.09.2020;05914000;Baurothstr.;37-44,53-97;;;2132
13.09.2020;05914000;Baurothstr.;1-31,48,50;;;2135
13.09.2020;05914000;Bebelstr.;;;;5243
13.09.2020;05914000;Becheltestr.;;;;2153
13.09.2020;05914000;Becke;;;;4223
13.09.2020;05914000;Beethovenstr.;66-104;;;1054
13.09.2020;05914000;Beethovenstr.;6-62;;;1055
13.09.2020;05914000;Behrensstr.;;;;2135
13.09.2020;05914000;Behringstr.;;;;1032
13.09.2020;05914000;Benekestr.;;;;3182
13.09.2020;05914000;Berchumer Kirchplatz;;;;3164
13.09.2020;05914000;Berchumer Str.;52-76 ger.;;;3161
13.09.2020;05914000;Berchumer Str.;43-79 ung.;;;3162
13.09.2020;05914000;Berchumer Str.;6-14 ger.;;;1065
13.09.2020;05914000;Berchumer Str.;3,5;;;1053
13.09.2020;05914000;Bergerhof;;;;4223
13.09.2020;05914000;Berghofstr.;2-12;;;1033
13.09.2020;05914000;Berghofstr.;27-39;;;1024
13.09.2020;05914000;Berghofstr.;14-26;;;1034
13.09.2020;05914000;Bergholz;;;;3182
13.09.2020;05914000;Bergischer Ring;91-109;;;1104
13.09.2020;05914000;Bergischer Ring;71-77;;;1105
13.09.2020;05914000;Bergischer Ring;1-25 ung.;;;4201
13.09.2020;05914000;Bergischer Ring;63;;;1093
13.09.2020;05914000;Bergischer Ring;2-30 ger.,31-60;;;1014
13.09.2020;05914000;Berglehne;;;;4224
13.09.2020;05914000;Bergruthe;;;;1072
13.09.2020;05914000;Bergstr.;72-78 ger.,83-127;;;1012
13.09.2020;05914000;Bergstr.;39-45 ung.,46-71,73;;;1013
13.09.2020;05914000;Bergstr.;22-38,40;;;4201
13.09.2020;05914000;Berliner Allee;34-53;;;3166
13.09.2020;05914000;Berliner Allee;58-102;;;3171
13.09.2020;05914000;Berliner Str.;108-114 ger.,115-139;;;5241
13.09.2020;05914000;Berliner Str.;78-92 ger.,95-105,109;;;5251
13.09.2020;05914000;Berliner Str.;3-76,79-93 ung.;;;5243
13.09.2020;05914000;Besselstr.;;;;4225
13.09.2020;05914000;Betty-Brandt-Weg;;;;5231
13.09.2020;05914000;Beuken;;;;4222
13.09.2020;05914000;Bickenstück;;;;2122
13.09.2020;05914000;Bietinghausen;;;;4223
13.09.2020;05914000;Birkenhain;;;;1075
13.09.2020;05914000;Birkenstr.;1-15 ung.;;;2143
13.09.2020;05914000;Birkenstr.;4-82 ger.;;;2144
13.09.2020;05914000;Birkenstr.;17-73 ung.;;;2145
13.09.2020;05914000;Bismarckstr.;1-4,6-28 ger.;;;1104
13.09.2020;05914000;Bismarckstr.;5-29 ung.,30-42;;;1106
13.09.2020;05914000;Bismarckturm;;;;1093
13.09.2020;05914000;Bissinghof;;;;1075
13.09.2020;05914000;Blankenagelstr.;;;;3161
13.09.2020;05914000;Bleichplatz;;;;4203
13.09.2020;05914000;Bleichstr.;;;;1092
13.09.2020;05914000;Blücherstr.;11-29 ung.,30-32;;;1023
13.09.2020;05914000;Blücherstr.;1-10,12-22 ger.;;;1084
13.09.2020;05914000;Blumenstr.;2,6-15,17-21 ung.;;;1034
13.09.2020;05914000;Blumenstr.;1-5 ung.;;;1033
13.09.2020;05914000;Blumenstr.;30;;;1022
13.09.2020;05914000;Blumenstr.;16-20 ger.;;;1024
13.09.2020;05914000;Blütenweg;;;;1013
13.09.2020;05914000;Böcklerstr.;;;;2135
13.09.2020;05914000;Bodelschwinghplatz;;;;1103
13.09.2020;05914000;Boeingstr.;;;;3185
13.09.2020;05914000;Boeler Kirchplatz;;;;2115
13.09.2020;05914000;Boeler Str.;1-8,10-14 ger.;;;1032
13.09.2020;05914000;Boeler Str.;9-89 ung.;;;1042
13.09.2020;05914000;Boeler Str.;106-126 ger.,151-183 ung.;;;1043
13.09.2020;05914000;Boeler Str.;176-184 ger.,185-217;;;1044
13.09.2020;05914000;Boeler Str.;32-88 ger.,91-106,107-145 ung.;;;1041
13.09.2020;05914000;Böhfeldstr.;;;;2116
13.09.2020;05914000;Böhmerstr.;13-24,28;;;4201
13.09.2020;05914000;Böhmerstr.;25-43 ung.,44-79;;;1013
13.09.2020;05914000;Böhmerwiese;3-19 ung.;;;4211
13.09.2020;05914000;Böhmerwiese;8,10;;;4204
13.09.2020;05914000;Bölling;;;;4225
13.09.2020;05914000;Bolohstr.;24-100 ger.;;;1063
13.09.2020;05914000;Bolohstr.;23-129 ung.;;;1064
13.09.2020;05914000;Bonsmannstr.;;;;2125
13.09.2020;05914000;Borgenfeldstr.;;;;2122
13.09.2020;05914000;Borsigstr.;10-18,27-31;;;1091
13.09.2020;05914000;Borsigstr.;20,33,35;;;1094
13.09.2020;05914000;Brahmsstr.;;;;1054
13.09.2020;05914000;Brake;;;;4222
13.09.2020;05914000;Brandenburger Str.;;;;2151
13.09.2020;05914000;Brantenberg;;;;4225
13.09.2020;05914000;Brauckweg;;;;2126
13.09.2020;05914000;Braugasse;;;;4225
13.09.2020;05914000;Brauhausstr.;;;;3175
13.09.2020;05914000;Brechtefeld;;;;4225
13.09.2020;05914000;Breddestr.;;;;4202
13.09.2020;05914000;Bredelle;;;;1055
13.09.2020;05914000;Breisacher Str.;;;;4214
13.09.2020;05914000;Breitenbruch;;;;3172
13.09.2020;05914000;Bremker Weg;;;;5231
13.09.2020;05914000;Breslauer Str.;;;;3192
13.09.2020;05914000;Brinkstr.;;;;1032
13.09.2020;05914000;Brockhauser Str.;;;;2111
13.09.2020;05914000;Brucknerstr.;55-68;;;1023
13.09.2020;05914000;Brucknerstr.;1-53;;;1054
13.09.2020;05914000;Bruckstr.;;;;3174
13.09.2020;05914000;Brüderstr.;1-10,17-23;;;1032
13.09.2020;05914000;Brüderstr.;12,14;;;1025
13.09.2020;05914000;Brüninghausstr.;;;;2111
13.09.2020;05914000;Brunnenstr.;4-10 ger.,11-13;;;1084
13.09.2020;05914000;Brunnenstr.;1-9 ung.;;;1082
13.09.2020;05914000;Brunsbecke;;;;4222
13.09.2020;05914000;Brusebrinkstr.;;;;5232
13.09.2020;05914000;Buchenhof;;;;4225
13.09.2020;05914000;Buchenweg;;;;3194
13.09.2020;05914000;Büddinghardt;;;;5242
13.09.2020;05914000;Büddingstr.;1-37;;;5232
13.09.2020;05914000;Büddingstr.;38-62;;;5233
13.09.2020;05914000;Bührener Weg;;;;4224
13.09.2020;05914000;Bülowstr.;1-17,20-28 ger.;;;1023
13.09.2020;05914000;Bülowstr.;30-38 ger.;;;1082
13.09.2020;05914000;Bülowstr.;19-39 ung.,42-70;;;1084
13.09.2020;05914000;Bungstockstr.;;;;3161
13.09.2020;05914000;Buntebachstr.;5-35;;;4202
13.09.2020;05914000;Buntebachstr.;38-111;;;4211
13.09.2020;05914000;Bürgerstr.;1-39 ung.;;;1043
13.09.2020;05914000;Bürgerstr.;2-40 ger.,41-62;;;1044
13.09.2020;05914000;Burgweg;;;;3174
13.09.2020;05914000;Burscheder Weg;;;;5261
13.09.2020;05914000;Buscheystr.;19-59 ung.;;;1093
13.09.2020;05914000;Buscheystr.;62-82;;;1092
13.09.2020;05914000;Buscheystr.;16-60 ger.;;;1105
13.09.2020;05914000;Buschhofstr.;;;;1014
13.09.2020;05914000;Buschmühlenstr.;30,60;;;3162
13.09.2020;05914000;Buschmühlenstr.;28;;;2126
13.09.2020;05914000;Buschstr.;4-14 ger.,15-111;;;2135
13.09.2020;05914000;Buschstr.;1-11 ung.;;;2136
13.09.2020;05914000;Bussardweg;;;;3165
13.09.2020;05914000;Charlottenweg;;;;1102
13.09.2020;05914000;Christian-Rohlfs-Str.;22-49;;;1093
13.09.2020;05914000;Christian-Rohlfs-Str.;1-21;;;1105
13.09.2020;05914000;Corbacher Str.;;;;5241
13.09.2020;05914000;Cowenstr.;;;;3184
13.09.2020;05914000;Cunosiedlung;;;;1101
13.09.2020;05914000;Cunostr.;96-112;;;1074
13.09.2020;05914000;Cunostr.;2-92;;;1075
13.09.2020;05914000;Dachsweg;;;;3165
13.09.2020;05914000;Dahlenkampstr.;;;;1013
13.09.2020;05914000;Dahler Str.;21-56,58,60;;;4222
13.09.2020;05914000;Dahler Str.;57-111 ung.;;;4225
13.09.2020;05914000;Dahlienstr.;;;;1081
13.09.2020;05914000;Dahmsheide;;;;1041
13.09.2020;05914000;Dähnertskamp;;;;4204
13.09.2020;05914000;Damaschkeweg;;;;3194
13.09.2020;05914000;Dammstr.;;;;5252
13.09.2020;05914000;Danziger Str.;15-43;;;2116
13.09.2020;05914000;Danziger Str.;1-14;;;2125
13.09.2020;05914000;Degingstr.;;;;4225
13.09.2020;05914000;Deipenbrink;;;;4225
13.09.2020;05914000;Delbrüggerstr.;;;;4225
13.09.2020;05914000;Delsterner Str.;2-82;;;4214
13.09.2020;05914000;Delsterner Str.;101-196;;;4221
13.09.2020;05914000;Delsterner Ufer;;;;4214
13.09.2020;05914000;Denkmalstr.;;;;2115
13.09.2020;05914000;Detmolder Str.;112-120;;;1102
13.09.2020;05914000;Detmolder Str.;1-80;;;5235
13.09.2020;05914000;Dickenbruchstr.;;;;5244
13.09.2020;05914000;Dickerköppchen;;;;4225
13.09.2020;05914000;Dieselstr.;;;;3176
13.09.2020;05914000;Diesterwegstr.;;;;1014
13.09.2020;05914000;Distelstück;;;;5261
13.09.2020;05914000;Dödterstr.;;;;4201
13.09.2020;05914000;Dohlenweg;;;;3194
13.09.2020;05914000;Dömbergstr.;1-35,37,39;;;1093
13.09.2020;05914000;Dömbergstr.;36,45-51;;;1092
13.09.2020;05914000;Donnerkuhler Weg;;;;1063
13.09.2020;05914000;Dorfstr.;;;;2126
13.09.2020;05914000;Dornröschenweg;;;;5261
13.09.2020;05914000;Dorotheenstr.;;;;1101
13.09.2020;05914000;Dortmunder Str.;2-6;;;2115
13.09.2020;05914000;Dortmunder Str.;98;;;2125
13.09.2020;05914000;Drei Eicken;;;;4222
13.09.2020;05914000;Dreieckstr.;1-13 ung.;;;1031
13.09.2020;05914000;Dreieckstr.;2,4;;;1033
13.09.2020;05914000;Dreischengarten;;;;3164
13.09.2020;05914000;Dr.-Lammert-Weg;;;;2114
13.09.2020;05914000;Drosselweg;;;;3194
13.09.2020;05914000;Droste-Hülshoff-Str.;;;;2153
13.09.2020;05914000;Drostenhof;;;;3181
13.09.2020;05914000;Düinghausen;;;;4223
13.09.2020;05914000;Düinghauser Weg;;;;4223
13.09.2020;05914000;Dümpelstr.;;;;3161
13.09.2020;05914000;Dünne Eichen;;;;4213
13.09.2020;05914000;Düppelstr.;2-31;;;1031
13.09.2020;05914000;Düppelstr.;1;;;1033
13.09.2020;05914000;Düppenbeckerstr.;;;;1014
13.09.2020;05914000;Dürerstr.;;;;3165
13.09.2020;05914000;Düsternstr.;;;;3161
13.09.2020;05914000;Ebendstr.;;;;3182
13.09.2020;05914000;Eckenerstr.;;;;1073
13.09.2020;05914000;Eckeseyer Str.;1-133,135;;;1031
13.09.2020;05914000;Eckeseyer Str.;134-144 ger.,145-204;;;2153
13.09.2020;05914000;Eduard-Müller-Str.;1-11 ung.;;;1051
13.09.2020;05914000;Eduard-Müller-Str.;12-22;;;1022
13.09.2020;05914000;Eduard-Müller-Str.;4-8 ger.;;;1024
13.09.2020;05914000;Egge;;;;5255
13.09.2020;05914000;Eibenweg;;;;2154
13.09.2020;05914000;Eichendorffstr.;;;;2153
13.09.2020;05914000;Eichenkampstr.;;;;5242
13.09.2020;05914000;Eichenweg;;;;3192
13.09.2020;05914000;Eickertstr.;4,6;;;1014
13.09.2020;05914000;Eickertstr.;1-15 ung.,16-25;;;1083
13.09.2020;05914000;Eickertstr.;29-71;;;1085
13.09.2020;05914000;Eifelstr.;;;;3161
13.09.2020;05914000;Eilper Hangstieg;;;;4212
13.09.2020;05914000;Eilper Str.;20-62 ger.;;;4203
13.09.2020;05914000;Eilper Str.;23-33 ung.;;;4214
13.09.2020;05914000;Eilper Str.;47-99 ung.;;;4204
13.09.2020;05914000;Eilper Str.;70-106 ger.,107-128;;;4202
13.09.2020;05914000;Einhausstr.;;;;2116
13.09.2020;05914000;Eisenstr.;;;;5265
13.09.2020;05914000;Eiskeller;;;;4225
13.09.2020;05914000;Elberfelder Str.;20-89,92,94;;;1011
13.09.2020;05914000;Elberfelder Str.;15,19,91-113 ung.;;;1012
13.09.2020;05914000;Elberfelder Str.;6-12,16;;;1013
13.09.2020;05914000;Elbersstiege;;;;1014
13.09.2020;05914000;Elbersufer;6-10;;;1014
13.09.2020;05914000;Elbersufer;12-30;;;1021
13.09.2020;05914000;Elfenweg;;;;5261
13.09.2020;05914000;Elfriedenhöhe;;;;1013
13.09.2020;05914000;Elisabethstr.;;;;4201
13.09.2020;05914000;Elmarweg;;;;4211
13.09.2020;05914000;Elmenhorststr.;25-83 ung.;;;1075
13.09.2020;05914000;Elmenhorststr.;24-88 ger.,89-102;;;1074
13.09.2020;05914000;Elsa-Brändström-Weg;;;;1094
13.09.2020;05914000;Elsässer Str.;;;;4215
13.09.2020;05914000;Elsenbornstr.;;;;1061
13.09.2020;05914000;Elseyer Dorfplatz;;;;3175
13.09.2020;05914000;Elseyer Kirchplatz;;;;3192
13.09.2020;05914000;Elseyer Str.;;;;3192
13.09.2020;05914000;Elsternweg;;;;3194
13.09.2020;05914000;Emilienplatz;2-15;;;1021
13.09.2020;05914000;Emilienplatz;16;;;1022
13.09.2020;05914000;Emster Siepen;;;;1072
13.09.2020;05914000;Emster Str.;1-47,49-77 ung.;;;1062
13.09.2020;05914000;Emster Str.;48-70 ger.;;;1061
13.09.2020;05914000;Emster Str.;72-80 ger.,81-107;;;1072
13.09.2020;05914000;Endte;;;;4225
13.09.2020;05914000;Enneper Str.;2-26,36-46 ger.;;;5242
13.09.2020;05914000;Enneper Str.;31-39 ung.,48-170;;;5265
13.09.2020;05914000;Eppenhauser Str.;58-130 ger.;;;1062
13.09.2020;05914000;Eppenhauser Str.;135-195;;;1063
13.09.2020;05914000;Eppenhauser Str.;1-55,59-63 ung.;;;1085
13.09.2020;05914000;Eppenhauser Str.;73-125 ung.;;;1065
13.09.2020;05914000;Erftstr.;;;;1033
13.09.2020;05914000;Ergster Weg;;;;3164
13.09.2020;05914000;Erikastr.;2-8 ger.;;;1081
13.09.2020;05914000;Erikastr.;1-17 ung.;;;1084
13.09.2020;05914000;Erlacker;;;;3171
13.09.2020;05914000;Erleystr.;;;;5252
13.09.2020;05914000;Erlhagen;;;;2134
13.09.2020;05914000;Ernst-Eversbusch-Str.;;;;5242
13.09.2020;05914000;Ernststr.;;;;5243
13.09.2020;05914000;Erzstr.;;;;5244
13.09.2020;05914000;Eschenweg;;;;2132
13.09.2020;05914000;Espenweg;;;;2154
13.09.2020;05914000;Esserstr.;4-22 ger.;;;3175
13.09.2020;05914000;Esserstr.;3-25 ung.,26-40;;;3192
13.09.2020;05914000;Eugen-Richter-Str.;1-20,22-58 ger.;;;1092
13.09.2020;05914000;Eugen-Richter-Str.;21-59 ung.,60-100;;;1094
13.09.2020;05914000;Eupenstr.;;;;1061
13.09.2020;05914000;Everinghauser Str.;;;;4224
13.09.2020;05914000;Ewaldstr.;4-8;;;1091
13.09.2020;05914000;Ewaldstr.;20-27;;;1094
13.09.2020;05914000;Exterweg;;;;3162
13.09.2020;05914000;Fabrikstr.;;;;3185
13.09.2020;05914000;Fahrenbecke;;;;1052
13.09.2020;05914000;Fährstr.;;;;3181
13.09.2020;05914000;Falkenstr.;;;;1094
13.09.2020;05914000;Färberstr.;;;;3191
13.09.2020;05914000;Fasanenweg;;;;3165
13.09.2020;05914000;Feenweg;;;;5261
13.09.2020;05914000;Fehrbelliner Str.;;;;1031
13.09.2020;05914000;Feithstr.;92,132;;;1053
13.09.2020;05914000;Feithstr.;30,32;;;1064
13.09.2020;05914000;Feithstr.;1-35 ung.,36-70;;;1065
13.09.2020;05914000;Feithstr.;134-150;;;1052
13.09.2020;05914000;Feithstr.;213;;;1044
13.09.2020;05914000;Feithstr.;79-93 ung.;;;1081
13.09.2020;05914000;Feldmarkweg;;;;2134
13.09.2020;05914000;Feldmühlenstr.;;;;2133
13.09.2020;05914000;Feldstr.;;;;3181
13.09.2020;05914000;Felsenstr.;;;;4203
13.09.2020;05914000;Felsental;8-30;;;1071
13.09.2020;05914000;Felsental;1-7 ung.;;;1072
13.09.2020;05914000;Ferlachstr.;;;;5262
13.09.2020;05914000;Fichtengrund;;;;1072
13.09.2020;05914000;Finkenhof;;;;3194
13.09.2020;05914000;Finkenkampstr.;;;;1094
13.09.2020;05914000;Finking;;;;4222
13.09.2020;05914000;Flensburgstr.;;;;1053
13.09.2020;05914000;Fleyer Str.;27-63,65;;;1022
13.09.2020;05914000;Fleyer Str.;64,66-119,122;;;1051
13.09.2020;05914000;Fleyer Str.;121-125 ung.,126-235;;;1052
13.09.2020;05914000;Fliederstr.;;;;1081
13.09.2020;05914000;Flurstr.;;;;4202
13.09.2020;05914000;Fontaneweg;;;;2144
13.09.2020;05914000;Forststr.;;;;4202
13.09.2020;05914000;Forstweg;;;;3184
13.09.2020;05914000;Frankenwaldstr.;;;;3162
13.09.2020;05914000;Frankenweg;;;;3192
13.09.2020;05914000;Frankfurter Str.;;;;4201
13.09.2020;05914000;Franklinstr.;2-15,17-21 ung.;;;1091
13.09.2020;05914000;Franklinstr.;16-24 ger.;;;1094
13.09.2020;05914000;Frankstr.;;;;5234
13.09.2020;05914000;Franzstr.;78-126 ger.;;;4202
13.09.2020;05914000;Franzstr.;55-121 ung.;;;4211
13.09.2020;05914000;Franzstr.;1,2-6 ger.,11-54,60-76 ger.;;;4204
13.09.2020;05914000;Franzstr.;3,5;;;4203
13.09.2020;05914000;Fraunhoferstr.;;;;1042
13.09.2020;05914000;Freibad Hestert;;;;5254
13.09.2020;05914000;Freiburger Str.;;;;4214
13.09.2020;05914000;Freiheitstr.;;;;3176
13.09.2020;05914000;Freiherr-vom-Stein-Str.;;;;2111
13.09.2020;05914000;Freiligrathstr.;;;;2141
13.09.2020;05914000;Friedensstr.;1-11,29-97 ung.,98,99-127 ung.;;;1032
13.09.2020;05914000;Friedensstr.;13,15,40-58 ger.;;;1033
13.09.2020;05914000;Friedensstr.;100-120 ger.;;;1042
13.09.2020;05914000;Friedhofsweg;;;;2154
13.09.2020;05914000;Friedr.-Gustav-Theis-Weg;;;;3185
13.09.2020;05914000;Friedrich-Ebert-Platz;;;;1013
13.09.2020;05914000;Friedrichstr.;;;;5253
13.09.2020;05914000;Fritz-Killing-Str.;;;;4214
13.09.2020;05914000;Fritz-Reuter-Str.;1-27 ung.;;;2141
13.09.2020;05914000;Fritz-Reuter-Str.;16-26 ger.,29-45 ung.;;;2142
13.09.2020;05914000;Fritz-Reuter-Str.;28,47-57;;;2144
13.09.2020;05914000;Fritz-Reuter-Str.;2-14 ger.,30-34 ger.;;;2145
13.09.2020;05914000;Fröbelstr.;;;;2131
13.09.2020;05914000;Frommannweg;;;;2112
13.09.2020;05914000;Fuchsweg;;;;3166
13.09.2020;05914000;Fuhrparkstr.;;;;2153
13.09.2020;05914000;Funckenhausen;;;;2154
13.09.2020;05914000;Funckestr.;17,19,26-40;;;1024
13.09.2020;05914000;Funckestr.;4-22 ger.;;;1022
13.09.2020;05914000;Gabelsbergerstr.;;;;5266
13.09.2020;05914000;Garenfelder Weg;;;;3164
13.09.2020;05914000;Gartenstr.;;;;3175
13.09.2020;05914000;Gasstr.;;;;3182
13.09.2020;05914000;Gaußstr.;;;;3176
13.09.2020;05914000;Gehrstr.;;;;1062
13.09.2020;05914000;Gellertweg;2-8;;;2143
13.09.2020;05914000;Gellertweg;1;;;2145
13.09.2020;05914000;Gemarkenweg;;;;3164
13.09.2020;05914000;Genossenschaftsweg;;;;5261
13.09.2020;05914000;Georg-Scheer-Str.;2,4;;;3174
13.09.2020;05914000;Georg-Scheer-Str.;1-5 ung.,6-64;;;3173
13.09.2020;05914000;Georgstr.;;;;1102
13.09.2020;05914000;Geranienweg;;;;1084
13.09.2020;05914000;Gerberstr.;;;;1021
13.09.2020;05914000;Gerhart-Hauptmann-Str.;;;;1074
13.09.2020;05914000;Gerichtsstr.;;;;1023
13.09.2020;05914000;Gersteinstr.;;;;4225
13.09.2020;05914000;Gerstenkamp;;;;1064
13.09.2020;05914000;Gertrud-Bäumer-Weg;;;;3174
13.09.2020;05914000;Gertrudstr.;4-8 ger.;;;1024
13.09.2020;05914000;Gertrudstr.;3-9 ung.,10-14;;;1031
13.09.2020;05914000;Geschw.-Scholl-Str.;1-26,28-44 ger.;;;2143
13.09.2020;05914000;Geschw.-Scholl-Str.;27-43 ung.;;;2145
13.09.2020;05914000;Ginsterheide;;;;1043
13.09.2020;05914000;Ginsterweg;;;;3174
13.09.2020;05914000;Glockenstück;;;;2122
13.09.2020;05914000;Glücksburgstr.;;;;1053
13.09.2020;05914000;Gluckstr.;;;;1054
13.09.2020;05914000;Gneisenaustr.;5,7,14-18;;;1055
13.09.2020;05914000;Gneisenaustr.;1,3,10,12;;;1051
13.09.2020;05914000;Goebenstr.;2-20 ger.;;;1051
13.09.2020;05914000;Goebenstr.;1-65 ung.;;;1052
13.09.2020;05914000;Goebenstr.;22-90 ger.;;;1055
13.09.2020;05914000;Goethestr.;;;;2153
13.09.2020;05914000;Goldberghang;;;;4202
13.09.2020;05914000;Goldbergstr.;1-17 ung.;;;1013
13.09.2020;05914000;Goldbergstr.;2-18 ger.;;;1012
13.09.2020;05914000;Goldene Pforte;;;;1063
13.09.2020;05914000;Gösselnhof;;;;3162
13.09.2020;05914000;Goswinstr.;;;;1062
13.09.2020;05914000;Gotenweg;;;;3192
13.09.2020;05914000;Gottfried-Keller-Str.;;;;2142
13.09.2020;05914000;Grabenstr.;21-44;;;1011
13.09.2020;05914000;Grabenstr.;1-16;;;1021
13.09.2020;05914000;Grabweg;;;;4225
13.09.2020;05914000;Graf-von-Galen-Ring;17-47;;;1011
13.09.2020;05914000;Graf-von-Galen-Ring;1-16;;;1031
13.09.2020;05914000;Gräweken;;;;2126
13.09.2020;05914000;Grazer Str.;;;;5263
13.09.2020;05914000;Grenzweg;;;;1052
13.09.2020;05914000;Griesenbecke;;;;4223
13.09.2020;05914000;Grimmestr.;2-20 ger.;;;2141
13.09.2020;05914000;Grimmestr.;1-39 ung.;;;2142
13.09.2020;05914000;Großer Kamp;;;;3162
13.09.2020;05914000;Grubenstr.;;;;4214
13.09.2020;05914000;Grummertstr.;;;;1092
13.09.2020;05914000;Gründelbusch;;;;3162
13.09.2020;05914000;Grundschötteler Str.;2-4;;;5242
13.09.2020;05914000;Grundschötteler Str.;34-80;;;5262
13.09.2020;05914000;Grundschötteler Str.;7-32;;;5232
13.09.2020;05914000;Grüner Weg;;;;3174
13.09.2020;05914000;Grünrockstr.;;;;3176
13.09.2020;05914000;Grünstr.;18,20,27-36;;;1093
13.09.2020;05914000;Grünstr.;6-17,19-23 ung.;;;1105
13.09.2020;05914000;Gumprechtstr.;;;;3184
13.09.2020;05914000;Gußstahlweg;;;;2125
13.09.2020;05914000;Gustavstr.;;;;1091
13.09.2020;05914000;Gut Hausen;;;;2111
13.09.2020;05914000;Gut Kuhweide;;;;4221
13.09.2020;05914000;Gut Schönfeld;;;;2151
13.09.2020;05914000;Gutenbergstr.;3-19 ung.,26-30;;;1092
13.09.2020;05914000;Gutenbergstr.;32,34;;;1094
13.09.2020;05914000;Gutenbergstr.;4-24 ger.;;;1091
13.09.2020;05914000;Haardtstr.;;;;3183
13.09.2020;05914000;Haarstrangweg;;;;3162
13.09.2020;05914000;Habichtsweg;;;;1062
13.09.2020;05914000;Hacheney;;;;3174
13.09.2020;05914000;Haenelstr.;;;;5242
13.09.2020;05914000;Haferkamp;17-63 ung.;;;1065
13.09.2020;05914000;Haferkamp;1-16,18-74 ger.,75-134;;;1064
13.09.2020;05914000;Hagener Str.;86-108;;;2144
13.09.2020;05914000;Hagener Str.;110-134 ger.;;;2143
13.09.2020;05914000;Hagener Str.;77,125;;;2136
13.09.2020;05914000;Hagener Str.;2-72;;;2114
13.09.2020;05914000;Hagener Str.;1;;;2115
13.09.2020;05914000;Hahnenbergs Garten;;;;3165
13.09.2020;05914000;Hahngericht;;;;5255
13.09.2020;05914000;Halde;;;;4223
13.09.2020;05914000;Haldener Str.;87-127 ung.,168-215;;;1081
13.09.2020;05914000;Haldener Str.;1-34,36-40 ger.;;;1083
13.09.2020;05914000;Haldener Str.;62-80 ger.,81-86,92-152 ger.;;;1084
13.09.2020;05914000;Haldener Str.;35-41 ung.,42-61,67-75 ung.;;;1082
13.09.2020;05914000;Hameckestr.;;;;2141
13.09.2020;05914000;Hammacherstr.;;;;3163
13.09.2020;05914000;Hammersteinstr.;;;;2121
13.09.2020;05914000;Hammerstr.;;;;5242
13.09.2020;05914000;Hampe;;;;4222
13.09.2020;05914000;Händelstr.;7-22;;;1054
13.09.2020;05914000;Händelstr.;2;;;1081
13.09.2020;05914000;Hangweg;;;;4223
13.09.2020;05914000;Hardenbergstr.;2-6 ger.;;;1023
13.09.2020;05914000;Hardenbergstr.;1-7 ung.,8-53;;;1055
13.09.2020;05914000;Harkortstr.;6-30,32-98 ger.;;;5231
13.09.2020;05914000;Harkortstr.;53-125 ung.;;;5262
13.09.2020;05914000;Harkortstr.;31-51 ung.;;;5264
13.09.2020;05914000;Hartmannstr.;14-18 ger.;;;2111
13.09.2020;05914000;Hartmannstr.;3-23 ung.;;;2152
13.09.2020;05914000;Harzstr.;;;;3162
13.09.2020;05914000;Hasencleverstr.;;;;5234
13.09.2020;05914000;Hasenlauf;1-19;;;1071
13.09.2020;05914000;Hasenlauf;20-48;;;1072
13.09.2020;05914000;Hasperbruch;;;;5251
13.09.2020;05914000;Hasselbach;;;;3165
13.09.2020;05914000;Hasselstr.;;;;4202
13.09.2020;05914000;Haßleyer Str.;19-45 ung.;;;1063
13.09.2020;05914000;Haßleyer Str.;2-50 ger.;;;1062
13.09.2020;05914000;Haus Busch;;;;2133
13.09.2020;05914000;Haus Elfriedenhöh;;;;1013
13.09.2020;05914000;Haus Harkorten;;;;5231
13.09.2020;05914000;Haus Ruhreck;;;;2112
13.09.2020;05914000;Haus Uffeln;;;;4224
13.09.2020;05914000;Heckenweg;;;;1043
13.09.2020;05914000;Hedwigstr.;;;;1102
13.09.2020;05914000;Heedfelder Str.;;;;4224
13.09.2020;05914000;Hegelstr.;;;;2152
13.09.2020;05914000;Hegenberg;;;;4223
13.09.2020;05914000;Hegge;;;;3191
13.09.2020;05914000;Heidbrache;;;;1041
13.09.2020;05914000;Heideschulweg;;;;3174
13.09.2020;05914000;Heidestr.;56-62 ger.,63-119;;;3173
13.09.2020;05914000;Heidestr.;5-53,57,59;;;3174
13.09.2020;05914000;Heidnocken;;;;3163
13.09.2020;05914000;Heigarenweg;;;;2134
13.09.2020;05914000;Heiler Weg;;;;5263
13.09.2020;05914000;Heilig-Geist-Str.;;;;5251
13.09.2020;05914000;Heimstatt;;;;1043
13.09.2020;05914000;Heinitzstr.;53-81;;;1055
13.09.2020;05914000;Heinitzstr.;2-40 ger.;;;1022
13.09.2020;05914000;Heinitzstr.;43-51;;;1051
13.09.2020;05914000;Heinrich-Heine-Str.;9-15;;;2143
13.09.2020;05914000;Heinrich-Heine-Str.;6,8,19-41;;;2145
13.09.2020;05914000;Heinrichstr.;;;;1101
13.09.2020;05914000;Heinrich-Zille-Str.;;;;1081
13.09.2020;05914000;Helbecke;;;;4223
13.09.2020;05914000;Helfer Str.;2-24 ger.;;;2114
13.09.2020;05914000;Helfer Str.;1-21 ung.;;;2115
13.09.2020;05914000;Helfer Str.;25-46;;;2131
13.09.2020;05914000;Helfer Str.;68-76 ger.;;;2132
13.09.2020;05914000;Helfer Str.;69,71;;;2133
13.09.2020;05914000;Hellweg;;;;2133
13.09.2020;05914000;Helmholtzstr.;;;;1042
13.09.2020;05914000;Hemker Kopf;;;;4222
13.09.2020;05914000;Hemker Weg;2-38;;;4222
13.09.2020;05914000;Hemker Weg;60;;;4223
13.09.2020;05914000;Hengstenberg;;;;4223
13.09.2020;05914000;Hengstenbergweg;;;;4222
13.09.2020;05914000;Hengsteyer Str.;3-53 ung.;;;2113
13.09.2020;05914000;Hengsteyer Str.;2-32 ger.,65-103;;;2116
13.09.2020;05914000;Henkhauser Str.;57-67 ung.;;;3193
13.09.2020;05914000;Henkhauser Str.;1-26;;;3192
13.09.2020;05914000;Henkhauser Str.;40-68 ger.;;;3194
13.09.2020;05914000;Henrichsiepen;;;;2134
13.09.2020;05914000;Henschelstr.;;;;1094
13.09.2020;05914000;Herbecker Weg;;;;3163
13.09.2020;05914000;Herdecker Str.;56,66;;;2111
13.09.2020;05914000;Herdecker Str.;8,9;;;2153
13.09.2020;05914000;Herderstr.;;;;2153
13.09.2020;05914000;Hermannstr.;23-31 ung.,32-44;;;1034
13.09.2020;05914000;Hermannstr.;1-7,12-26 ger.;;;1033
13.09.2020;05914000;Hermannstr.;11-19 ung.;;;1025
13.09.2020;05914000;Hermann-Sudermann-Str.;;;;5266
13.09.2020;05914000;Hermesstr.;;;;1083
13.09.2020;05914000;Herrenstr.;1-14,16;;;3176
13.09.2020;05914000;Herrenstr.;15,17;;;3184
13.09.2020;05914000;Herrenstr.;18-32;;;3185
13.09.2020;05914000;Hestertstr.;;;;5254
13.09.2020;05914000;Heubingstr.;;;;5234
13.09.2020;05914000;Heuerfeld;;;;1043
13.09.2020;05914000;Heugarten;;;;2134
13.09.2020;05914000;Heuland;;;;1063
13.09.2020;05914000;Heydastr.;;;;3162
13.09.2020;05914000;Hierseier Weg;;;;3185
13.09.2020;05914000;Hilgenland;;;;2113
13.09.2020;05914000;Hindenburgstr.;5-35;;;1011
13.09.2020;05914000;Hindenburgstr.;2;;;1031
13.09.2020;05914000;Hinter den Gärten;;;;1074
13.09.2020;05914000;Hobräck;;;;4225
13.09.2020;05914000;Hobräcker Weg;;;;3183
13.09.2020;05914000;Hochofenstr.;;;;5242
13.09.2020;05914000;Hochstr.;65-83,90,92;;;1013
13.09.2020;05914000;Hochstr.;87-93 ung.,94-134;;;1012
13.09.2020;05914000;Hochstr.;1-58;;;4201
13.09.2020;05914000;Hof Tempel;;;;5255
13.09.2020;05914000;Hoffnungstaler Str.;;;;4222
13.09.2020;05914000;Höfinghoffstr.;;;;4225
13.09.2020;05914000;Hofplatz;;;;2126
13.09.2020;05914000;Hofstr.;;;;5243
13.09.2020;05914000;Hoheleye;;;;2134
13.09.2020;05914000;Hohenfor;;;;4215
13.09.2020;05914000;Hohenlimburger Str.;1-5;;;1063
13.09.2020;05914000;Hohenlimburger Str.;35,81;;;3163
13.09.2020;05914000;Hohenlimburger Str.;198-218 ger.;;;3185
13.09.2020;05914000;Hohenlimburger Str.;80-96 ger.,105-197,199-217 ung.;;;3191
13.09.2020;05914000;Hohenzollernstr.;;;;1012
13.09.2020;05914000;Hohle Str.;2-62,64;;;4215
13.09.2020;05914000;Hohle Str.;63,65-124;;;4213
13.09.2020;05914000;Höhwaldstr.;;;;4212
13.09.2020;05914000;Holbeinstr.;1;;;1083
13.09.2020;05914000;Holbeinstr.;2-12;;;1082
13.09.2020;05914000;Holthauser Str.;;;;3191
13.09.2020;05914000;Holunderweg;;;;1065
13.09.2020;05914000;Homertstr.;;;;4225
13.09.2020;05914000;Hönnestr.;;;;1022
13.09.2020;05914000;Hördenstr.;1-25;;;5243
13.09.2020;05914000;Hördenstr.;29-85;;;5253
13.09.2020;05914000;Hospitalstr.;;;;2115
13.09.2020;05914000;Houbenstr.;;;;1041
13.09.2020;05914000;Hövelstr.;;;;3163
13.09.2020;05914000;Hovestadtstr.;1-35;;;1064
13.09.2020;05914000;Hovestadtstr.;37;;;1065
13.09.2020;05914000;Höxterstr.;;;;5235
13.09.2020;05914000;H.-Tilmann-Weg;;;;3165
13.09.2020;05914000;Hubertusstr.;;;;4204
13.09.2020;05914000;Hückinghausen;;;;4223
13.09.2020;05914000;Hufelandstr.;;;;1042
13.09.2020;05914000;Hügelstr.;;;;2144
13.09.2020;05914000;Hugo-Preuß-Str.;;;;1011
13.09.2020;05914000;Hülsbergstr.;;;;2154
13.09.2020;05914000;Hülsemannweg;;;;3175
13.09.2020;05914000;Humboldtstr.;;;;1012
13.09.2020;05914000;Hummelbachstr.;;;;4214
13.09.2020;05914000;Humperdinckstr.;;;;3193
13.09.2020;05914000;Humpertstr.;2-8 ger.;;;1052
13.09.2020;05914000;Humpertstr.;3-21 ung.;;;1051
13.09.2020;05914000;Hunsdiek;;;;4225
13.09.2020;05914000;Hunsrückstr.;;;;3162
13.09.2020;05914000;Husterstr.;;;;3191
13.09.2020;05914000;Hüsteystr.;;;;4214
13.09.2020;05914000;Hütte;;;;5255
13.09.2020;05914000;Hüttenbergstr.;;;;4204
13.09.2020;05914000;Hüttenplatz;;;;5241
13.09.2020;05914000;Im Alten Holz;1-66;;;1053
13.09.2020;05914000;Im Alten Holz;71-184;;;3162
13.09.2020;05914000;Im Bardensiepen;;;;3175
13.09.2020;05914000;Im Braucke;;;;2126
13.09.2020;05914000;Im Dahl;;;;2151
13.09.2020;05914000;Im Deerth;2-7;;;1094
13.09.2020;05914000;Im Deerth;10;;;5254
13.09.2020;05914000;Im Dorf;;;;2126
13.09.2020;05914000;Im Dünningsbruch;;;;1065
13.09.2020;05914000;Im Eckey;;;;2126
13.09.2020;05914000;Im Eichenwald;;;;1072
13.09.2020;05914000;Im Eichhof;;;;3165
13.09.2020;05914000;Im Erlenbusch;;;;1072
13.09.2020;05914000;Im Flasspoth;;;;2126
13.09.2020;05914000;Im Gärtchen;;;;3191
13.09.2020;05914000;Im Gersegge;;;;3171
13.09.2020;05914000;Im Grund;;;;4224
13.09.2020;05914000;Im Haerte;;;;4225
13.09.2020;05914000;Im Hamperbach;;;;4222
13.09.2020;05914000;Im Hanewinkel;;;;5254
13.09.2020;05914000;Im Hördenbruch;;;;5253
13.09.2020;05914000;Im Kampe;;;;3164
13.09.2020;05914000;Im Kettelbach;;;;5255
13.09.2020;05914000;Im Kirchenberg;;;;3166
13.09.2020;05914000;Im Kley;4-30 ger.;;;3172
13.09.2020;05914000;Im Kley;9-39 ung.;;;3194
13.09.2020;05914000;Im Klosterkamp;28-40 ger.;;;3176
13.09.2020;05914000;Im Klosterkamp;1-23,31-41 ung.;;;3192
13.09.2020;05914000;Im Kurk;;;;5255
13.09.2020;05914000;Im Kursbrink;;;;5233
13.09.2020;05914000;Im Langen Lohe;;;;1062
13.09.2020;05914000;Im Langenstück;;;;4221
13.09.2020;05914000;Im Lindental;;;;5242
13.09.2020;05914000;Im Löhenbusch;;;;3171
13.09.2020;05914000;Im Löhken;;;;2122
13.09.2020;05914000;Im Lonscheid;;;;5255
13.09.2020;05914000;Im Mühlenwert;;;;5242
13.09.2020;05914000;Im Niederfeld;;;;3192
13.09.2020;05914000;Im Nordfeld;;;;3164
13.09.2020;05914000;Im Ölm;26-32 ger.;;;3166
13.09.2020;05914000;Im Ölm;25-79 ung.;;;3194
13.09.2020;05914000;Im Ostfeld;;;;3171
13.09.2020;05914000;Im Rosengarten;;;;1085
13.09.2020;05914000;Im Sibb;;;;3173
13.09.2020;05914000;Im Sonnenwinkel;;;;3166
13.09.2020;05914000;Im Spieck;;;;3175
13.09.2020;05914000;Im Stell;;;;2151
13.09.2020;05914000;Im Stift;;;;3192
13.09.2020;05914000;Im Stockhof;;;;3194
13.09.2020;05914000;Im Strang;;;;1074
13.09.2020;05914000;Im Teitlande;;;;5254
13.09.2020;05914000;Im Voßhegte;;;;5256
13.09.2020;05914000;Im Weinhof;;;;3176
13.09.2020;05914000;Im Werth;;;;4221
13.09.2020;05914000;Im Wiedenbusch;;;;2131
13.09.2020;05914000;Im Wiesengrund;;;;1072
13.09.2020;05914000;Im Winkel;;;;4223
13.09.2020;05914000;Imkerweg;2-26 ger.;;;2151
13.09.2020;05914000;Imkerweg;3-17 ung.;;;2154
13.09.2020;05914000;In den Erlen;;;;2154
13.09.2020;05914000;In den Höfen;;;;3174
13.09.2020;05914000;In den Rotbüschen;;;;3164
13.09.2020;05914000;In den Wiesen;;;;2126
13.09.2020;05914000;In der Arche;11;;;3184
13.09.2020;05914000;In der Arche;8;;;3185
13.09.2020;05914000;In der Asmecke;;;;4225
13.09.2020;05914000;In der Delle;;;;5261
13.09.2020;05914000;In der Geweke;;;;5234
13.09.2020;05914000;In der Halle;;;;2154
13.09.2020;05914000;In der Hocksche;;;;2126
13.09.2020;05914000;In der Hülsche;;;;5233
13.09.2020;05914000;In der Imke;;;;2154
13.09.2020;05914000;In der Krone;;;;2125
13.09.2020;05914000;In der Luke;;;;1062
13.09.2020;05914000;In der Senke;;;;1061
13.09.2020;05914000;In der Welle;;;;4214
13.09.2020;05914000;Innsbrucker Str.;;;;5232
13.09.2020;05914000;Intzestr.;;;;5256
13.09.2020;05914000;Iserlohner Str.;7-15 ung.;;;3176
13.09.2020;05914000;Iserlohner Str.;17-29 ung.;;;3192
13.09.2020;05914000;Iserlohner Str.;125,192;;;3171
13.09.2020;05914000;Iserlohner Str.;72-182 ger.;;;3173
13.09.2020;05914000;Iserlohner Str.;2-70 ger.;;;3174
13.09.2020;05914000;Iserlohner Str.;59-115 ung.;;;3175
13.09.2020;05914000;Jagdweg;;;;3165
13.09.2020;05914000;Jägerstr.;;;;4202
13.09.2020;05914000;Jahnstr.;;;;3185
13.09.2020;05914000;Jakobstr.;;;;1101
13.09.2020;05914000;Johann-F.-Oberlin-Str.;11-15;;;2132
13.09.2020;05914000;Johann-F.-Oberlin-Str.;4-10 ger.;;;2136
13.09.2020;05914000;Johanniskirchplatz;;;;4201
13.09.2020;05914000;Joh.-Gottlieb-Fichte-Str.;;;;2111
13.09.2020;05914000;Jugendstr.;;;;5263
13.09.2020;05914000;Jungfernbruch;;;;5231
13.09.2020;05914000;Kabeler Str.;;;;2125
13.09.2020;05914000;Kaiserstr.;;;;3184
13.09.2020;05914000;Kalkstr.;;;;3181
13.09.2020;05914000;Kallestr.;;;;4225
13.09.2020;05914000;Kalthausen;;;;4223
13.09.2020;05914000;Kalthauser Bach;;;;4223
13.09.2020;05914000;Kammannstr.;2-88 ger.;;;1024
13.09.2020;05914000;Kammannstr.;1-29 ung.;;;1022
13.09.2020;05914000;Kampstr.;2-10 ger.,11-34;;;1012
13.09.2020;05914000;Kampstr.;1-5 ung.;;;1013
13.09.2020;05914000;Kantstr.;;;;1055
13.09.2020;05914000;Kapellenstr.;1-29,31,33;;;2143
13.09.2020;05914000;Kapellenstr.;30,35-76;;;2145
13.09.2020;05914000;Kapellenstr.;86;;;2142
13.09.2020;05914000;Karl-E.-Osthaus-Str.;90;;;1074
13.09.2020;05914000;Karl-E.-Osthaus-Str.;68-84 ger.;;;1073
13.09.2020;05914000;Karl-E.-Osthaus-Str.;4-56 ger.;;;1072
13.09.2020;05914000;Karl-E.-Osthaus-Str.;1-31 ung.;;;1061
13.09.2020;05914000;Karl-E.-Osthaus-Str.;35-79 ung.;;;1062
13.09.2020;05914000;Karl-Gerharts-Str.;;;;2126
13.09.2020;05914000;Karl-Halle-Str.;16-80 ger.,81-133;;;1055
13.09.2020;05914000;Karl-Halle-Str.;2-15,17-79 ung.;;;1051
13.09.2020;05914000;Karl-Marx-Str.;;;;1011
13.09.2020;05914000;Karl-Schlickum-Weg;;;;4215
13.09.2020;05914000;Karlstr.;;;;5242
13.09.2020;05914000;Käsbergstr.;;;;5262
13.09.2020;05914000;Kastanienweg;;;;3164
13.09.2020;05914000;Käthe-Kollwitz-Str.;;;;1081
13.09.2020;05914000;Kattenohl;;;;4225
13.09.2020;05914000;Keplerstr.;;;;4225
13.09.2020;05914000;Kettelerstr.;;;;2133
13.09.2020;05914000;Kiebitzweg;;;;3194
13.09.2020;05914000;Kiefernstr.;;;;1103
13.09.2020;05914000;Kinkelstr.;1-7,8;;;1024
13.09.2020;05914000;Kinkelstr.;7-13 ung.,14-42;;;1034
13.09.2020;05914000;Kinzigstr.;;;;1034
13.09.2020;05914000;Kipperstr.;;;;5266
13.09.2020;05914000;Kirchbergstr.;;;;2152
13.09.2020;05914000;Kirchlohweg;;;;2116
13.09.2020;05914000;Kirchstr.;2,6-31;;;2115
13.09.2020;05914000;Kirchstr.;1-5 ung.;;;2121
13.09.2020;05914000;Kirmesplatz;;;;5242
13.09.2020;05914000;Kirschenweg;;;;2154
13.09.2020;05914000;Klagenfurtstr.;;;;5262
13.09.2020;05914000;Klaraweg;;;;1102
13.09.2020;05914000;Kleekamp;;;;3174
13.09.2020;05914000;Kleiberweg;;;;3194
13.09.2020;05914000;Kleine Str.;;;;2112
13.09.2020;05914000;Kleiststr.;;;;1082
13.09.2020;05914000;Klippchen;;;;3191
13.09.2020;05914000;Klippe;;;;4223
13.09.2020;05914000;Klopstockstr.;;;;2153
13.09.2020;05914000;Klosterstr.;;;;1055
13.09.2020;05914000;Kluser Weg;;;;4223
13.09.2020;05914000;Klusfeld;;;;4223
13.09.2020;05914000;Klusholz;;;;4223
13.09.2020;05914000;Klutertweg;;;;5253
13.09.2020;05914000;Kniestr.;;;;4202
13.09.2020;05914000;Knippschildstr.;20;;;1044
13.09.2020;05914000;Knippschildstr.;40-69;;;2134
13.09.2020;05914000;Knippschildstr.;5;;;2135
13.09.2020;05914000;Knüwenstr.;39-49 ung.,50-68;;;2115
13.09.2020;05914000;Knüwenstr.;2-38,40-48 ger.;;;2123
13.09.2020;05914000;Koboldweg;;;;5261
13.09.2020;05914000;Kochstr.;;;;1032
13.09.2020;05914000;Kockenhof;;;;3164
13.09.2020;05914000;Köckingstr.;;;;5252
13.09.2020;05914000;Kohlbergstr.;;;;4225
13.09.2020;05914000;Köhlerweg;5-9 ung.,16;;;1074
13.09.2020;05914000;Köhlerweg;2-10 ger.,24;;;1075
13.09.2020;05914000;Koksstr.;;;;5266
13.09.2020;05914000;Kolbenstr.;;;;3191
13.09.2020;05914000;Kolmarer Str.;;;;4215
13.09.2020;05914000;Kölner Str.;3;;;5241
13.09.2020;05914000;Kölner Str.;2,4-81;;;5242
13.09.2020;05914000;Kolpingstr.;;;;3184
13.09.2020;05914000;Königsberger Str.;24-33;;;3192
13.09.2020;05914000;Königsberger Str.;2-22;;;3194
13.09.2020;05914000;Königstr.;1-8,10-36 ger.;;;1024
13.09.2020;05914000;Königstr.;9-31 ung.;;;1034
13.09.2020;05914000;Konkordiastr.;;;;1012
13.09.2020;05914000;Kopernikusstr.;;;;4225
13.09.2020;05914000;Körnerstr.;73-85 ung.;;;1031
13.09.2020;05914000;Körnerstr.;25-71 ung.;;;1011
13.09.2020;05914000;Körnerstr.;48-94 ger.;;;1021
13.09.2020;05914000;Kornstr.;;;;5264
13.09.2020;05914000;Kösliner Str.;;;;3192
13.09.2020;05914000;Kottmannstr.;;;;1106
13.09.2020;05914000;Krähenweg;;;;1062
13.09.2020;05914000;Krähnockenstr.;76-100;;;4212
13.09.2020;05914000;Krähnockenstr.;23,25-41;;;4211
13.09.2020;05914000;Krähnockenstr.;50-70;;;4204
13.09.2020;05914000;Krähnockenstr.;75;;;4203
13.09.2020;05914000;Krähnockenstr.;5-22,24;;;4202
13.09.2020;05914000;Krambergstr.;4-66 ger.;;;2124
13.09.2020;05914000;Krambergstr.;1-57 ung.;;;2123
13.09.2020;05914000;Kratzkopfstr.;;;;1014
13.09.2020;05914000;Kreishausstr.;;;;1022
13.09.2020;05914000;Kreuzweg;;;;2114
13.09.2020;05914000;Kronenburgstr.;;;;3183
13.09.2020;05914000;Krummewiese;;;;4224
13.09.2020;05914000;Küferstr.;1-7 ung.;;;1083
13.09.2020;05914000;Küferstr.;2-8 ger.;;;1082
13.09.2020;05914000;Kuhlen Hardt;;;;1101
13.09.2020;05914000;Kuhlestr.;;;;1101
13.09.2020;05914000;Külpestr.;1-20;;;2123
13.09.2020;05914000;Külpestr.;21-25;;;2124
13.09.2020;05914000;Kumbruchstr.;;;;1063
13.09.2020;05914000;Kurfürstenstr.;3-16;;;4204
13.09.2020;05914000;Kurfürstenstr.;18,20;;;4203
13.09.2020;05914000;Kurt-Schumacher-Ring;;;;5242
13.09.2020;05914000;Kurze Str.;;;;5251
13.09.2020;05914000;Küsterskamp;;;;3164
13.09.2020;05914000;Laake;;;;4214
13.09.2020;05914000;Lahmen Hasen;;;;3183
13.09.2020;05914000;Lahnstr.;1-13;;;1025
13.09.2020;05914000;Lahnstr.;15-30;;;1033
13.09.2020;05914000;Lange Str.;51-57 ung.,58-94,96-142 ger.;;;1091
13.09.2020;05914000;Lange Str.;95-133 ung.;;;1094
13.09.2020;05914000;Lange Str.;2-50,52;;;1106
13.09.2020;05914000;Langenbeckstr.;;;;1044
13.09.2020;05914000;Langenkampstr.;;;;3176
13.09.2020;05914000;Lassallestr.;;;;2135
13.09.2020;05914000;Lauweriksstr.;;;;2132
13.09.2020;05914000;Lehrer-Schröder-Weg;;;;3191
13.09.2020;05914000;Lehrkind;;;;4222
13.09.2020;05914000;Leiblstr.;1-8;;;1082
13.09.2020;05914000;Leiblstr.;10-26;;;1084
13.09.2020;05914000;Leimstr.;18-46 ger.,47-83;;;5243
13.09.2020;05914000;Leimstr.;1-17,19-45 ung.;;;5251
13.09.2020;05914000;Lenaustr.;;;;2153
13.09.2020;05914000;Lennestr.;26-77;;;3161
13.09.2020;05914000;Lennestr.;78-92;;;3162
13.09.2020;05914000;Lenneuferstr.;;;;3184
13.09.2020;05914000;Lenzmannstr.;;;;1013
13.09.2020;05914000;Leopoldstr.;10-48,52;;;1101
13.09.2020;05914000;Leopoldstr.;49-57 ung.;;;1102
13.09.2020;05914000;Lerchenfeld;;;;5232
13.09.2020;05914000;Lerchenweg;;;;3194
13.09.2020;05914000;Lessingstr.;1-30;;;2142
13.09.2020;05914000;Lessingstr.;31-67;;;2144
13.09.2020;05914000;Letmather Str.;67-73 ung.;;;3171
13.09.2020;05914000;Letmather Str.;1-65,72;;;3173
13.09.2020;05914000;Letterhausstr.;;;;2133
13.09.2020;05914000;Lichtenböcken;;;;3164
13.09.2020;05914000;Liebfrauenstr.;;;;2154
13.09.2020;05914000;Liebigstr.;10-16 ger.,27-41;;;1014
13.09.2020;05914000;Liebigstr.;1-21 ung.;;;1083
13.09.2020;05914000;Lievinstr.;;;;3174
13.09.2020;05914000;Ligusterweg;;;;4222
13.09.2020;05914000;Lilienstr.;23-31 ung.,40-48;;;1065
13.09.2020;05914000;Lilienstr.;1-22,24-36 ger.;;;1081
13.09.2020;05914000;Lilienthalstr.;;;;1073
13.09.2020;05914000;Lindenbergstr.;16-36;;;3174
13.09.2020;05914000;Lindenbergstr.;2-13;;;3175
13.09.2020;05914000;Lindenstr.;;;;2154
13.09.2020;05914000;Linnenkamp;;;;2134
13.09.2020;05914000;Linnufer;;;;3164
13.09.2020;05914000;Linscheid;;;;4223
13.09.2020;05914000;Linscheid Brechtefeld;;;;4223
13.09.2020;05914000;Linzer Str.;;;;5232
13.09.2020;05914000;Lippestr.;;;;1025
13.09.2020;05914000;Lohestr.;;;;1062
13.09.2020;05914000;Lohmannstr.;;;;3176
13.09.2020;05914000;Lolochstr.;;;;3185
13.09.2020;05914000;Lönsweg;;;;2145
13.09.2020;05914000;Lortzingstr.;4-14;;;1055
13.09.2020;05914000;Lortzingstr.;16-22;;;1054
13.09.2020;05914000;Lothringer Str.;;;;4214
13.09.2020;05914000;Louise-Märcker-Str.;17-27;;;5264
13.09.2020;05914000;Louise-Märcker-Str.;2-15;;;5231
13.09.2020;05914000;Louise-Märcker-Str.;33-39;;;5262
13.09.2020;05914000;Louise-Schröder-Str.;;;;2133
13.09.2020;05914000;Loxbaumstr.;38-58 ger.;;;1052
13.09.2020;05914000;Loxbaumstr.;2-37,39-113 ung.;;;1044
13.09.2020;05914000;Lücköge;;;;4222
13.09.2020;05914000;Luisenstr.;;;;4204
13.09.2020;05914000;Lukasstr.;;;;1085
13.09.2020;05914000;Lüling;;;;4221
13.09.2020;05914000;Lürwald;;;;3164
13.09.2020;05914000;Lütkehofstr.;;;;4214
13.09.2020;05914000;Lütkenheider Str.;;;;2112
13.09.2020;05914000;Lützowstr.;45-71 ung.;;;1023
13.09.2020;05914000;Lützowstr.;66-72 ger.;;;1084
13.09.2020;05914000;Lützowstr.;74-138 ger.;;;1081
13.09.2020;05914000;Lützowstr.;1-19 ung.,50-64 ger.;;;1082
13.09.2020;05914000;Lützowstr.;2-46 ger.;;;1083
13.09.2020;05914000;Lützowstr.;73-113 ung.;;;1054
13.09.2020;05914000;Lycker Str.;;;;2151
13.09.2020;05914000;Mäcking;;;;4212
13.09.2020;05914000;Mainstr.;;;;1025
13.09.2020;05914000;Mallnitzer Str.;;;;1062
13.09.2020;05914000;Malmedystr.;;;;1061
13.09.2020;05914000;Malmkestr.;1-24;;;2142
13.09.2020;05914000;Malmkestr.;66;;;2114
13.09.2020;05914000;Malmkestr.;25-62;;;2144
13.09.2020;05914000;Margaretenstr.;;;;1102
13.09.2020;05914000;Mariengasse;;;;1013
13.09.2020;05914000;Marienstr.;;;;1013
13.09.2020;05914000;Markanastr.;;;;5241
13.09.2020;05914000;Märkische Str.;;;;5243
13.09.2020;05914000;Märkischer Ring;54-60 ger.,83-95 ung.;;;1021
13.09.2020;05914000;Märkischer Ring;90-100 ger.,101-116,120,122;;;1014
13.09.2020;05914000;Märkischer Ring;43-77 ung.;;;1022
13.09.2020;05914000;Märkischer Ring;19-41;;;1024
13.09.2020;05914000;Märkischer Ring;1-17;;;1031
13.09.2020;05914000;Märkischer Ring;117,119;;;4201
13.09.2020;05914000;Markland;;;;4222
13.09.2020;05914000;Markt;;;;3176
13.09.2020;05914000;Marktstr.;;;;3192
13.09.2020;05914000;Martin-Luther-Str.;;;;1011
13.09.2020;05914000;Martinstr.;;;;5266
13.09.2020;05914000;Masurenstr.;;;;2151
13.09.2020;05914000;Mauerstr.;;;;1106
13.09.2020;05914000;Max-Beckmann-Str.;;;;1081
13.09.2020;05914000;Max-Planck-Str.;;;;1074
13.09.2020;05914000;Mecklenburger Str.;;;;2151
13.09.2020;05914000;Memeler Str.;1-9;;;2125
13.09.2020;05914000;Memeler Str.;10-30;;;2116
13.09.2020;05914000;Metzer Str.;1-5 ung.;;;4215
13.09.2020;05914000;Metzer Str.;2-22 ger.,23-48;;;4213
13.09.2020;05914000;Michaelstr.;;;;1102
13.09.2020;05914000;Middendorfweg;;;;3193
13.09.2020;05914000;Milchenbach;;;;4221
13.09.2020;05914000;Milly-Steger-Str.;;;;1063
13.09.2020;05914000;Minervastr.;1-4;;;1103
13.09.2020;05914000;Minervastr.;8,15-45;;;1091
13.09.2020;05914000;Minervastr.;9,11;;;1092
13.09.2020;05914000;Mittelstr.;;;;1013
13.09.2020;05914000;Möllerstr.;8-108 ger.;;;3175
13.09.2020;05914000;Möllerstr.;45-115 ung.;;;3172
13.09.2020;05914000;Möllerstr.;17-35 ung.;;;3194
13.09.2020;05914000;Möllerstr.;3-7 ung.;;;3192
13.09.2020;05914000;Mollstr.;;;;1021
13.09.2020;05914000;Moltkestr.;;;;1105
13.09.2020;05914000;Mönigfeld;;;;4224
13.09.2020;05914000;Monschauer Str.;;;;1061
13.09.2020;05914000;Moosweg;;;;4222
13.09.2020;05914000;Mörikeweg;;;;2144
13.09.2020;05914000;Moselstr.;;;;1034
13.09.2020;05914000;Mozartstr.;;;;3193
13.09.2020;05914000;Mühlbachstr.;;;;4222
13.09.2020;05914000;Mühlenbergstr.;;;;3176
13.09.2020;05914000;Mühlenbrinkstr.;;;;2154
13.09.2020;05914000;Mühlenstr.;;;;4201
13.09.2020;05914000;Mühlenteichstr.;;;;3183
13.09.2020;05914000;Muhler Str.;;;;4224
13.09.2020;05914000;Mühlhauser Str.;;;;4214
13.09.2020;05914000;Nachtigallenstr.;;;;1093
13.09.2020;05914000;Nahestr.;5-16;;;1025
13.09.2020;05914000;Nahestr.;2,4;;;1034
13.09.2020;05914000;Nahmerbach;;;;3183
13.09.2020;05914000;Nahmertal;;;;3183
13.09.2020;05914000;Natorpstr.;;;;1014
13.09.2020;05914000;Neckarstr.;;;;1034
13.09.2020;05914000;Neisenstr.;;;;2126
13.09.2020;05914000;Nelkenstr.;;;;1081
13.09.2020;05914000;Neue Str.;2-26,28-36 ger.;;;5265
13.09.2020;05914000;Neue Str.;27-35 ung.;;;5266
13.09.2020;05914000;Neuer Kronocken;;;;3166
13.09.2020;05914000;Neuer Mühlenweg;;;;2126
13.09.2020;05914000;Neuer Schloßweg;1-49 ung.;;;3184
13.09.2020;05914000;Neuer Schloßweg;2-48 ger.;;;3185
13.09.2020;05914000;Neumarktstr.;1,2,3-24;;;1011
13.09.2020;05914000;Neumarktstr.;1,2;;;1021
13.09.2020;05914000;Niederkattwinkel;;;;4223
13.09.2020;05914000;Niedernhofstr.;;;;2112
13.09.2020;05914000;Niederstr.;;;;3181
13.09.2020;05914000;Niggenbölling;;;;4225
13.09.2020;05914000;Nimmertal;18,31-135;;;3183
13.09.2020;05914000;Nimmertal;7,25;;;4225
13.09.2020;05914000;Nöckel;;;;5253
13.09.2020;05914000;Nockenwiese;;;;4221
13.09.2020;05914000;Nöhstr.;1-16;;;2152
13.09.2020;05914000;Nöhstr.;17-47;;;2154
13.09.2020;05914000;Nordhellestr.;;;;4225
13.09.2020;05914000;Nordstr.;;;;5265
13.09.2020;05914000;Obere Hasselbach;;;;3165
13.09.2020;05914000;Obere Isenbergstr.;;;;3184
13.09.2020;05914000;Obere Rehstr.;;;;1094
13.09.2020;05914000;Obere Spiekerstr.;;;;5243
13.09.2020;05914000;Obere Stormstr.;;;;2141
13.09.2020;05914000;Obere Wasserstr.;;;;1014
13.09.2020;05914000;Oberer Altlohweg;;;;1072
13.09.2020;05914000;Oberkattwinkel;;;;4223
13.09.2020;05914000;Obernahmerstr.;;;;3183
13.09.2020;05914000;Oberste Hülsberg;;;;2151
13.09.2020;05914000;Odenwaldstr.;;;;3162
13.09.2020;05914000;Oedenburgstr.;;;;5232
13.09.2020;05914000;Oedeweg;;;;5243
13.09.2020;05914000;Oeger Holz;;;;3181
13.09.2020;05914000;Oeger Str.;;;;3181
13.09.2020;05914000;Oelmühler Str.;;;;4224
13.09.2020;05914000;Ophauser Str.;;;;2111
13.09.2020;05914000;Ortstr.;;;;3182
13.09.2020;05914000;Osemundstr.;;;;4223
13.09.2020;05914000;Ostfalenweg;;;;3192
13.09.2020;05914000;Ostfeldstr.;;;;3175
13.09.2020;05914000;Osthofstr.;34-68;;;2114
13.09.2020;05914000;Osthofstr.;2-31;;;2115
13.09.2020;05914000;Ostpreußenstr.;;;;2152
13.09.2020;05914000;Oststr.;;;;3181
13.09.2020;05914000;Ottostr.;;;;1102
13.09.2020;05914000;Overbergstr.;107-136;;;2143
13.09.2020;05914000;Overbergstr.;38-106;;;2145
13.09.2020;05914000;Papenstück;;;;2144
13.09.2020;05914000;Pappelstr.;51-76;;;2131
13.09.2020;05914000;Pappelstr.;1-36;;;2136
13.09.2020;05914000;Parkhaus;;;;1093
13.09.2020;05914000;Parkstr.;;;;4225
13.09.2020;05914000;Paschestr.;;;;1091
13.09.2020;05914000;Pastorenberg;;;;3171
13.09.2020;05914000;Paul-Schulte-Weg;;;;5261
13.09.2020;05914000;Pelmkestr.;4-41,43-51 ung.;;;1092
13.09.2020;05914000;Pelmkestr.;51-111 ung.;;;1093
13.09.2020;05914000;Pelmkestr.;42-80 ger.;;;1094
13.09.2020;05914000;Pettenkoferstr.;;;;1044
13.09.2020;05914000;Pfadstr.;;;;5254
13.09.2020;05914000;Pfälzer Str.;;;;5253
13.09.2020;05914000;Pfarrweg;;;;3191
13.09.2020;05914000;Pfauenweg;;;;1062
13.09.2020;05914000;Pfefferstück;;;;1041
13.09.2020;05914000;Philippstr.;;;;1103
13.09.2020;05914000;Piepenbrink;;;;3191
13.09.2020;05914000;Piepenstockstr.;;;;3181
13.09.2020;05914000;Pieperstr.;;;;2131
13.09.2020;05914000;Pillauer Str.;;;;2116
13.09.2020;05914000;Pivitt;2-6 ger.;;;2131
13.09.2020;05914000;Pivitt;7-16;;;2136
13.09.2020;05914000;Plessenstr.;;;;1103
13.09.2020;05914000;Pommernstr.;;;;2151
13.09.2020;05914000;Posener Str.;1;;;2115
13.09.2020;05914000;Posener Str.;2-20;;;2125
13.09.2020;05914000;Poststr.;20-38 ger.;;;2121
13.09.2020;05914000;Poststr.;1-19,21-51 ung.;;;2122
13.09.2020;05914000;Potthofstr.;;;;1014
13.09.2020;05914000;Preinstr.;;;;3176
13.09.2020;05914000;Prentzelstr.;;;;1013
13.09.2020;05914000;Preselweg;;;;5242
13.09.2020;05914000;Preußerstr.;;;;5241
13.09.2020;05914000;Prioreier Str.;;;;4223
13.09.2020;05914000;Probstkowenstr.;;;;3183
13.09.2020;05914000;Prof.-Dr.-Schemann-Weg;;;;4213
13.09.2020;05914000;Profilstr.;;;;3162
13.09.2020;05914000;Quellenweg;;;;2126
13.09.2020;05914000;Raffenbergstr.;;;;3185
13.09.2020;05914000;Raiffeisenstr.;;;;1074
13.09.2020;05914000;Randweg;;;;1025
13.09.2020;05914000;Rapunzelweg;;;;5261
13.09.2020;05914000;Rathausstr.;14-22 ger.;;;1013
13.09.2020;05914000;Rathausstr.;19-29 ung.;;;1021
13.09.2020;05914000;Reckhammer;;;;4223
13.09.2020;05914000;Redlinghausstr.;;;;3163
13.09.2020;05914000;Regerstr.;2-18 ger.;;;1054
13.09.2020;05914000;Regerstr.;1-19 ung.;;;1055
13.09.2020;05914000;Reginenstr.;;;;1102
13.09.2020;05914000;Rehbecke;;;;4223
13.09.2020;05914000;Rehdeicke;;;;2151
13.09.2020;05914000;Reher Heide;;;;3165
13.09.2020;05914000;Rehsieper Weg;;;;5243
13.09.2020;05914000;Rehstr.;21-33 ung.;;;1091
13.09.2020;05914000;Rehstr.;40-49;;;1094
13.09.2020;05914000;Rehstr.;17;;;1103
13.09.2020;05914000;Reichsbahnstr.;;;;2111
13.09.2020;05914000;Rembergstr.;29-85 ung.;;;1082
13.09.2020;05914000;Rembergstr.;5,7,8-28,30-44 ger.;;;1083
13.09.2020;05914000;Rembergstr.;2-8 ger.;;;1014
13.09.2020;05914000;Rembergstr.;52-84 ger.;;;1085
13.09.2020;05914000;Rembrandtstr.;6-48 ger.;;;1082
13.09.2020;05914000;Rembrandtstr.;1-47 ung.;;;1084
13.09.2020;05914000;Rennsteigweg;;;;3162
13.09.2020;05914000;Revelstr.;;;;2111
13.09.2020;05914000;Rheinstr.;1-11,13-49 ung.;;;1024
13.09.2020;05914000;Rheinstr.;30,67-77;;;1025
13.09.2020;05914000;Rheinstr.;12-24 ger.,51-65;;;1034
13.09.2020;05914000;Rhönstr.;;;;3162
13.09.2020;05914000;Ribberthof;;;;4222
13.09.2020;05914000;Ribbertstr.;;;;4222
13.09.2020;05914000;Richard-Römer-Str.;;;;3165
13.09.2020;05914000;Richard-Wagner-Str.;;;;1093
13.09.2020;05914000;Riegerbusch;60-164;;;4213
13.09.2020;05914000;Riegerbusch;2-58;;;4215
13.09.2020;05914000;Riegestr.;20-32;;;4203
13.09.2020;05914000;Riegestr.;2-18;;;4204
13.09.2020;05914000;Riemerschmidstr.;;;;1061
13.09.2020;05914000;Riepegelle;;;;4225
13.09.2020;05914000;Riepenberg;;;;4213
13.09.2020;05914000;Ringstr.;;;;4224
13.09.2020;05914000;Rissenkamp;;;;1083
13.09.2020;05914000;Rissestr.;4-12 ger.,35-59;;;1061
13.09.2020;05914000;Rissestr.;1-13 ung.;;;1062
13.09.2020;05914000;Rissestr.;2;;;1085
13.09.2020;05914000;Ritterstr.;;;;1043
13.09.2020;05914000;Robert-Kolb-Weg;;;;4211
13.09.2020;05914000;Roderberg;;;;5234
13.09.2020;05914000;Rodersiepen;;;;5235
13.09.2020;05914000;Roggenkamp;1-9 ung.;;;1064
13.09.2020;05914000;Roggenkamp;2-12 ger.;;;1065
13.09.2020;05914000;Röhrenspring;;;;3162
13.09.2020;05914000;Rohrstr.;;;;3162
13.09.2020;05914000;Rolandstr.;1-30;;;5243
13.09.2020;05914000;Rolandstr.;32-80;;;5252
13.09.2020;05914000;Roland-Volme;;;;4224
13.09.2020;05914000;Rölveder Str.;;;;4224
13.09.2020;05914000;Romachstr.;;;;5252
13.09.2020;05914000;Römers Hof;;;;5235
13.09.2020;05914000;Rönselstr.;;;;5244
13.09.2020;05914000;Röntgenstr.;8-36 ger.;;;1042
13.09.2020;05914000;Röntgenstr.;2-7,9-13 ung.;;;1032
13.09.2020;05914000;Roonstr.;2-24 ger.;;;1092
13.09.2020;05914000;Roonstr.;1-19 ung.;;;1105
13.09.2020;05914000;Rosenstr.;56-78,95-135 ung.;;;1081
13.09.2020;05914000;Rosenstr.;80-118 ger.,137-153;;;1065
13.09.2020;05914000;Roßbacher Str.;2-16 ger.;;;1031
13.09.2020;05914000;Roßbacher Str.;1-7 ung.;;;1033
13.09.2020;05914000;Rotdornweg;;;;1065
13.09.2020;05914000;Rotkäppchenweg;;;;5261
13.09.2020;05914000;Rubensstr.;;;;1084
13.09.2020;05914000;Rudolfstr.;2-6,10;;;1101
13.09.2020;05914000;Rudolfstr.;7-11 ung.,12-51;;;1102
13.09.2020;05914000;Rüggebein;;;;4223
13.09.2020;05914000;Rüggeweg;;;;3162
13.09.2020;05914000;Ruhreckstr.;;;;2112
13.09.2020;05914000;Ruhrstr.;;;;1022
13.09.2020;05914000;Ruhrtalstr.;;;;2126
13.09.2020;05914000;Rummenohler Str.;;;;4224
13.09.2020;05914000;Rumscheid;;;;4225
13.09.2020;05914000;Rumscheider Weg;;;;4225
13.09.2020;05914000;Rüttstr.;;;;2114
13.09.2020;05914000;Saarstr.;;;;1025
13.09.2020;05914000;Saatland;;;;3171
13.09.2020;05914000;Sachsenstr.;;;;5253
13.09.2020;05914000;Salmuthstr.;;;;4224
13.09.2020;05914000;Salzburger Str.;3-27 ung.;;;5232
13.09.2020;05914000;Salzburger Str.;2-44 ger.;;;5233
13.09.2020;05914000;Sauerlandstr.;1-18;;;2134
13.09.2020;05914000;Sauerlandstr.;31-78;;;3162
13.09.2020;05914000;Schabergstr.;;;;1085
13.09.2020;05914000;Schälk;;;;3165
13.09.2020;05914000;Schälker Landstr.;;;;3165
13.09.2020;05914000;Scharnhorststr.;6-28 ger.,29-64;;;1054
13.09.2020;05914000;Scharnhorststr.;9-27 ung.;;;1055
13.09.2020;05914000;Scharnhorststr.;1-5,7;;;1023
13.09.2020;05914000;Schaumburger Str.;;;;5235
13.09.2020;05914000;Scheffelau;;;;3173
13.09.2020;05914000;Schemm;;;;4223
13.09.2020;05914000;Schiefe Hardt;;;;1072
13.09.2020;05914000;Schieferstr.;1-23 ung.,24-56;;;2121
13.09.2020;05914000;Schieferstr.;2-18 ger.;;;2122
13.09.2020;05914000;Schillerstr.;;;;2153
13.09.2020;05914000;Schillstr.;4,6;;;1083
13.09.2020;05914000;Schillstr.;1-9 ung.;;;1084
13.09.2020;05914000;Schlackenmühle;;;;5253
13.09.2020;05914000;Schlehenweg;;;;1065
13.09.2020;05914000;Schleidener Str.;;;;1061
13.09.2020;05914000;Schleipenbergstr.;;;;3183
13.09.2020;05914000;Schlesierstr.;;;;5254
13.09.2020;05914000;Schleswiger Str.;;;;2151
13.09.2020;05914000;Schlickmannstr.;;;;2152
13.09.2020;05914000;Schliggenstr.;;;;4225
13.09.2020;05914000;Schloßblick;;;;3182
13.09.2020;05914000;Schlössersbusch;6-26 ger.;;;4213
13.09.2020;05914000;Schlössersbusch;1-5,7-19 ung.;;;4215
13.09.2020;05914000;Schmale Str.;6-22;;;1033
13.09.2020;05914000;Schmale Str.;2;;;1031
13.09.2020;05914000;Schmalenbeckstr.;45;;;1074
13.09.2020;05914000;Schmalenbeckstr.;1-16;;;3191
13.09.2020;05914000;Schmiedestr.;;;;4203
13.09.2020;05914000;Schmittauer Str.;;;;3183
13.09.2020;05914000;Schmittewinkel;;;;2134
13.09.2020;05914000;Schneewittchenweg;;;;5261
13.09.2020;05914000;Schneiderstr.;;;;1044
13.09.2020;05914000;Schubertstr.;;;;1093
13.09.2020;05914000;Schülinghauser Str.;;;;5263
13.09.2020;05914000;Schulstr.;;;;4201
13.09.2020;05914000;Schultenhardtstr.;1-27 ung.;;;1071
13.09.2020;05914000;Schultenhardtstr.;4-32 ger.;;;1072
13.09.2020;05914000;Schultenstr.;;;;2125
13.09.2020;05914000;Schumannstr.;;;;1093
13.09.2020;05914000;Schürmannstr.;;;;1021
13.09.2020;05914000;Schusterweg;;;;1044
13.09.2020;05914000;Schützenstr.;4-42 ger.;;;5254
13.09.2020;05914000;Schützenstr.;3-43 ung.;;;5252
13.09.2020;05914000;Schwalbenweg;;;;3194
13.09.2020;05914000;Schwanenstr.;;;;1103
13.09.2020;05914000;Schwarzwaldstr.;;;;3161
13.09.2020;05914000;Schwelmstück;;;;1073
13.09.2020;05914000;Schwerter Str.;202-268 ger.;;;2122
13.09.2020;05914000;Schwerter Str.;241-259 ung.;;;2124
13.09.2020;05914000;Schwerter Str.;24;;;2142
13.09.2020;05914000;Schwerter Str.;1-16;;;2153
13.09.2020;05914000;Schwerter Str.;141-160;;;2115
13.09.2020;05914000;Schwerter Str.;98-138 ger.;;;2114
13.09.2020;05914000;Schwerter Str.;107-135 ung.;;;2113
13.09.2020;05914000;Schwerter Str.;25-91 ung.;;;2112
13.09.2020;05914000;Schwerter Str.;165-239 ung.;;;2123
13.09.2020;05914000;Sedanstr.;;;;1031
13.09.2020;05914000;Seestr.;;;;2116
13.09.2020;05914000;Seilerstr.;17;;;1043
13.09.2020;05914000;Seilerstr.;2-24 ger.;;;1044
13.09.2020;05914000;Selbecker Stieg;;;;4212
13.09.2020;05914000;Selbecker Str.;1-86,92-116 ger.;;;4203
13.09.2020;05914000;Selbecker Str.;91-115 ung.,120-288;;;4212
13.09.2020;05914000;Selkinghausen;;;;4225
13.09.2020;05914000;Sennbrink;;;;3163
13.09.2020;05914000;Siedlerstr.;2-14 ger.;;;1041
13.09.2020;05914000;Siedlerstr.;1-13 ung.;;;1043
13.09.2020;05914000;Siegstr.;1-21,23-31 ung.;;;1025
13.09.2020;05914000;Siegstr.;22-32 ger.,33-47;;;1033
13.09.2020;05914000;Siemensstr.;16-30 ger.;;;1091
13.09.2020;05914000;Siemensstr.;1-39 ung.;;;1092
13.09.2020;05914000;Siepen-Dahl;;;;4225
13.09.2020;05914000;Sievekingstr.;;;;2131
13.09.2020;05914000;Silscheder Str.;;;;5261
13.09.2020;05914000;Södingstr.;;;;1104
13.09.2020;05914000;Sollingweg;;;;3162
13.09.2020;05914000;Sommerhagener Weg;;;;4223
13.09.2020;05914000;Sonderburgstr.;;;;1053
13.09.2020;05914000;Sonnenfeld;;;;3163
13.09.2020;05914000;Sonnenlandstr.;;;;1044
13.09.2020;05914000;Sonnenstr.;;;;5263
13.09.2020;05914000;Sonntagstr.;;;;2142
13.09.2020;05914000;Spannstiftstr.;;;;3165
13.09.2020;05914000;Sperberweg;;;;1062
13.09.2020;05914000;Spessartstr.;;;;3161
13.09.2020;05914000;Spichernstr.;;;;1033
13.09.2020;05914000;Spielbrinkstr.;;;;5233
13.09.2020;05914000;Spinngasse;;;;1012
13.09.2020;05914000;Sporbecker Weg;9-20;;;2152
13.09.2020;05914000;Sporbecker Weg;30-58;;;2154
13.09.2020;05914000;Springe;;;;4201
13.09.2020;05914000;Springmannstr.;;;;1021
13.09.2020;05914000;Sprinkstück;;;;3163
13.09.2020;05914000;Stadeweg;;;;3183
13.09.2020;05914000;Stadionstr.;7,16,22;;;1051
13.09.2020;05914000;Stadionstr.;1-6,8-12;;;1041
13.09.2020;05914000;Stadtgartenallee;;;;1093
13.09.2020;05914000;Stahlstr.;;;;4222
13.09.2020;05914000;Staplack;;;;4221
13.09.2020;05914000;Staplackstr.;;;;4221
13.09.2020;05914000;Starenweg;;;;1062
13.09.2020;05914000;Staudenweg;;;;4202
13.09.2020;05914000;Stegerwaldstr.;2-82 ger.;;;2133
13.09.2020;05914000;Stegerwaldstr.;1-91 ung.;;;2135
13.09.2020;05914000;Stehrstr.;;;;4225
13.09.2020;05914000;Steinbergweg;;;;2126
13.09.2020;05914000;Steinhausstr.;3,13;;;2115
13.09.2020;05914000;Steinhausstr.;4-12 ger.,82-88 ger.;;;2123
13.09.2020;05914000;Steinhausstr.;14-81,97-111;;;2124
13.09.2020;05914000;Steinplatz;;;;5251
13.09.2020;05914000;Steinruther Str.;;;;1062
13.09.2020;05914000;Steinstr.;;;;5251
13.09.2020;05914000;Steinuferweg;;;;3184
13.09.2020;05914000;Steltenbergstr.;1-27 ung.;;;3171
13.09.2020;05914000;Steltenbergstr.;18,30;;;3173
13.09.2020;05914000;Stennertstr.;;;;3176
13.09.2020;05914000;Stennesufer;;;;2131
13.09.2020;05914000;Stenney;;;;5242
13.09.2020;05914000;Sterbecker Tal;;;;4224
13.09.2020;05914000;Sternstr.;;;;1104
13.09.2020;05914000;Sterntalerweg;;;;5261
13.09.2020;05914000;Stettiner Str.;2-18 ger.;;;3192
13.09.2020;05914000;Stettiner Str.;1-23 ung.;;;3194
13.09.2020;05914000;Steubenstr.;;;;1052
13.09.2020;05914000;Stirnband;;;;1063
13.09.2020;05914000;Stollen;;;;4225
13.09.2020;05914000;Stolzestr.;;;;5244
13.09.2020;05914000;Stormstr.;;;;2141
13.09.2020;05914000;Straßburger Str.;;;;4213
13.09.2020;05914000;Stresemannstr.;;;;1011
13.09.2020;05914000;Strohmstr.;6-14 ger.;;;2142
13.09.2020;05914000;Strohmstr.;7-11 ung.;;;2145
13.09.2020;05914000;Stube;;;;4225
13.09.2020;05914000;Stukenweg;;;;2142
13.09.2020;05914000;Stüppenberg;;;;3164
13.09.2020;05914000;Sudetenstr.;1;;;3192
13.09.2020;05914000;Sudetenstr.;8-18;;;3194
13.09.2020;05914000;Sudfeldstr.;;;;3162
13.09.2020;05914000;Südhofstr.;;;;2114
13.09.2020;05914000;Südstr.;;;;5265
13.09.2020;05914000;Sunderlohstr.;;;;4211
13.09.2020;05914000;Sundernstr.;;;;3191
13.09.2020;05914000;Sürenhagen;;;;4225
13.09.2020;05914000;Swolinzkystr.;;;;5241
13.09.2020;05914000;Syburgweg;;;;3192
13.09.2020;05914000;Talsperrenweg;;;;5255
13.09.2020;05914000;Talstr.;;;;5242
13.09.2020;05914000;Tannenstr.;;;;1103
13.09.2020;05914000;Taubenstr.;;;;1103
13.09.2020;05914000;Taunusstr.;;;;3161
13.09.2020;05914000;Teichstr.;;;;2115
13.09.2020;05914000;Tennenweg;;;;2126
13.09.2020;05914000;Thaerstr.;;;;1083
13.09.2020;05914000;Theresenstr.;;;;1041
13.09.2020;05914000;Thomasstr.;;;;1102
13.09.2020;05914000;Thorn-Prikker-Str.;;;;1063
13.09.2020;05914000;Thünenstr.;;;;1083
13.09.2020;05914000;Thüringenstr.;;;;5253
13.09.2020;05914000;Tiefendorf;;;;3164
13.09.2020;05914000;Tiefendorfer Str.;;;;3164
13.09.2020;05914000;Tiegelstr.;;;;3162
13.09.2020;05914000;Tillmannsstr.;;;;5242
13.09.2020;05914000;Tilsiter Str.;;;;2116
13.09.2020;05914000;Times Busch;;;;3161
13.09.2020;05914000;Tobiasweg;;;;1102
13.09.2020;05914000;Tondernstr.;;;;1053
13.09.2020;05914000;Töpferstr.;;;;1014
13.09.2020;05914000;Totenhofweg;2-10 ger.;;;1083
13.09.2020;05914000;Totenhofweg;1-5 ung.;;;1085
13.09.2020;05914000;Trappenweg;;;;3172
13.09.2020;05914000;Treppenstr.;;;;1033
13.09.2020;05914000;Tuchmacherstr.;;;;4201
13.09.2020;05914000;Tückinger Hang;;;;1102
13.09.2020;05914000;Tückinger Höhe;;;;1102
13.09.2020;05914000;Tückinger Wald;;;;5235
13.09.2020;05914000;Tückingschulstr.;1-8;;;5235
13.09.2020;05914000;Tückingschulstr.;9-80;;;1102
13.09.2020;05914000;Tückingstr.;;;;5235
13.09.2020;05914000;Tulpenstr.;1-3,5-13 ung.;;;1084
13.09.2020;05914000;Tulpenstr.;4-14 ger.,15-29;;;1081
13.09.2020;05914000;Tunnelstr.;;;;1094
13.09.2020;05914000;Turmstr.;55-75;;;2112
13.09.2020;05914000;Turmstr.;1-24;;;2113
13.09.2020;05914000;Twittingstr.;;;;5264
13.09.2020;05914000;Uferstr.;;;;3184
13.09.2020;05914000;Uhlandstr.;;;;1093
13.09.2020;05914000;Uhlenbruch;;;;2116
13.09.2020;05914000;Uhuweg;;;;3194
13.09.2020;05914000;Ulmenstr.;;;;2154
13.09.2020;05914000;Universitätsstr.;;;;1052
13.09.2020;05914000;Unter dem Hofe;;;;3163
13.09.2020;05914000;Unter dem Rodufer;;;;3164
13.09.2020;05914000;Unter Langscheid;;;;4224
13.09.2020;05914000;Unterberchum;;;;3164
13.09.2020;05914000;Untere Lindenstr.;;;;2154
13.09.2020;05914000;Unterer Altlohweg;;;;1072
13.09.2020;05914000;Unterm Hagen;;;;3184
13.09.2020;05914000;Unternahmerstr.;;;;3182
13.09.2020;05914000;Veilchenstr.;;;;1084
13.09.2020;05914000;Verbandsstr.;;;;3164
13.09.2020;05914000;Vereinsstr.;22,24-39;;;2141
13.09.2020;05914000;Vereinsstr.;1-21,23,41;;;2142
13.09.2020;05914000;Viktoriastr.;;;;1012
13.09.2020;05914000;Viktor-von-Scheffel-Str.;;;;2145
13.09.2020;05914000;Villigster Str.;24-95;;;2126
13.09.2020;05914000;Villigster Str.;3-8;;;3164
13.09.2020;05914000;Vinckestr.;3-10,12;;;1024
13.09.2020;05914000;Vinckestr.;11-15 ung.,16-43;;;1034
13.09.2020;05914000;Virchowstr.;;;;1032
13.09.2020;05914000;Voerder Str.;28-34 ger.,35-67,69-77 ung.;;;5252
13.09.2020;05914000;Voerder Str.;1-25,29;;;5241
13.09.2020;05914000;Voerder Str.;68-76 ger.,79-147;;;5255
13.09.2020;05914000;Vogelherd;;;;1052
13.09.2020;05914000;Vogelsanger Str.;;;;5261
13.09.2020;05914000;Vollbrinkstr.;;;;5241
13.09.2020;05914000;Vollmannstr.;;;;4225
13.09.2020;05914000;Volmarsteiner Str.;;;;2151
13.09.2020;05914000;Volmeburgstr.;;;;4221
13.09.2020;05914000;Volmestr.;;;;1014
13.09.2020;05914000;Von-der-Recke-Str.;;;;2151
13.09.2020;05914000;Voormannstr.;;;;4225
13.09.2020;05914000;Vorbrink;;;;3164
13.09.2020;05914000;Vorhaller Str.;;;;2152
13.09.2020;05914000;Vormberg;;;;3163
13.09.2020;05914000;Vossacker;;;;2151
13.09.2020;05914000;Voßloh;;;;5255
13.09.2020;05914000;Wacholderkamp;;;;1075
13.09.2020;05914000;Wachtelweg;;;;3194
13.09.2020;05914000;Wahl;;;;5255
13.09.2020;05914000;Walddorfstr.;;;;1061
13.09.2020;05914000;Waldecker Str.;;;;5241
13.09.2020;05914000;Waldsaum;;;;3174
13.09.2020;05914000;Waldstr.;;;;5256
13.09.2020;05914000;Walnussweg;;;;2154
13.09.2020;05914000;Walzenstr.;;;;3162
13.09.2020;05914000;Wannebachstr.;83,95;;;3164
13.09.2020;05914000;Wannebachstr.;2-44;;;3165
13.09.2020;05914000;Warburger Str.;;;;5234
13.09.2020;05914000;Wasserloses Tal;19;;;1014
13.09.2020;05914000;Wasserloses Tal;23-77 ung.;;;1061
13.09.2020;05914000;Wasserloses Tal;36-74 ger.;;;1071
13.09.2020;05914000;Waterhövel;;;;4221
13.09.2020;05914000;Wehbergstr.;;;;3162
13.09.2020;05914000;Wehringhauser Str.;7-118;;;1103
13.09.2020;05914000;Wehringhauser Str.;1-5;;;1104
13.09.2020;05914000;Wehrstr.;;;;1031
13.09.2020;05914000;Weide;;;;4224
13.09.2020;05914000;Weidegang;;;;2126
13.09.2020;05914000;Weidekampstr.;;;;2134
13.09.2020;05914000;Weißdornweg;;;;1065
13.09.2020;05914000;Weißenburger Str.;;;;1033
13.09.2020;05914000;Weißensteinstr.;;;;3191
13.09.2020;05914000;Weizenkamp;;;;1063
13.09.2020;05914000;Werdestr.;;;;1031
13.09.2020;05914000;Werdringen;;;;2111
13.09.2020;05914000;Werkstr.;;;;5242
13.09.2020;05914000;Werkzeugstr.;;;;3162
13.09.2020;05914000;Werninghausen;;;;4223
13.09.2020;05914000;Weserstr.;;;;1025
13.09.2020;05914000;Wesselbachstr.;1,5,85-103 ung.;;;3184
13.09.2020;05914000;Wesselbachstr.;4,6-83,92-110 ger.;;;3185
13.09.2020;05914000;Westerbauerstr.;;;;5265
13.09.2020;05914000;Westerwaldweg;;;;3162
13.09.2020;05914000;Westfalenstr.;;;;5254
13.09.2020;05914000;Westhofener Str.;;;;2126
13.09.2020;05914000;Westpreußenstr.;;;;2152
13.09.2020;05914000;Weststr.;61-125;;;2151
13.09.2020;05914000;Weststr.;3-59;;;2152
13.09.2020;05914000;Wichernstr.;;;;2132
13.09.2020;05914000;Wieckenhof;;;;3193
13.09.2020;05914000;Wiedenhofstr.;25-62;;;3174
13.09.2020;05914000;Wiedenhofstr.;6-17;;;3175
13.09.2020;05914000;Wielandplatz;;;;2153
13.09.2020;05914000;Wielandstr.;;;;2153
13.09.2020;05914000;Wienbrauk;;;;2134
13.09.2020;05914000;Wiener Str.;;;;5263
13.09.2020;05914000;Wiesenstr.;;;;3172
13.09.2020;05914000;Wiggenhagen;;;;4225
13.09.2020;05914000;Wilhelm-Hecking-Str.;;;;2114
13.09.2020;05914000;Wilhelm-Leuschner-Str.;;;;2143
13.09.2020;05914000;Wilhelm-Raabe-Str.;;;;2141
13.09.2020;05914000;Wilhelmsplatz;;;;1106
13.09.2020;05914000;Wilhelmstr.;;;;3182
13.09.2020;05914000;Willdestr.;2;;;1071
13.09.2020;05914000;Willdestr.;1,3-45;;;1072
13.09.2020;05914000;Windhang;;;;2141
13.09.2020;05914000;Winkelmannweg;;;;3192
13.09.2020;05914000;Winkelstück;2-46 ger.;;;1072
13.09.2020;05914000;Winkelstück;1-45 ung.;;;1073
13.09.2020;05914000;Wittekindstr.;22-34 ger.,35-50;;;1024
13.09.2020;05914000;Wittekindstr.;3-21,23-27 ung.;;;1031
13.09.2020;05914000;Wittekindstr.;52-62;;;1022
13.09.2020;05914000;Wolfskuhler Weg;53-67 ung.;;;1102
13.09.2020;05914000;Wolfskuhler Weg;1-51,54,62;;;2154
13.09.2020;05914000;Wolfskuhler Weg;64;;;5235
13.09.2020;05914000;Wormser Str.;;;;4214
13.09.2020;05914000;Wortherbruchstr.;;;;2152
13.09.2020;05914000;Wörthstr.;23-47;;;4213
13.09.2020;05914000;Wörthstr.;1-22;;;4215
13.09.2020;05914000;Wulfeldstr.;;;;3183
13.09.2020;05914000;Wupperstr.;;;;1025
13.09.2020;05914000;Wuragstr.;;;;3183
13.09.2020;05914000;Yorckstr.;;;;1023
13.09.2020;05914000;Zedernweg;;;;2154
13.09.2020;05914000;Zehlendorfer Str.;4-28,30-40 ger.;;;1022
13.09.2020;05914000;Zehlendorfer Str.;29-35 ung.;;;1024
13.09.2020;05914000;Zeisigweg;;;;3194
13.09.2020;05914000;Zeppelinweg;;;;1073
13.09.2020;05914000;Ziegelstr.;;;;3181
13.09.2020;05914000;Zieglerstr.;;;;2152
13.09.2020;05914000;Zietenstr.;2-14 ger.;;;1021
13.09.2020;05914000;Zietenstr.;1-13 ung.;;;1022
13.09.2020;05914000;Zimmerbergstr.;;;;3182
13.09.2020;05914000;Zirkelweg;;;;2134
13.09.2020;05914000;Zum Alten Bruch;;;;3174
13.09.2020;05914000;Zum Bollwerk;;;;4222
13.09.2020;05914000;Zum Buchenhain;;;;1071
13.09.2020;05914000;Zum Hohenhof;;;;4225
13.09.2020;05914000;Zum Kahlen Berg;;;;3164
13.09.2020;05914000;Zum Rafflenbusch;;;;4215
13.09.2020;05914000;Zur Feldlage;;;;2126
13.09.2020;05914000;Zur Heide;;;;1041
13.09.2020;05914000;Zur Heimke;;;;2126
13.09.2020;05914000;Zur Hofwiese;;;;4222
13.09.2020;05914000;Zur Höhe;;;;4212
13.09.2020;05914000;Zur Hünenpforte;;;;3191
13.09.2020;05914000;Zur Priorlinde;;;;4223
13.09.2020;05914000;Zur Stiege;;;;1031
13.09.2020;05914000;Zur Wiesche;;;;1055
13.09.2020;05914000;Zur-Nieden-Str.;;;;1013
13.09.2020;05914000;Zwischen den Brücken;;;;4222