version;wahl-behoerde-gs;wahl-datum;wahl-name;bezirk-nr;bezirk-name;zeitstempel-erfassung;A1;A2;A3;A;B;B1;C;D;D1;D2;D3;D4;D5;D6;D7;D8;D9;D10;D11;D12
0.3;05914000;14.09.2025;Wahl der Bezirksvertretung;1011;1011 Volkspark;15.09.2025 09:03:13 809;911;144;0;1055;116;4;1;115;19;14;5;38;3;3;3;1;9;5;1;14
0.3;05914000;14.09.2025;Wahl der Bezirksvertretung;1012;1012 Theater;15.09.2025 09:03:13 809;1054;192;0;1246;219;0;2;217;58;52;7;47;4;3;17;2;4;3;1;19
0.3;05914000;14.09.2025;Wahl der Bezirksvertretung;1013;1013 Friedrich-Ebert-Platz / Kunstquartier;15.09.2025 09:03:13 809;1188;240;0;1428;236;4;10;226;34;44;16;68;7;4;22;5;9;1;0;16
0.3;05914000;14.09.2025;Wahl der Bezirksvertretung;1014;1014 Kratzkopf;15.09.2025 09:03:13 809;1153;282;0;1435;247;0;3;244;53;51;18;69;8;4;14;2;4;5;1;15
0.3;05914000;14.09.2025;Wahl der Bezirksvertretung;1021;1021 Volmeaue;15.09.2025 09:03:13 809;903;171;0;1074;198;0;4;194;38;43;12;45;6;11;10;3;2;6;0;18
0.3;05914000;14.09.2025;Wahl der Bezirksvertretung;1022;1022 Funckepark;15.09.2025 09:03:13 809;733;279;0;1012;227;2;1;226;69;43;29;41;4;5;13;1;2;3;2;14
0.3;05914000;14.09.2025;Wahl der Bezirksvertretung;1023;1023 Yorckstr.;15.09.2025 09:03:13 809;813;161;0;974;185;0;2;183;44;29;10;49;6;8;9;3;8;3;2;12
0.3;05914000;14.09.2025;Wahl der Bezirksvertretung;1024;1024 Funckestr.;15.09.2025 09:03:13 809;779;230;0;1009;283;2;2;281;53;55;28;94;10;8;14;4;6;1;0;8
0.3;05914000;14.09.2025;Wahl der Bezirksvertretung;1025;1025 Am Ischeland;15.09.2025 09:03:13 809;622;313;0;935;207;;0;207;43;50;22;65;8;0;8;1;2;1;1;6
0.3;05914000;14.09.2025;Wahl der Bezirksvertretung;1031;1031 Adolf- / Sedanstr.;15.09.2025 09:03:13 809;684;406;0;1090;64;0;1;63;9;7;3;16;2;5;7;1;2;3;1;7
0.3;05914000;14.09.2025;Wahl der Bezirksvertretung;1032;1032 Brink- / Altenhagener Str.;15.09.2025 09:03:13 809;864;272;0;1136;128;0;4;124;19;17;8;37;3;1;12;0;6;2;0;19
0.3;05914000;14.09.2025;Wahl der Bezirksvertretung;1033;1033 St.-Josefs-Hospital;15.09.2025 09:03:13 809;752;392;0;1144;96;;5;91;13;12;2;32;1;2;10;4;1;1;2;11
0.3;05914000;14.09.2025;Wahl der Bezirksvertretung;1034;1034 Kinkelstr.;15.09.2025 09:03:13 809;1369;307;0;1676;371;0;9;362;51;98;37;93;6;6;24;6;15;1;6;19
0.3;05914000;14.09.2025;Wahl der Bezirksvertretung;1041;1041 Zur Heide;15.09.2025 09:03:13 809;1082;283;0;1365;279;3;2;277;57;66;14;68;5;3;26;3;15;2;2;16
0.3;05914000;14.09.2025;Wahl der Bezirksvertretung;1042;1042 Alexander- / Alleestr.;15.09.2025 09:03:13 809;887;152;0;1039;129;2;1;128;13;30;5;56;4;2;4;0;5;2;1;6
0.3;05914000;14.09.2025;Wahl der Bezirksvertretung;1043;1043 Ginsterheide;15.09.2025 09:03:13 809;1005;291;0;1296;355;3;2;353;92;78;24;87;7;6;18;4;12;3;3;19
0.3;05914000;14.09.2025;Wahl der Bezirksvertretung;1044;1044 Polizeipräsidium;15.09.2025 09:03:13 809;870;189;0;1059;223;;7;216;55;27;10;84;6;4;17;0;3;2;0;8
0.3;05914000;14.09.2025;Wahl der Bezirksvertretung;1051;1051 Höing;15.09.2025 09:03:13 809;795;369;0;1164;431;0;2;429;133;74;75;82;10;18;17;3;9;2;0;6
0.3;05914000;14.09.2025;Wahl der Bezirksvertretung;1052;1052 Fleyer Str.;15.09.2025 09:03:13 809;755;418;0;1173;442;0;5;437;158;75;60;75;18;22;14;5;6;2;1;1
0.3;05914000;14.09.2025;Wahl der Bezirksvertretung;1053;1053 Tondernsiedlung;15.09.2025 09:03:13 809;559;273;0;832;293;0;11;282;72;55;26;73;11;14;18;2;6;1;0;4
0.3;05914000;14.09.2025;Wahl der Bezirksvertretung;1054;1054 Lützowstr.;15.09.2025 09:03:13 809;679;274;0;953;364;0;3;361;142;54;36;69;10;16;13;4;8;0;0;9
0.3;05914000;14.09.2025;Wahl der Bezirksvertretung;1055;1055 Bredelle;15.09.2025 09:03:13 809;796;456;0;1252;470;6;7;463;156;64;36;114;16;30;14;6;8;2;1;16
0.3;05914000;14.09.2025;Wahl der Bezirksvertretung;1061;1061 Walddorfstr.;15.09.2025 09:03:13 809;880;408;0;1288;436;0;1;435;145;89;37;112;5;13;12;4;6;4;1;7
0.3;05914000;14.09.2025;Wahl der Bezirksvertretung;1062;1062 Ascherothstr.;15.09.2025 09:03:13 809;941;423;0;1364;470;2;10;460;158;87;55;87;5;18;18;6;4;10;2;10
0.3;05914000;14.09.2025;Wahl der Bezirksvertretung;1063;1063 Boloh;15.09.2025 09:03:13 809;849;305;0;1154;443;2;7;436;126;86;34;111;11;11;22;5;8;5;1;16
0.3;05914000;14.09.2025;Wahl der Bezirksvertretung;1064;1064 Haferkamp;15.09.2025 09:03:13 809;746;271;0;1017;339;0;2;337;98;67;33;71;10;14;13;5;10;3;2;11
0.3;05914000;14.09.2025;Wahl der Bezirksvertretung;1065;1065 Fachhochschule;15.09.2025 09:03:13 809;764;335;0;1099;295;0;7;288;71;43;21;83;14;12;17;0;12;2;0;13
0.3;05914000;14.09.2025;Wahl der Bezirksvertretung;1071;1071 Am Waldesrand;15.09.2025 09:03:13 809;661;359;0;1020;334;2;7;327;123;58;16;73;6;18;8;1;8;5;0;11
0.3;05914000;14.09.2025;Wahl der Bezirksvertretung;1072;1072 Alt-Emst;15.09.2025 09:03:13 809;835;404;0;1239;526;0;4;522;189;112;51;109;10;25;14;3;3;0;2;4
0.3;05914000;14.09.2025;Wahl der Bezirksvertretung;1073;1073 Fritz-Steinhoff-Park;15.09.2025 09:03:13 809;854;293;0;1147;380;2;4;376;99;80;25;106;15;13;13;4;2;6;1;12
0.3;05914000;14.09.2025;Wahl der Bezirksvertretung;1074;1074 Max-Planck-Str. / Haßley;15.09.2025 09:03:13 809;972;343;0;1315;384;4;8;376;100;54;33;128;11;14;12;5;1;9;2;7
0.3;05914000;14.09.2025;Wahl der Bezirksvertretung;1075;1075 Bissingheim;15.09.2025 09:03:13 809;732;358;0;1090;435;;1;434;143;121;35;82;9;14;14;4;5;0;1;6
0.3;05914000;14.09.2025;Wahl der Bezirksvertretung;1081;1081 Haldener Str.;15.09.2025 09:03:13 809;899;333;0;1232;393;1;6;387;102;73;23;114;19;12;14;7;8;4;2;9
0.3;05914000;14.09.2025;Wahl der Bezirksvertretung;1082;1082 Rembergstr.;15.09.2025 09:03:13 809;1059;360;0;1419;268;6;10;258;31;43;13;100;11;7;24;3;10;3;2;11
0.3;05914000;14.09.2025;Wahl der Bezirksvertretung;1083;1083 Eickertstr.;15.09.2025 09:03:13 809;957;382;0;1339;253;0;3;250;59;42;26;74;6;12;7;1;4;5;0;14
0.3;05914000;14.09.2025;Wahl der Bezirksvertretung;1084;1084 Bülowstr.;15.09.2025 09:03:13 809;785;284;0;1069;252;0;7;245;46;58;7;85;9;6;19;2;6;2;2;3
0.3;05914000;14.09.2025;Wahl der Bezirksvertretung;1085;1085 Eppenhauser Str.;15.09.2025 09:03:13 809;656;221;0;877;182;0;3;179;22;41;9;67;4;8;13;3;4;0;0;8
0.3;05914000;14.09.2025;Wahl der Bezirksvertretung;1091;1091 Minervastr.;15.09.2025 09:03:13 809;829;144;0;973;244;;4;240;30;57;32;55;4;1;32;6;9;1;3;10
0.3;05914000;14.09.2025;Wahl der Bezirksvertretung;1092;1092 St. Michael-Kirche;15.09.2025 09:03:13 809;1167;212;0;1379;327;0;2;325;40;57;48;80;7;2;53;11;11;1;0;15
0.3;05914000;14.09.2025;Wahl der Bezirksvertretung;1093;1093 Stadtgarten;15.09.2025 09:03:13 809;1046;437;0;1483;423;2;7;416;71;99;62;90;20;9;44;1;5;5;2;8
0.3;05914000;14.09.2025;Wahl der Bezirksvertretung;1094;1094 Sternwarte;15.09.2025 09:03:13 809;890;244;0;1134;298;1;10;288;51;70;22;85;12;3;25;7;7;0;1;5
0.3;05914000;14.09.2025;Wahl der Bezirksvertretung;1101;1101 Cunosiedlung;15.09.2025 09:03:13 809;916;226;0;1142;321;2;3;318;72;66;27;99;15;7;10;2;10;2;1;7
0.3;05914000;14.09.2025;Wahl der Bezirksvertretung;1102;1102 Kuhlerkamp;15.09.2025 09:03:13 809;853;387;0;1240;511;0;0;511;140;94;53;140;20;7;25;5;13;1;4;9
0.3;05914000;14.09.2025;Wahl der Bezirksvertretung;1103;1103 Wehringhauser Str. / Philippshöhe;15.09.2025 09:03:13 809;651;103;0;754;82;;0;82;3;15;2;47;1;2;5;0;2;0;0;5
0.3;05914000;14.09.2025;Wahl der Bezirksvertretung;1104;1104 Södingstr.;15.09.2025 09:03:13 809;678;157;0;835;84;2;3;81;7;13;1;24;1;0;13;6;2;4;0;10
0.3;05914000;14.09.2025;Wahl der Bezirksvertretung;1105;1105 Feuerwache Mitte;15.09.2025 09:03:13 809;715;146;0;861;212;0;5;207;18;42;44;42;6;5;28;7;5;3;0;7
0.3;05914000;14.09.2025;Wahl der Bezirksvertretung;1106;1106 Wilhelmsplatz;15.09.2025 09:03:13 809;690;152;0;842;125;0;1;124;16;18;14;29;7;1;21;2;3;3;1;9
0.3;05914000;14.09.2025;Wahl der Bezirksvertretung;1201;1201 Springe / Tuchmacherstr.;15.09.2025 09:03:13 809;1171;152;0;1323;227;1;3;224;22;57;10;84;8;6;14;3;7;2;0;11
0.3;05914000;14.09.2025;Wahl der Bezirksvertretung;1202;1202 Oberhagen;15.09.2025 09:03:13 809;457;74;0;531;54;;1;53;2;10;4;18;1;0;3;4;3;5;0;3
0.3;05914000;14.09.2025;Wahl der Bezirksvertretung;6001;6001 Briefwahlbezirk;15.09.2025 09:03:13 809;0;0;0;0;249;249;1;248;40;67;25;40;7;6;5;0;15;6;2;35
0.3;05914000;14.09.2025;Wahl der Bezirksvertretung;6002;6002 Briefwahlbezirk;15.09.2025 09:03:13 809;0;0;0;0;412;412;1;411;118;84;36;62;14;2;22;6;12;4;2;49
0.3;05914000;14.09.2025;Wahl der Bezirksvertretung;6003;6003 Briefwahlbezirk;15.09.2025 09:03:13 809;0;0;0;0;493;493;3;490;130;91;50;85;19;23;18;3;19;10;0;42
0.3;05914000;14.09.2025;Wahl der Bezirksvertretung;6004;6004 Briefwahlbezirk;15.09.2025 09:03:13 809;0;0;0;0;462;462;0;462;126;107;34;85;25;12;16;4;15;1;5;32
0.3;05914000;14.09.2025;Wahl der Bezirksvertretung;6005;6005 Briefwahlbezirk;15.09.2025 09:03:13 809;0;0;0;0;404;404;3;401;23;48;7;19;5;2;8;3;26;17;1;242
0.3;05914000;14.09.2025;Wahl der Bezirksvertretung;6006;6006 Briefwahlbezirk;15.09.2025 09:03:13 809;0;0;0;0;515;515;4;511;94;61;25;48;29;5;24;4;26;7;0;188
0.3;05914000;14.09.2025;Wahl der Bezirksvertretung;6007;6007 Briefwahlbezirk;15.09.2025 09:03:13 809;0;0;0;0;349;349;0;349;55;51;22;52;5;1;12;2;29;4;5;111
0.3;05914000;14.09.2025;Wahl der Bezirksvertretung;6008;6008 Briefwahlbezirk;15.09.2025 09:03:13 809;0;0;0;0;415;415;5;410;136;67;35;70;8;5;11;3;8;2;0;65
0.3;05914000;14.09.2025;Wahl der Bezirksvertretung;6009;6009 Briefwahlbezirk;15.09.2025 09:03:13 809;0;0;0;0;976;976;47;929;302;195;128;139;36;53;22;11;12;4;4;23
0.3;05914000;14.09.2025;Wahl der Bezirksvertretung;6010;6010 Briefwahlbezirk;15.09.2025 09:03:13 809;0;0;0;0;653;653;6;647;257;113;65;81;36;35;20;4;12;8;1;15
0.3;05914000;14.09.2025;Wahl der Bezirksvertretung;6011;6011 Briefwahlbezirk;15.09.2025 09:03:13 809;0;0;0;0;1023;1023;22;1001;357;225;93;141;27;64;23;18;15;10;3;25
0.3;05914000;14.09.2025;Wahl der Bezirksvertretung;6012;6012 Briefwahlbezirk;15.09.2025 09:03:13 809;0;0;0;0;489;489;1;488;143;120;36;85;23;42;11;4;10;5;2;7
0.3;05914000;14.09.2025;Wahl der Bezirksvertretung;6013;6013 Briefwahlbezirk;15.09.2025 09:03:13 809;0;0;0;0;962;962;5;957;325;235;99;146;34;44;28;6;12;7;2;19
0.3;05914000;14.09.2025;Wahl der Bezirksvertretung;6014;6014 Briefwahlbezirk;15.09.2025 09:03:13 809;0;0;0;0;626;626;2;624;218;155;55;82;28;35;10;4;8;9;6;14
0.3;05914000;14.09.2025;Wahl der Bezirksvertretung;6015;6015 Briefwahlbezirk;15.09.2025 09:03:13 809;0;0;0;0;767;767;5;762;212;182;47;125;25;26;43;8;27;8;3;56
0.3;05914000;14.09.2025;Wahl der Bezirksvertretung;6016;6016 Briefwahlbezirk;15.09.2025 09:03:13 809;0;0;0;0;394;394;2;392;85;81;39;79;18;10;32;3;13;3;3;26
0.3;05914000;14.09.2025;Wahl der Bezirksvertretung;6017;6017 Briefwahlbezirk;15.09.2025 09:03:13 809;0;0;0;0;259;259;2;257;39;46;25;42;8;1;26;5;25;2;1;37
0.3;05914000;14.09.2025;Wahl der Bezirksvertretung;6018;6018 Briefwahlbezirk;15.09.2025 09:03:13 809;0;0;0;0;601;601;1;600;142;131;86;84;44;27;31;9;13;2;3;28
0.3;05914000;14.09.2025;Wahl der Bezirksvertretung;6019;6019 Briefwahlbezirk;15.09.2025 09:03:13 809;0;0;0;0;623;623;3;620;188;158;58;86;18;23;19;6;13;3;2;46
0.3;05914000;14.09.2025;Wahl der Bezirksvertretung;6020;6020 Briefwahlbezirk;15.09.2025 09:03:13 809;0;0;0;0;381;381;0;381;51;74;30;37;8;9;28;8;32;10;3;91
0.3;05914000;14.09.2025;Wahl der Bezirksvertretung;6039;6039 Briefwahlbezirk;15.09.2025 09:03:13 809;0;0;0;0;179;179;1;178;30;29;16;36;7;2;13;2;6;9;1;27
0.3;05914000;14.09.2025;Wahl der Bezirksvertretung;2111;2111 Brockhausen;15.09.2025 09:03:13 809;802;183;0;985;215;5;2;213;34;51;14;63;9;13;1;4;3;0;;21
0.3;05914000;14.09.2025;Wahl der Bezirksvertretung;2112;2112 Niedernhofstr.;15.09.2025 09:03:13 809;680;240;0;920;284;0;3;281;100;36;18;88;12;6;3;11;2;2;;3
0.3;05914000;14.09.2025;Wahl der Bezirksvertretung;2113;2113 Hilgenland;15.09.2025 09:03:13 809;620;196;0;816;223;1;10;213;70;42;7;67;11;8;1;5;0;1;;1
0.3;05914000;14.09.2025;Wahl der Bezirksvertretung;2114;2114 Hagener Str.;15.09.2025 09:03:13 809;919;378;0;1297;462;2;6;456;189;69;26;119;9;14;9;7;3;3;;8
0.3;05914000;14.09.2025;Wahl der Bezirksvertretung;2115;2115 Boele Kirche;15.09.2025 09:03:13 809;799;210;0;1009;271;;10;261;90;42;12;89;5;11;1;4;1;1;;5
0.3;05914000;14.09.2025;Wahl der Bezirksvertretung;2116;2116 Allensteiner Str. / Hengstey;15.09.2025 09:03:13 809;744;277;0;1021;304;0;1;303;89;37;23;105;15;10;6;8;2;4;;4
0.3;05914000;14.09.2025;Wahl der Bezirksvertretung;2121;2121 Fritz-Steinhoff-Schule;15.09.2025 09:03:13 809;970;158;0;1128;303;1;7;296;52;61;21;115;8;10;1;9;8;6;;5
0.3;05914000;14.09.2025;Wahl der Bezirksvertretung;2122;2122 Borgenfeldstr.;15.09.2025 09:03:13 809;668;155;0;823;223;;2;221;62;31;13;79;1;12;8;11;2;0;;2
0.3;05914000;14.09.2025;Wahl der Bezirksvertretung;2123;2123 Knüwenstr.;15.09.2025 09:03:13 809;722;167;0;889;225;0;2;223;46;51;7;78;10;13;1;8;0;2;;7
0.3;05914000;14.09.2025;Wahl der Bezirksvertretung;2124;2124 Steinhausstr.;15.09.2025 09:03:13 809;704;189;0;893;160;1;9;151;35;41;1;49;8;6;0;2;1;2;;6
0.3;05914000;14.09.2025;Wahl der Bezirksvertretung;2125;2125 Bathey;15.09.2025 09:03:13 809;504;153;0;657;238;2;6;232;55;39;14;81;10;10;3;14;1;1;;4
0.3;05914000;14.09.2025;Wahl der Bezirksvertretung;2126;2126 Garenfeld;15.09.2025 09:03:13 809;1020;404;0;1424;589;0;6;583;220;107;41;140;18;20;10;12;4;4;;7
0.3;05914000;14.09.2025;Wahl der Bezirksvertretung;2131;2131 Helfer Str.;15.09.2025 09:03:13 809;680;225;0;905;274;0;2;272;76;38;24;103;5;10;4;2;0;2;;8
0.3;05914000;14.09.2025;Wahl der Bezirksvertretung;2132;2132 AWO-Heim Helfe;15.09.2025 09:03:13 809;853;190;0;1043;289;0;6;283;74;48;19;110;3;8;2;5;2;5;;7
0.3;05914000;14.09.2025;Wahl der Bezirksvertretung;2133;2133 Louise-Schröder-Str.;15.09.2025 09:03:13 809;710;193;0;903;280;0;1;279;87;37;6;95;7;4;3;8;1;0;;31
0.3;05914000;14.09.2025;Wahl der Bezirksvertretung;2134;2134 Fley;15.09.2025 09:03:13 809;568;303;0;871;321;0;1;320;99;52;33;96;7;13;5;2;1;1;;11
0.3;05914000;14.09.2025;Wahl der Bezirksvertretung;2135;2135 Buschstr.;15.09.2025 09:03:13 809;684;297;0;981;278;0;2;276;83;43;17;98;12;8;5;3;0;6;;1
0.3;05914000;14.09.2025;Wahl der Bezirksvertretung;2136;2136 Pappelstr.;15.09.2025 09:03:13 809;605;165;0;770;242;0;0;242;77;44;10;64;14;11;4;13;0;1;;4
0.3;05914000;14.09.2025;Wahl der Bezirksvertretung;2141;2141 Freiligrathstr.;15.09.2025 09:03:13 809;745;159;0;904;287;0;3;284;69;55;12;92;16;16;6;5;1;5;;7
0.3;05914000;14.09.2025;Wahl der Bezirksvertretung;2142;2142 Sonntagstr.;15.09.2025 09:03:13 809;920;289;0;1209;385;;4;381;100;66;24;142;10;18;6;3;1;4;;7
0.3;05914000;14.09.2025;Wahl der Bezirksvertretung;2143;2143 Wilhelm-Leuschner-Str.;15.09.2025 09:03:13 809;755;185;0;940;320;0;3;317;94;63;15;85;13;17;5;14;2;2;;7
0.3;05914000;14.09.2025;Wahl der Bezirksvertretung;2144;2144 Hügelstr.;15.09.2025 09:03:13 809;738;399;0;1137;306;3;5;301;135;49;27;55;5;8;9;4;1;5;;3
0.3;05914000;14.09.2025;Wahl der Bezirksvertretung;2145;2145 Hamecke;15.09.2025 09:03:13 809;779;256;0;1035;398;0;11;387;148;63;28;95;12;15;9;7;2;3;;5
0.3;05914000;14.09.2025;Wahl der Bezirksvertretung;2151;2151 Masurenstr. / Aehringhausen / Voßacker;15.09.2025 09:03:13 809;1348;386;0;1734;505;2;4;501;126;138;25;122;19;15;7;17;5;6;;21
0.3;05914000;14.09.2025;Wahl der Bezirksvertretung;2152;2152 Vorhalle-Zentrum;15.09.2025 09:03:13 809;1359;346;0;1705;514;0;15;499;112;101;30;130;22;22;12;19;2;12;;37
0.3;05914000;14.09.2025;Wahl der Bezirksvertretung;2153;2153 Wielandplatz / Becheltestr.;15.09.2025 09:03:13 809;1197;221;0;1418;286;2;3;283;44;53;18;72;5;13;7;22;3;1;;45
0.3;05914000;14.09.2025;Wahl der Bezirksvertretung;2154;2154 Lindenstr. / Funkenhausen;15.09.2025 09:03:13 809;1004;247;0;1251;342;0;2;340;98;66;24;96;9;11;2;4;2;4;;24
0.3;05914000;14.09.2025;Wahl der Bezirksvertretung;6021;6021 Briefwahlbezirk;15.09.2025 09:03:13 809;0;0;0;0;551;551;2;549;190;110;45;49;17;19;21;14;2;4;;78
0.3;05914000;14.09.2025;Wahl der Bezirksvertretung;6022;6022 Briefwahlbezirk;15.09.2025 09:03:13 809;0;0;0;0;768;768;5;763;363;113;57;99;40;14;18;22;5;10;;22
0.3;05914000;14.09.2025;Wahl der Bezirksvertretung;6023;6023 Briefwahlbezirk;15.09.2025 09:03:13 809;0;0;0;0;408;408;3;405;110;103;20;67;19;15;7;15;3;8;;38
0.3;05914000;14.09.2025;Wahl der Bezirksvertretung;6024;6024 Briefwahlbezirk;15.09.2025 09:03:13 809;0;0;0;0;629;629;2;627;236;132;43;91;32;22;18;19;2;10;;22
0.3;05914000;14.09.2025;Wahl der Bezirksvertretung;6025;6025 Briefwahlbezirk;15.09.2025 09:03:13 809;0;0;0;0;522;522;3;519;186;91;41;91;13;18;17;15;1;0;;46
0.3;05914000;14.09.2025;Wahl der Bezirksvertretung;6026;6026 Briefwahlbezirk;15.09.2025 09:03:13 809;0;0;0;0;660;660;3;657;251;139;69;114;18;8;24;14;2;2;;16
0.3;05914000;14.09.2025;Wahl der Bezirksvertretung;6027;6027 Briefwahlbezirk;15.09.2025 09:03:13 809;0;0;0;0;542;542;4;538;206;104;54;87;18;6;8;10;2;3;;40
0.3;05914000;14.09.2025;Wahl der Bezirksvertretung;6028;6028 Briefwahlbezirk;15.09.2025 09:03:13 809;0;0;0;0;609;609;6;603;289;78;62;89;12;16;26;12;1;6;;12
0.3;05914000;14.09.2025;Wahl der Bezirksvertretung;6029;6029 Briefwahlbezirk;15.09.2025 09:03:13 809;0;0;0;0;600;600;1;599;147;155;42;80;20;16;13;13;3;9;;101
0.3;05914000;14.09.2025;Wahl der Bezirksvertretung;6030;6030 Briefwahlbezirk;15.09.2025 09:03:13 809;0;0;0;0;386;386;2;384;88;67;25;57;9;14;12;41;1;6;;64
0.3;05914000;14.09.2025;Wahl der Bezirksvertretung;3161;3161 Halden;15.09.2025 09:03:13 809;845;363;0;1208;501;;5;496;142;19;101;40;130;21;13;2;14;5;9;0
0.3;05914000;14.09.2025;Wahl der Bezirksvertretung;3162;3162 Bandstahlstr.;15.09.2025 09:03:13 809;704;398;0;1102;461;1;6;455;142;17;83;48;93;21;13;4;11;11;7;5
0.3;05914000;14.09.2025;Wahl der Bezirksvertretung;3163;3163 Herbeck;15.09.2025 09:03:13 809;392;114;0;506;233;4;5;228;53;35;37;11;60;12;3;7;3;5;1;1
0.3;05914000;14.09.2025;Wahl der Bezirksvertretung;3164;3164 Berchum;15.09.2025 09:03:13 809;975;402;0;1377;557;0;3;554;170;62;86;48;110;18;15;3;23;7;10;2
0.3;05914000;14.09.2025;Wahl der Bezirksvertretung;3165;3165 Reh / Henkhausen;15.09.2025 09:03:13 809;613;241;0;854;362;1;7;355;75;76;70;44;56;12;5;3;6;3;4;1
0.3;05914000;14.09.2025;Wahl der Bezirksvertretung;3166;3166 Kirchenberg;15.09.2025 09:03:13 809;552;266;0;818;271;0;7;264;63;72;35;19;41;8;5;2;5;4;9;1
0.3;05914000;14.09.2025;Wahl der Bezirksvertretung;3171;3171 Im Gersegge;15.09.2025 09:03:13 809;946;384;0;1330;373;2;0;373;83;72;60;21;99;4;6;0;7;13;7;1
0.3;05914000;14.09.2025;Wahl der Bezirksvertretung;3172;3172 Wiesenstr.;15.09.2025 09:03:13 809;632;153;0;785;224;0;3;221;32;36;43;5;71;4;3;0;13;5;9;0
0.3;05914000;14.09.2025;Wahl der Bezirksvertretung;3173;3173 Im Sibb;15.09.2025 09:03:13 809;819;293;0;1112;383;0;3;380;69;97;49;27;83;6;8;4;21;4;10;2
0.3;05914000;14.09.2025;Wahl der Bezirksvertretung;3174;3174 Auf der Heide;15.09.2025 09:03:13 809;697;295;0;992;352;2;6;346;95;88;30;20;78;7;7;3;12;1;5;0
0.3;05914000;14.09.2025;Wahl der Bezirksvertretung;3175;3175 Elsey;15.09.2025 09:03:13 809;875;252;0;1127;276;0;3;273;45;57;45;11;78;10;4;2;5;6;8;2
0.3;05914000;14.09.2025;Wahl der Bezirksvertretung;3176;3176 Bezirksverwaltungsstelle Hohenlimburg;15.09.2025 09:03:13 809;605;162;0;767;194;1;4;190;30;47;35;12;38;5;1;1;9;2;9;1
0.3;05914000;14.09.2025;Wahl der Bezirksvertretung;3181;3181 Oeger Str. / Oege;15.09.2025 09:03:13 809;883;395;0;1278;277;;6;271;33;86;28;6;71;6;1;5;13;12;7;3
0.3;05914000;14.09.2025;Wahl der Bezirksvertretung;3182;3182 Wilhelmstr.;15.09.2025 09:03:13 809;562;272;0;834;230;;2;228;37;72;30;11;57;3;1;5;7;0;3;2
0.3;05914000;14.09.2025;Wahl der Bezirksvertretung;3183;3183 Nahmertal;15.09.2025 09:03:13 809;645;260;0;905;247;0;1;246;29;66;33;8;73;12;2;4;6;2;9;2
0.3;05914000;14.09.2025;Wahl der Bezirksvertretung;3184;3184 Wesselbach;15.09.2025 09:03:13 809;624;318;0;942;253;;4;249;49;75;22;16;44;6;2;0;9;10;15;1
0.3;05914000;14.09.2025;Wahl der Bezirksvertretung;3185;3185 Wesselbachstr.;15.09.2025 09:03:13 809;681;277;0;958;313;0;3;310;41;114;40;20;58;3;5;2;12;2;13;0
0.3;05914000;14.09.2025;Wahl der Bezirksvertretung;3191;3191 Holthausen;15.09.2025 09:03:13 809;1025;349;0;1374;555;0;6;549;165;82;81;36;120;18;15;1;11;5;13;2
0.3;05914000;14.09.2025;Wahl der Bezirksvertretung;3192;3192 Elseyer Kirchplatz / Am Somborn;15.09.2025 09:03:13 809;1080;362;0;1442;372;;4;368;58;86;58;15;89;7;2;5;20;6;21;1
0.3;05914000;14.09.2025;Wahl der Bezirksvertretung;3193;3193 Mozartstr. / Alter Henkhauser Weg;15.09.2025 09:03:13 809;1214;300;0;1514;372;0;6;366;75;48;58;8;120;8;4;3;10;13;14;5
0.3;05914000;14.09.2025;Wahl der Bezirksvertretung;3194;3194 Wachtelweg / Am Berge;15.09.2025 09:03:13 809;1004;367;0;1371;458;;8;450;91;116;74;12;112;11;5;4;7;4;10;4
0.3;05914000;14.09.2025;Wahl der Bezirksvertretung;6031;6031 Briefwahlbezirk;15.09.2025 09:03:13 809;0;0;0;0;758;758;4;754;255;75;138;76;96;50;24;12;17;5;2;4
0.3;05914000;14.09.2025;Wahl der Bezirksvertretung;6032;6032 Briefwahlbezirk;15.09.2025 09:03:13 809;0;0;0;0;809;809;5;804;216;208;122;59;79;38;15;8;13;14;26;6
0.3;05914000;14.09.2025;Wahl der Bezirksvertretung;6033;6033 Briefwahlbezirk;15.09.2025 09:03:13 809;0;0;0;0;728;728;4;724;172;177;108;33;88;7;5;7;26;21;65;15
0.3;05914000;14.09.2025;Wahl der Bezirksvertretung;6034;6034 Briefwahlbezirk;15.09.2025 09:03:13 809;0;0;0;0;597;597;2;595;144;206;58;29;49;15;4;6;21;6;52;5
0.3;05914000;14.09.2025;Wahl der Bezirksvertretung;6035;6035 Briefwahlbezirk;15.09.2025 09:03:13 809;0;0;0;0;818;818;1;817;105;250;84;40;88;19;9;9;18;25;150;20
0.3;05914000;14.09.2025;Wahl der Bezirksvertretung;6036;6036 Briefwahlbezirk;15.09.2025 09:03:13 809;0;0;0;0;514;514;5;509;94;167;73;46;49;3;11;4;18;11;30;3
0.3;05914000;14.09.2025;Wahl der Bezirksvertretung;6037;6037 Briefwahlbezirk;15.09.2025 09:03:13 809;0;0;0;0;626;626;2;624;143;156;99;40;75;13;9;11;26;12;37;3
0.3;05914000;14.09.2025;Wahl der Bezirksvertretung;6038;6038 Briefwahlbezirk;15.09.2025 09:03:13 809;0;0;0;0;563;563;3;560;100;171;77;23;59;11;7;8;7;31;46;20
0.3;05914000;14.09.2025;Wahl der Bezirksvertretung;4203;4203 Untere Selbecker Str.;15.09.2025 09:03:13 809;1008;224;0;1232;237;0;0;237;50;37;2;85;13;6;11;5;1;2;1;24
0.3;05914000;14.09.2025;Wahl der Bezirksvertretung;4204;4204 Hüttenbergstr.;15.09.2025 09:03:13 809;770;253;0;1023;262;;5;257;52;52;11;100;9;5;13;11;3;0;0;1
0.3;05914000;14.09.2025;Wahl der Bezirksvertretung;4205;4205 Franzstraße;15.09.2025 09:03:13 809;748;85;0;833;148;0;2;146;35;12;3;66;3;4;9;8;0;1;0;5
0.3;05914000;14.09.2025;Wahl der Bezirksvertretung;4211;4211 Sunderlohstr.;15.09.2025 09:03:13 809;557;124;0;681;169;0;1;168;39;33;19;51;6;11;2;0;2;0;5;0
0.3;05914000;14.09.2025;Wahl der Bezirksvertretung;4212;4212 Selbecke;15.09.2025 09:03:13 809;749;260;0;1009;308;;1;307;72;64;14;105;5;9;17;6;0;2;1;12
0.3;05914000;14.09.2025;Wahl der Bezirksvertretung;4213;4213 Gesamtschule Eilpe;15.09.2025 09:03:13 809;760;202;0;962;298;3;3;295;75;56;19;86;13;3;12;4;0;5;0;22
0.3;05914000;14.09.2025;Wahl der Bezirksvertretung;4214;4214 In der Welle;15.09.2025 09:03:13 809;1295;339;0;1634;503;;11;492;119;76;25;159;32;15;21;17;1;3;1;23
0.3;05914000;14.09.2025;Wahl der Bezirksvertretung;4215;4215 Hohenfor;15.09.2025 09:03:13 809;724;209;0;933;255;0;2;253;88;39;10;81;6;7;11;2;0;1;0;8
0.3;05914000;14.09.2025;Wahl der Bezirksvertretung;4221;4221 Delstern-Süd;15.09.2025 09:03:13 809;434;168;0;602;180;0;6;174;35;29;23;48;8;2;17;7;1;0;1;3
0.3;05914000;14.09.2025;Wahl der Bezirksvertretung;4222;4222 Zum Bollwerk / Ambrock;15.09.2025 09:03:13 809;764;280;0;1044;409;2;8;401;57;118;38;138;8;5;15;3;1;15;0;3
0.3;05914000;14.09.2025;Wahl der Bezirksvertretung;4223;4223 Priorei;15.09.2025 09:03:13 809;647;236;0;883;285;5;3;282;40;77;19;106;7;8;9;6;3;4;2;1
0.3;05914000;14.09.2025;Wahl der Bezirksvertretung;4224;4224 Rummenohl;15.09.2025 09:03:13 809;686;274;0;960;328;;1;327;67;76;32;99;12;13;12;8;0;2;1;5
0.3;05914000;14.09.2025;Wahl der Bezirksvertretung;4225;4225 Zum Hohenhof / Sürenhagen;15.09.2025 09:03:13 809;742;402;0;1144;429;;6;423;96;116;42;108;6;11;16;15;2;1;2;8
0.3;05914000;14.09.2025;Wahl der Bezirksvertretung;6040;6040 Briefwahlbezirk;15.09.2025 09:03:13 809;0;0;0;0;485;485;0;485;160;85;27;98;21;8;17;22;2;5;2;38
0.3;05914000;14.09.2025;Wahl der Bezirksvertretung;6041;6041 Briefwahlbezirk;15.09.2025 09:03:13 809;0;0;0;0;497;497;2;495;155;112;33;91;31;18;15;10;2;4;2;22
0.3;05914000;14.09.2025;Wahl der Bezirksvertretung;6042;6042 Briefwahlbezirk;15.09.2025 09:03:13 809;0;0;0;0;461;461;4;457;153;81;24;72;24;5;20;29;2;5;4;38
0.3;05914000;14.09.2025;Wahl der Bezirksvertretung;6043;6043 Briefwahlbezirk;15.09.2025 09:03:13 809;0;0;0;0;611;611;2;609;132;209;59;95;24;19;33;18;0;7;2;11
0.3;05914000;14.09.2025;Wahl der Bezirksvertretung;6044;6044 Briefwahlbezirk;15.09.2025 09:03:13 809;0;0;0;0;594;594;2;592;118;196;68;98;24;34;24;13;1;9;3;4
0.3;05914000;14.09.2025;Wahl der Bezirksvertretung;5231;5231 Jungfernbruch / Haus Harkorten;15.09.2025 09:03:13 809;1148;363;0;1511;442;;5;437;130;70;14;23;145;7;15;1;19;5;;8
0.3;05914000;14.09.2025;Wahl der Bezirksvertretung;5232;5232 Büdding;15.09.2025 09:03:13 809;638;120;0;758;234;0;2;232;51;38;4;12;91;2;9;3;8;9;;5
0.3;05914000;14.09.2025;Wahl der Bezirksvertretung;5233;5233 Spielbrinkstr.;15.09.2025 09:03:13 809;659;131;0;790;220;0;2;218;65;31;10;9;80;2;8;2;3;2;;6
0.3;05914000;14.09.2025;Wahl der Bezirksvertretung;5234;5234 Geweke / Auf dem Gelling;15.09.2025 09:03:13 809;1083;463;0;1546;431;0;6;425;82;75;40;40;122;8;31;7;5;2;;13
0.3;05914000;14.09.2025;Wahl der Bezirksvertretung;5235;5235 Tückingstr.;15.09.2025 09:03:13 809;958;309;0;1267;362;0;3;359;92;100;15;18;94;7;9;6;2;2;;14
0.3;05914000;14.09.2025;Wahl der Bezirksvertretung;5241;5241 Hüttenplatz;15.09.2025 09:03:13 809;1162;192;0;1354;253;0;3;250;56;45;3;11;97;2;12;0;5;4;;15
0.3;05914000;14.09.2025;Wahl der Bezirksvertretung;5242;5242 Tillmanns- / Kölner Str.;15.09.2025 09:03:13 809;1027;166;0;1193;155;;4;151;55;18;6;7;42;2;5;2;4;1;;9
0.3;05914000;14.09.2025;Wahl der Bezirksvertretung;5243;5243 Leimstr. / Oedeweg;15.09.2025 09:03:13 809;1261;159;0;1420;234;2;2;232;69;18;7;10;83;3;14;5;9;4;;10
0.3;05914000;14.09.2025;Wahl der Bezirksvertretung;5244;5244 Dickenbruchstr.;15.09.2025 09:03:13 809;997;220;0;1217;287;4;1;286;72;26;10;11;118;5;12;2;14;6;;10
0.3;05914000;14.09.2025;Wahl der Bezirksvertretung;5251;5251 Steinplatz;15.09.2025 09:03:13 809;826;166;0;992;192;0;2;190;53;34;10;8;54;1;14;1;6;0;;9
0.3;05914000;14.09.2025;Wahl der Bezirksvertretung;5252;5252 Am Postkopf;15.09.2025 09:03:13 809;771;113;0;884;148;;5;143;33;11;6;1;55;1;12;3;7;4;;10
0.3;05914000;14.09.2025;Wahl der Bezirksvertretung;5253;5253 Klutert;15.09.2025 09:03:13 809;617;255;0;872;338;0;4;334;76;88;46;17;71;6;11;3;9;0;;7
0.3;05914000;14.09.2025;Wahl der Bezirksvertretung;5254;5254 Hestert;15.09.2025 09:03:13 809;620;223;0;843;310;;5;305;72;80;26;10;73;10;17;4;3;2;;8
0.3;05914000;14.09.2025;Wahl der Bezirksvertretung;5255;5255 Kettelbach;15.09.2025 09:03:13 809;788;275;0;1063;268;0;0;268;62;63;15;11;78;6;8;4;9;0;;12
0.3;05914000;14.09.2025;Wahl der Bezirksvertretung;5256;5256 Am Karweg;15.09.2025 09:03:13 809;751;176;0;927;246;0;7;239;47;41;9;14;92;1;16;9;3;1;;6
0.3;05914000;14.09.2025;Wahl der Bezirksvertretung;5261;5261 Baukloh;15.09.2025 09:03:13 809;978;455;0;1433;460;0;3;457;107;90;27;38;143;14;14;4;8;0;;12
0.3;05914000;14.09.2025;Wahl der Bezirksvertretung;5262;5262 Ähren- / Twittingstr.;15.09.2025 09:03:13 809;955;154;0;1109;341;0;8;333;92;44;16;23;121;4;9;2;9;7;;6
0.3;05914000;14.09.2025;Wahl der Bezirksvertretung;5263;5263 Grazer Str.;15.09.2025 09:03:13 809;744;209;0;953;271;0;2;269;60;36;23;12;86;7;14;2;8;3;;18
0.3;05914000;14.09.2025;Wahl der Bezirksvertretung;5264;5264 Harkortstr.;15.09.2025 09:03:13 809;561;94;0;655;183;0;10;173;41;25;8;8;62;2;9;3;4;2;;9
0.3;05914000;14.09.2025;Wahl der Bezirksvertretung;5265;5265 Westerbauer;15.09.2025 09:03:13 809;704;51;0;755;132;0;4;128;32;17;5;11;42;4;3;1;3;2;;8
0.3;05914000;14.09.2025;Wahl der Bezirksvertretung;5266;5266 Gabelsberger Str.;15.09.2025 09:03:13 809;731;155;0;886;305;0;4;301;78;49;11;15;115;7;5;2;7;7;;5
0.3;05914000;14.09.2025;Wahl der Bezirksvertretung;6045;6045 Briefwahlbezirk;15.09.2025 09:03:13 809;0;0;0;0;545;545;1;544;210;97;31;32;106;10;23;5;19;7;;4
0.3;05914000;14.09.2025;Wahl der Bezirksvertretung;6046;6046 Briefwahlbezirk;15.09.2025 09:03:13 809;0;0;0;0;689;689;7;682;162;169;64;70;113;14;18;11;11;4;;46
0.3;05914000;14.09.2025;Wahl der Bezirksvertretung;6047;6047 Briefwahlbezirk;15.09.2025 09:03:13 809;0;0;0;0;291;291;0;291;83;44;14;11;60;3;10;0;14;10;;42
0.3;05914000;14.09.2025;Wahl der Bezirksvertretung;6048;6048 Briefwahlbezirk;15.09.2025 09:03:13 809;0;0;0;0;310;310;0;310;89;33;17;24;69;2;21;6;19;2;;28
0.3;05914000;14.09.2025;Wahl der Bezirksvertretung;6049;6049 Briefwahlbezirk;15.09.2025 09:03:13 809;0;0;0;0;452;452;1;451;141;106;38;33;56;8;4;3;23;4;;35
0.3;05914000;14.09.2025;Wahl der Bezirksvertretung;6050;6050 Briefwahlbezirk;15.09.2025 09:03:13 809;0;0;0;0;606;606;1;605;159;159;40;56;109;15;32;7;11;3;;14
0.3;05914000;14.09.2025;Wahl der Bezirksvertretung;6051;6051 Briefwahlbezirk;15.09.2025 09:03:13 809;0;0;0;0;742;742;0;742;254;150;53;73;128;12;16;3;16;3;;34
0.3;05914000;14.09.2025;Wahl der Bezirksvertretung;6052;6052 Briefwahlbezirk;15.09.2025 09:03:13 809;0;0;0;0;261;261;2;259;79;44;13;13;60;4;15;3;17;3;;8
