version;wahl-behoerde-gs;wahl-datum;wahl-name;bezirk-nr;bezirk-name;zeitstempel-erfassung;A1;A2;A3;A;B;B1;C;D;E;F;D1;F1;D2;F2;D3;F3;D4;F4;D5;F5;D6;F6;D7;F7;D8;F8;D9;F9;D10;F10;D11;F11;D12;F12;D13;F13;D14;F14;D15;F15;D16;F16;D17;F17;D18;F18;D19;F19;D20;F20;D21;F21;D22;F22;D23;F23;D24;F24;D35
0.3;08212000;26.09.2021;Bundestagswahl;00121;001-21 Hans-Thoma-Schule;26.09.2021 10:03:12 023;963;1069;0;2032;504;6;3;501;4;500;59;55;95;97;162;140;57;59;26;26;56;66;0;1;14;12;5;7;0;3;2;1;0;0;0;1;0;0;0;0;8;9;3;3;0;0;0;0;0;0;4;2;0;2;0;8;9;8;1
0.3;08212000;26.09.2021;Bundestagswahl;00122;001-22 Hans-Thoma-Schule;26.09.2021 10:03:12 023;894;843;0;1737;424;4;3;421;5;419;77;53;67;71;136;117;41;66;32;31;31;38;0;4;9;7;3;4;0;3;1;1;0;1;0;0;0;0;0;0;12;8;1;0;0;0;0;0;0;1;5;3;0;0;0;6;2;5;4
0.3;08212000;26.09.2021;Bundestagswahl;00221;002-21 Ständehaus;26.09.2021 10:03:12 023;733;828;0;1561;440;3;4;436;0;440;75;60;79;67;122;115;54;68;26;30;31;46;0;8;10;10;8;3;0;1;2;1;0;0;0;1;0;0;0;0;16;14;0;0;0;0;0;0;0;0;4;3;0;0;0;6;8;7;1
0.3;08212000;26.09.2021;Bundestagswahl;00222;002-22 Leopoldschule;26.09.2021 10:03:12 023;691;869;0;1560;433;10;7;426;8;425;56;52;81;76;133;135;41;54;18;17;47;41;0;4;7;8;7;6;0;1;2;0;0;0;0;0;0;0;0;0;21;21;2;2;0;1;0;0;0;0;4;1;0;0;0;3;7;3;0
0.3;08212000;26.09.2021;Bundestagswahl;00223;002-23 Leopoldschule;26.09.2021 10:03:12 023;637;817;0;1454;369;7;3;366;3;366;55;33;60;65;133;118;37;61;14;14;33;31;0;4;9;6;4;5;0;0;3;3;0;0;0;0;0;0;0;0;6;6;0;0;0;0;0;0;0;0;5;5;0;1;0;9;7;5;0
0.3;08212000;26.09.2021;Bundestagswahl;00224;002-24 Bismarck-Gymnasium;26.09.2021 10:03:12 023;829;1072;0;1901;534;16;5;529;2;532;60;51;98;87;217;192;63;93;21;25;27;43;0;2;14;4;6;4;0;4;1;3;0;0;0;0;1;0;0;1;11;9;2;2;0;0;0;0;0;1;3;2;0;0;0;2;2;7;3
0.3;08212000;26.09.2021;Bundestagswahl;00321;003-21 Friedrich-List-Schule;26.09.2021 10:03:12 023;477;944;0;1421;343;11;2;341;2;341;68;43;60;67;96;94;48;75;19;23;16;15;0;3;7;1;9;3;0;1;0;0;0;0;0;0;0;0;0;0;10;9;1;1;0;0;0;0;0;0;2;0;0;0;0;0;4;6;1
0.3;08212000;26.09.2021;Bundestagswahl;00322;003-22 Nebeniusschule;26.09.2021 10:03:12 023;1054;949;0;2003;675;13;7;668;6;669;78;68;117;135;227;196;62;70;37;39;80;77;0;5;12;13;12;9;0;5;3;2;0;0;0;2;0;0;0;1;27;20;2;4;0;0;0;0;0;1;3;2;0;0;0;13;7;7;1
0.3;08212000;26.09.2021;Bundestagswahl;00323;003-23 Nebeniusschule;26.09.2021 10:03:12 023;1188;961;0;2149;610;8;6;604;5;605;80;67;124;117;174;158;54;73;55;56;76;77;0;10;14;11;3;2;0;3;3;1;0;1;0;0;17;0;0;0;1;17;0;1;0;0;0;0;0;0;0;0;0;1;0;8;3;2;0
0.3;08212000;26.09.2021;Bundestagswahl;00324;003-24 Uhlandschule;26.09.2021 10:03:12 023;904;1211;0;2115;498;9;4;494;2;496;64;65;111;82;138;136;63;79;42;41;33;46;0;7;8;3;3;7;0;0;1;0;0;1;0;1;0;0;0;0;16;15;4;1;0;0;0;0;0;0;3;1;0;0;0;7;7;4;1
0.3;08212000;26.09.2021;Bundestagswahl;00325;003-25 Uhlandschule;26.09.2021 10:03:12 023;907;896;0;1803;501;5;3;498;4;497;42;38;86;79;176;161;56;62;24;31;67;65;0;7;22;21;2;3;0;7;2;0;0;0;0;1;2;0;0;1;14;11;2;2;0;1;0;0;0;0;0;0;0;0;0;3;2;4;1
0.3;08212000;26.09.2021;Bundestagswahl;00326;003-26 Friedrich-List-Schule;26.09.2021 10:03:12 023;540;897;0;1437;396;2;3;393;3;393;73;62;65;74;140;116;55;71;17;18;18;26;0;1;6;3;3;3;0;0;0;0;0;0;0;0;0;0;0;0;8;8;1;0;0;0;0;0;0;0;2;2;0;0;0;3;5;6;0
0.3;08212000;26.09.2021;Bundestagswahl;00327;003-27 Uhlandschule;26.09.2021 10:03:12 023;925;1058;0;1983;540;7;8;532;10;530;51;46;85;89;191;188;36;43;35;36;79;70;0;5;11;12;3;1;0;4;2;2;0;1;0;1;1;1;0;0;19;14;0;2;0;0;0;0;0;0;5;3;0;0;0;2;12;10;2
0.3;08212000;26.09.2021;Bundestagswahl;00421;004-21 Goethe-Gymnasium;26.09.2021 10:03:12 023;691;963;0;1654;453;14;4;449;8;445;65;53;93;82;147;147;29;43;43;41;27;27;0;3;10;10;5;5;0;1;0;0;0;0;0;0;0;0;0;1;18;13;0;0;0;0;0;0;0;0;6;2;0;1;0;13;5;3;1
0.3;08212000;26.09.2021;Bundestagswahl;00422;004-22 Goethe-Gymnasium;26.09.2021 10:03:12 023;848;746;0;1594;486;7;4;482;6;480;70;64;73;84;170;147;42;66;49;44;40;39;0;4;11;9;2;2;0;1;1;1;0;0;0;1;0;0;0;1;13;10;1;1;0;0;0;0;0;0;4;0;0;0;0;1;3;5;3
0.3;08212000;26.09.2021;Bundestagswahl;00423;004-23 Kimmelmannschule;26.09.2021 10:03:12 023;915;1053;0;1968;603;6;5;598;5;598;117;96;140;143;174;153;58;72;27;38;34;43;0;11;12;9;2;1;0;1;4;1;0;0;0;0;0;0;0;1;23;20;2;0;0;0;0;0;0;0;2;2;0;1;0;2;2;4;1
0.3;08212000;26.09.2021;Bundestagswahl;00424;004-24 Weinbrennerschule;26.09.2021 10:03:12 023;579;891;0;1470;350;12;2;348;2;348;66;52;52;57;119;111;31;49;19;17;28;25;0;3;5;3;1;2;0;0;1;1;0;0;0;1;1;0;0;0;22;20;1;1;0;0;0;0;0;0;0;0;0;2;0;0;2;4;0
0.3;08212000;26.09.2021;Bundestagswahl;00425;004-25 Südendschule;26.09.2021 10:03:12 023;627;778;0;1405;468;10;0;468;0;468;70;57;94;103;163;152;32;56;34;33;39;33;0;4;5;5;2;1;0;0;1;1;0;0;0;0;0;0;0;1;16;16;0;0;0;0;0;0;0;0;3;0;0;0;0;1;9;5;0
0.3;08212000;26.09.2021;Bundestagswahl;00426;004-26 Kimmelmannschule;26.09.2021 10:03:12 023;679;1198;0;1877;470;3;3;467;1;469;69;63;93;93;165;161;38;48;21;25;44;37;0;11;11;4;2;2;0;2;1;1;0;0;0;3;0;0;0;0;16;14;0;0;0;0;0;0;0;0;0;0;0;0;0;3;7;2;0
0.3;08212000;26.09.2021;Bundestagswahl;00427;004-27 Südendschule;26.09.2021 10:03:12 023;716;834;0;1550;481;10;2;479;2;479;53;43;114;99;183;187;39;55;16;20;40;39;0;2;6;3;1;1;0;3;2;2;0;0;0;1;0;0;0;0;14;13;0;0;0;0;0;0;0;0;0;1;0;0;0;6;10;4;1
0.3;08212000;26.09.2021;Bundestagswahl;00428;004-28 Goethe-Gymnasium;26.09.2021 10:03:12 023;549;834;0;1383;314;6;2;312;2;312;39;31;45;56;120;98;25;34;14;18;35;32;0;3;10;8;3;3;0;5;1;1;0;0;0;1;1;0;0;1;14;10;1;1;0;0;0;0;0;0;1;0;0;0;0;5;3;5;0
0.3;08212000;26.09.2021;Bundestagswahl;00429;004-29 Südendschule;26.09.2021 10:03:12 023;548;838;0;1386;377;5;1;376;0;377;48;47;67;82;145;122;26;30;21;19;32;35;0;6;5;7;6;3;0;1;5;4;0;0;0;0;2;2;0;0;14;13;0;0;0;0;0;1;0;0;2;1;0;0;0;0;2;4;1
0.3;08212000;26.09.2021;Bundestagswahl;00521;005-21 Draisschule;26.09.2021 10:03:12 023;557;892;0;1449;409;8;5;404;1;408;85;83;58;59;137;109;46;65;25;28;22;32;0;1;8;6;2;0;0;0;3;2;0;0;0;0;0;0;0;0;10;10;0;0;0;0;0;0;0;0;2;2;0;0;0;5;6;6;0
0.3;08212000;26.09.2021;Bundestagswahl;00522;005-22 Helmholtz-Gymnasium;26.09.2021 10:03:12 023;853;875;0;1728;507;5;6;501;6;501;57;48;109;114;164;149;51;59;39;39;40;48;0;6;9;8;7;4;0;4;4;3;0;1;0;0;0;0;0;0;10;10;0;0;0;0;0;0;0;0;2;0;0;0;0;4;9;4;0
0.3;08212000;26.09.2021;Bundestagswahl;00523;005-23 Lessing-Gymnasium;26.09.2021 10:03:12 023;788;863;0;1651;527;7;4;523;6;521;73;63;109;103;194;182;40;59;28;27;38;48;0;4;14;9;4;6;0;0;0;0;0;0;0;0;1;0;0;0;12;6;2;2;0;1;0;0;0;0;1;2;0;0;0;5;6;4;1
0.3;08212000;26.09.2021;Bundestagswahl;00524;005-24 Lessing-Gymnasium;26.09.2021 10:03:12 023;748;967;0;1715;529;20;7;522;5;524;57;55;96;107;211;190;48;54;20;24;39;45;0;3;15;6;6;5;0;0;0;0;0;0;0;3;0;0;0;0;17;16;1;0;0;1;0;1;0;0;6;4;0;0;0;4;6;6;0
0.3;08212000;26.09.2021;Bundestagswahl;00525;005-25 Weinbrennerschule;26.09.2021 10:03:12 023;823;927;0;1750;501;9;3;498;2;499;75;59;102;106;171;145;43;63;24;26;42;51;0;9;13;10;4;5;0;2;2;1;0;0;0;0;2;0;0;0;11;15;0;0;0;0;0;0;0;0;1;1;0;1;0;2;5;3;3
0.3;08212000;26.09.2021;Bundestagswahl;00526;005-26 Lessing-Gymnasium;26.09.2021 10:03:12 023;836;1078;0;1914;511;10;9;502;4;507;75;55;104;119;164;163;42;58;33;33;48;43;0;4;8;7;9;3;0;2;1;2;0;0;0;1;1;2;0;0;11;6;2;1;0;0;0;0;0;0;1;0;0;1;0;7;3;0;0
0.3;08212000;26.09.2021;Bundestagswahl;00527;005-27 Weinbrennerschule;26.09.2021 10:03:12 023;720;855;0;1575;471;18;6;465;3;468;64;61;97;87;172;155;50;69;25;24;34;44;0;2;5;1;2;3;0;0;0;1;0;0;0;1;1;1;0;0;10;11;1;0;0;0;0;0;0;0;0;1;0;0;0;3;3;4;1
0.3;08212000;26.09.2021;Bundestagswahl;00528;005-28 Helmholtz-Gymnasium;26.09.2021 10:03:12 023;815;868;0;1683;498;6;2;496;1;497;78;70;117;130;139;114;50;65;33;34;30;28;0;5;10;10;7;1;0;0;0;0;0;0;0;1;0;0;0;2;16;14;2;1;0;0;0;1;0;0;6;4;0;0;0;7;7;10;1
0.3;08212000;26.09.2021;Bundestagswahl;00621;006-21 Rennbuckelschule;26.09.2021 10:03:12 023;899;742;0;1641;579;19;2;577;2;577;156;132;128;124;111;110;57;80;68;65;21;16;0;8;11;12;11;9;0;2;1;0;0;0;0;0;0;0;0;0;6;9;0;0;0;0;0;0;0;0;4;2;0;3;0;2;2;3;1
0.3;08212000;26.09.2021;Bundestagswahl;00622;006-22 Werner-von-Siemens-Schule;26.09.2021 10:03:12 023;1333;715;0;2048;586;6;16;570;18;568;103;72;138;153;90;80;68;78;82;83;40;42;0;12;10;5;6;1;0;2;1;0;0;1;0;1;1;0;0;0;21;16;0;2;0;0;0;0;0;0;2;1;0;1;0;13;6;5;2
0.3;08212000;26.09.2021;Bundestagswahl;00623;006-23 Werner-von-Siemens-Schule;26.09.2021 10:03:12 023;880;991;0;1871;568;16;9;559;9;559;132;130;117;109;113;111;62;74;72;69;26;26;0;4;7;5;9;7;0;0;1;1;0;0;0;0;1;0;0;0;15;13;0;0;0;1;0;0;0;1;2;2;0;0;0;3;2;3;0
0.3;08212000;26.09.2021;Bundestagswahl;00624;006-24 Werner-von-Siemens-Schule;26.09.2021 10:03:12 023;1108;984;0;2092;705;8;10;695;7;698;156;148;178;166;159;141;76;100;63;63;24;36;0;7;6;2;7;6;0;3;2;1;0;0;0;0;0;1;0;0;13;9;0;0;0;0;0;0;0;0;4;2;0;0;0;4;7;9;0
0.3;08212000;26.09.2021;Bundestagswahl;00721;007-21 Friedrich-List-Schule;26.09.2021 10:03:12 023;846;928;0;1774;483;8;6;477;4;479;41;26;116;116;153;134;26;47;43;45;42;45;0;7;15;9;7;4;0;5;3;3;0;0;0;0;1;0;0;2;19;21;0;0;0;0;0;1;0;2;3;1;0;0;0;5;6;6;2
0.3;08212000;26.09.2021;Bundestagswahl;00722;007-22 Heinrich-Meidinger-Schule;26.09.2021 10:03:12 023;666;819;0;1485;415;22;5;410;4;411;69;57;69;75;119;105;46;57;36;41;37;39;0;4;8;4;5;2;0;2;1;1;0;0;0;0;0;0;0;0;10;9;0;0;0;0;0;0;0;0;3;2;0;0;0;5;5;8;2
0.3;08212000;26.09.2021;Bundestagswahl;00723;007-23 Lidellschule;26.09.2021 10:03:12 023;763;751;0;1514;464;2;14;450;10;454;72;55;110;110;130;119;36;41;31;39;29;33;0;9;8;5;4;6;0;1;2;2;0;0;0;0;0;2;0;0;18;16;1;2;0;2;0;0;0;0;0;0;0;0;0;9;8;3;1
0.3;08212000;26.09.2021;Bundestagswahl;00724;007-24 Lidellschule;26.09.2021 10:03:12 023;823;906;0;1729;495;5;3;492;7;488;88;82;104;99;145;127;50;67;48;43;22;33;0;1;10;5;7;5;0;3;0;4;0;0;0;0;4;1;0;1;6;6;1;1;0;0;0;0;0;0;4;3;0;0;0;1;3;6;0
0.3;08212000;26.09.2021;Bundestagswahl;00725;007-25 Lidellschule;26.09.2021 10:03:12 023;717;1040;0;1757;463;9;6;457;6;457;55;45;77;83;187;165;30;46;27;31;47;55;0;2;12;9;4;3;0;1;1;0;0;0;0;0;0;0;0;1;5;4;2;1;0;0;0;0;0;0;3;2;0;1;0;2;4;6;3
0.3;08212000;26.09.2021;Bundestagswahl;00726;007-26 Friedrich-List-Schule;26.09.2021 10:03:12 023;647;1290;0;1937;439;11;1;438;1;438;35;30;57;51;205;181;39;56;19;19;38;55;0;2;14;11;3;1;0;4;1;1;0;0;0;1;1;1;0;0;10;11;2;3;0;1;0;0;0;0;3;1;0;2;0;0;7;7;4
0.3;08212000;26.09.2021;Bundestagswahl;00727;007-27 Betreues Wohnen Klosterweg;26.09.2021 10:03:12 023;645;698;0;1343;392;13;2;390;3;389;50;48;82;75;117;103;28;43;31;32;32;36;0;2;10;10;4;4;0;3;4;4;0;0;0;0;0;0;0;0;13;10;1;1;0;1;0;0;0;0;4;5;0;0;0;3;13;9;1
0.3;08212000;26.09.2021;Bundestagswahl;00728;007-28 Lidellschule;26.09.2021 10:03:12 023;706;940;0;1646;462;41;1;461;3;459;53;49;98;94;150;135;47;60;23;18;35;49;0;4;18;10;3;3;0;3;6;1;0;0;0;2;2;1;0;1;12;16;3;3;0;0;0;0;0;0;6;2;0;0;0;2;4;6;1
0.3;08212000;26.09.2021;Bundestagswahl;00821;008-21 Draisschule;26.09.2021 10:03:12 023;1071;803;0;1874;622;4;8;614;7;615;135;126;141;134;134;131;41;55;65;71;48;41;0;7;9;6;7;7;0;0;3;2;0;0;0;1;0;0;0;0;21;21;2;1;0;0;0;1;0;0;2;1;0;0;0;3;6;7;0
0.3;08212000;26.09.2021;Bundestagswahl;00822;008-22 Friedrich-Ebert-Schule;26.09.2021 10:03:12 023;1584;746;0;2330;683;8;17;666;16;667;123;117;173;164;94;82;62;83;102;95;44;43;0;15;12;11;9;8;0;2;2;0;0;1;0;1;1;1;0;0;28;21;3;0;0;1;0;0;0;1;6;4;0;0;0;12;6;5;1
0.3;08212000;26.09.2021;Bundestagswahl;00823;008-23 Vogesenschule;26.09.2021 10:03:12 023;1058;1109;0;2167;538;9;10;528;6;532;96;88;114;105;125;113;61;76;64;69;22;28;0;5;10;13;5;3;0;1;1;1;0;0;0;0;0;1;0;0;18;17;0;0;0;0;0;0;0;0;6;3;0;0;0;4;6;5;0
0.3;08212000;26.09.2021;Bundestagswahl;00824;008-24 Vogesenschule;26.09.2021 10:03:12 023;1255;887;0;2142;599;10;5;594;10;589;97;89;122;119;136;134;69;81;74;70;41;40;0;8;20;14;7;1;0;5;1;1;0;0;0;1;1;0;0;0;13;10;1;0;0;0;0;0;0;0;2;1;0;0;0;8;8;7;2
0.3;08212000;26.09.2021;Bundestagswahl;00825;008-25 Draisschule;26.09.2021 10:03:12 023;978;1075;0;2053;618;11;6;612;7;611;81;66;116;129;215;191;54;69;62;64;22;32;0;8;17;8;6;4;0;0;4;4;0;0;0;0;4;3;0;0;22;21;2;1;0;0;0;1;0;0;1;1;0;0;0;3;5;6;1
0.3;08212000;26.09.2021;Bundestagswahl;00921;009-21 Adam-Remmele-Schule;26.09.2021 10:03:12 023;1133;606;0;1739;638;6;12;626;10;628;147;113;146;161;80;70;66;78;110;106;23;25;0;13;10;12;12;10;0;5;2;2;0;0;0;0;2;1;0;0;15;17;2;2;0;0;0;0;0;0;3;3;0;2;0;5;5;3;3
0.3;08212000;26.09.2021;Bundestagswahl;00922;009-22 Adam-Remmele-Schule;26.09.2021 10:03:12 023;1190;591;0;1781;598;7;18;580;14;584;112;107;173;175;63;59;59;70;110;100;19;15;0;17;11;6;8;8;0;7;1;2;0;0;0;0;0;0;0;0;18;15;1;1;0;0;0;0;0;0;3;0;0;0;0;1;1;1;1
0.3;08212000;26.09.2021;Bundestagswahl;00923;009-23 Grundschule Daxlanden;26.09.2021 10:03:12 023;939;752;0;1691;535;8;1;534;8;527;107;92;127;131;120;120;57;66;48;50;32;30;0;5;16;9;4;4;0;1;3;1;0;0;0;0;1;1;0;1;12;10;2;0;0;0;0;0;0;0;0;0;0;1;0;5;2;0;3
0.3;08212000;26.09.2021;Bundestagswahl;00924;009-24 Grundschule Daxlanden;26.09.2021 10:03:12 023;943;769;0;1712;581;4;7;574;7;574;167;146;111;117;108;97;76;89;50;56;20;26;0;10;13;6;4;1;0;3;3;1;0;0;0;0;0;0;0;0;14;10;3;5;0;0;0;0;0;0;0;0;0;0;0;2;5;5;0
0.3;08212000;26.09.2021;Bundestagswahl;00925;009-25 Adam-Remmele-Schule;26.09.2021 10:03:12 023;1077;588;0;1665;571;4;13;558;12;559;108;93;164;169;70;65;52;61;92;87;21;25;0;15;14;5;8;5;0;3;4;1;0;0;0;0;0;1;0;0;17;17;1;1;0;1;0;0;0;0;3;2;0;0;0;5;4;3;0
0.3;08212000;26.09.2021;Bundestagswahl;01021;010-21 Grundschule Knielingen;26.09.2021 10:03:12 023;1110;804;0;1914;656;6;11;645;9;647;163;153;147;152;95;87;75;76;79;78;29;38;0;7;14;10;15;14;0;5;1;1;0;0;0;0;0;0;0;0;18;15;2;2;0;3;0;0;0;0;2;1;0;0;0;2;4;3;1
0.3;08212000;26.09.2021;Bundestagswahl;01022;010-22 Viktor-von-Scheffel-Schule;26.09.2021 10:03:12 023;1001;915;0;1916;622;8;6;616;5;617;139;120;156;148;114;107;64;90;95;94;18;19;0;4;12;7;3;5;0;2;0;1;0;2;0;1;1;1;0;0;7;3;1;2;0;0;0;0;0;0;1;1;0;1;0;8;3;1;2
0.3;08212000;26.09.2021;Bundestagswahl;01023;010-23 Viktor-von-Scheffel-Schule;26.09.2021 10:03:12 023;893;882;0;1775;561;14;7;554;4;557;146;120;110;117;105;81;72;101;58;65;13;17;0;6;15;9;11;8;0;4;1;0;0;0;0;0;0;0;0;0;18;12;2;2;0;1;0;0;0;0;2;0;0;2;0;8;1;4;0
0.3;08212000;26.09.2021;Bundestagswahl;01024;010-24 Viktor-von-Scheffel-Schule;26.09.2021 10:03:12 023;1020;775;0;1795;587;1;10;577;13;574;148;123;129;130;112;100;65;89;53;55;20;23;0;6;16;13;7;4;0;4;5;2;0;1;0;0;0;0;0;0;13;11;2;2;0;1;0;0;0;0;3;0;0;1;0;6;4;3;0
0.3;08212000;26.09.2021;Bundestagswahl;01121;011-21 Feuerwehrhaus Grünwinkel;26.09.2021 10:03:12 023;1137;842;0;1979;651;10;14;637;17;634;117;111;147;145;173;137;63;91;72;75;23;30;0;6;11;10;10;5;0;2;0;0;0;1;0;1;0;0;0;0;13;10;1;2;0;0;0;0;0;0;1;1;0;0;0;3;5;4;1
0.3;08212000;26.09.2021;Bundestagswahl;01122;011-22 Gaststätte Siedlerheim;26.09.2021 10:03:12 023;1145;1015;0;2160;784;12;12;772;4;780;167;147;163;161;176;169;81;108;91;94;29;31;0;3;15;7;10;12;0;6;1;1;0;0;0;1;1;1;0;0;28;22;0;0;0;2;0;2;0;0;4;2;0;0;0;9;4;2;2
0.3;08212000;26.09.2021;Bundestagswahl;01123;011-23 Grundschule Grünwinkel;26.09.2021 10:03:12 023;935;610;0;1545;533;4;6;527;6;527;116;108;135;130;68;61;55;62;92;87;20;28;0;4;8;4;4;6;0;2;0;0;0;0;0;0;1;0;0;0;17;21;4;3;0;0;0;0;0;0;4;4;0;0;0;3;3;4;0
0.3;08212000;26.09.2021;Bundestagswahl;01124;011-24 Grundschule Grünwinkel;26.09.2021 10:03:12 023;974;697;0;1671;524;4;8;516;3;521;120;109;115;122;83;71;65;83;92;85;15;16;0;3;2;2;4;7;0;0;0;1;0;1;0;0;0;0;0;0;16;15;1;0;0;1;0;0;0;0;0;0;0;0;0;5;3;0;0
0.3;08212000;26.09.2021;Bundestagswahl;01221;012-21 Anne-Frank-Schule;26.09.2021 10:03:12 023;1548;617;0;2165;754;6;13;741;23;731;193;164;133;143;63;53;86;92;195;200;34;30;0;9;9;5;2;2;0;0;1;0;0;0;0;0;0;0;0;0;15;14;3;2;0;0;0;0;0;3;5;2;0;3;0;6;2;3;0
0.3;08212000;26.09.2021;Bundestagswahl;01222;012-22 Anne-Frank-Schule;26.09.2021 10:03:12 023;1656;463;0;2119;644;4;19;625;24;620;127;109;144;144;46;38;63;72;186;173;24;25;0;9;5;3;7;6;0;0;3;2;0;2;0;1;0;0;0;0;15;20;0;1;0;1;0;0;0;0;3;2;0;2;0;8;2;2;0
0.3;08212000;26.09.2021;Bundestagswahl;01223;012-23 Anne-Frank-Schule;26.09.2021 10:03:12 023;1449;698;0;2147;772;2;13;759;17;755;174;141;141;158;86;74;85;97;197;190;26;30;0;8;14;8;2;6;0;2;2;0;0;1;0;0;1;2;0;0;20;24;2;4;0;0;0;0;0;0;5;3;0;3;0;3;2;1;2
0.3;08212000;26.09.2021;Bundestagswahl;01321;013-21 Grundschule Bulach;26.09.2021 10:03:12 023;573;485;0;1058;397;6;8;389;6;391;92;86;90;96;102;86;40;54;34;37;11;13;0;2;0;2;2;2;0;2;2;1;0;0;0;0;1;0;0;0;11;7;1;0;0;0;0;0;0;0;0;0;0;0;0;1;1;2;2
0.3;08212000;26.09.2021;Bundestagswahl;01322;013-22 Grundschule Beiertheim;26.09.2021 10:03:12 023;776;862;0;1638;495;7;8;487;5;490;75;59;86;97;168;147;42;65;29;30;38;47;0;4;17;12;5;2;0;3;3;3;0;1;0;1;0;10;0;0;13;1;1;2;0;0;0;0;0;0;2;0;0;0;0;2;5;4;3
0.3;08212000;26.09.2021;Bundestagswahl;01323;013-23 Grundschule Beiertheim;26.09.2021 10:03:12 023;656;771;0;1427;480;15;3;477;5;475;105;93;91;104;155;144;42;48;16;26;24;23;0;1;13;8;6;6;0;1;4;3;0;0;0;0;1;1;0;0;10;5;2;2;0;1;0;0;0;0;2;2;0;0;0;3;4;4;2
0.3;08212000;26.09.2021;Bundestagswahl;01324;013-24 Grundschule Bulach;26.09.2021 10:03:12 023;538;532;0;1070;385;7;11;374;10;375;80;78;86;84;77;76;34;42;38;41;15;19;0;2;10;7;5;4;0;3;2;1;0;0;0;0;1;2;0;0;18;12;1;0;0;0;0;0;0;0;1;0;0;0;0;2;6;2;0
0.3;08212000;26.09.2021;Bundestagswahl;01421;014-21 Kirche St. Franziskus;26.09.2021 10:03:12 023;661;802;0;1463;471;4;6;465;7;464;82;83;101;104;157;140;32;46;28;30;32;28;0;7;8;3;6;4;0;1;0;0;0;1;0;0;1;0;0;1;13;12;0;0;0;0;0;0;0;0;1;0;0;0;0;2;3;2;1
0.3;08212000;26.09.2021;Bundestagswahl;01422;014-22 Weiherwaldschule;26.09.2021 10:03:12 023;693;825;0;1518;534;4;5;529;5;529;102;81;114;129;154;147;35;53;34;30;37;45;0;5;11;5;6;7;0;1;8;5;0;0;0;2;1;0;0;0;14;9;3;2;0;0;0;0;0;0;3;3;0;1;0;0;2;4;5
0.3;08212000;26.09.2021;Bundestagswahl;01423;014-23 Kirche St. Franziskus;26.09.2021 10:03:12 023;681;816;0;1497;326;3;4;322;4;322;66;57;96;94;76;57;19;24;31;35;18;30;0;6;5;4;3;1;0;1;0;0;0;0;0;0;0;1;0;0;4;2;1;2;0;0;0;0;0;0;0;0;0;0;0;7;2;1;1
0.3;08212000;26.09.2021;Bundestagswahl;01521;015-21 Eichelgartenschule;26.09.2021 10:03:12 023;746;694;0;1440;510;12;7;503;7;503;70;61;146;157;125;111;35;47;53;50;27;25;0;10;12;8;5;1;0;1;1;0;0;1;0;0;0;0;0;0;22;22;2;2;0;0;0;0;0;0;3;3;0;0;0;1;2;3;0
0.3;08212000;26.09.2021;Bundestagswahl;01522;015-22 Riedschule;26.09.2021 10:03:12 023;595;745;0;1340;411;8;4;407;2;409;76;77;87;79;120;115;46;52;30;30;13;13;0;5;4;2;7;7;0;2;1;1;0;0;0;2;0;0;0;0;18;16;0;0;0;0;0;0;0;0;2;0;0;0;0;5;3;3;0
0.3;08212000;26.09.2021;Bundestagswahl;01523;015-23 Riedschule;26.09.2021 10:03:12 023;606;735;0;1341;436;5;2;434;1;435;100;81;93;103;123;112;43;59;25;30;21;25;0;4;6;3;2;2;0;0;2;1;0;1;0;2;1;0;0;0;9;5;1;1;0;0;0;0;0;0;2;0;0;1;0;2;4;3;2
0.3;08212000;26.09.2021;Bundestagswahl;01524;015-24 Riedschule;26.09.2021 10:03:12 023;457;911;0;1368;349;10;1;348;2;347;99;89;49;46;105;95;40;57;21;20;11;13;0;1;4;3;4;5;0;1;0;0;0;0;0;0;0;0;0;0;11;10;1;2;0;0;0;0;0;0;1;0;0;2;0;3;1;0;1
0.3;08212000;26.09.2021;Bundestagswahl;01525;015-25 Eichelgartenschule;26.09.2021 10:03:12 023;674;675;0;1349;407;13;6;401;5;402;57;64;97;114;116;87;32;36;39;38;23;22;0;7;13;9;3;4;0;1;2;2;0;0;0;0;2;1;0;2;14;13;3;1;0;0;0;0;0;0;0;0;0;1;0;0;0;0;0
0.3;08212000;26.09.2021;Bundestagswahl;01526;015-26 Riedschule;26.09.2021 10:03:12 023;529;815;0;1344;353;6;5;348;1;352;90;97;75;81;77;59;40;40;31;31;11;20;0;5;9;4;0;0;0;1;1;2;0;0;0;0;0;0;0;0;10;10;1;0;0;0;0;0;0;0;1;0;0;0;0;1;1;1;1
0.3;08212000;26.09.2021;Bundestagswahl;01621;016-21 Otto-Hahn-Gymnasium;26.09.2021 10:03:12 023;985;725;0;1710;631;13;6;625;10;621;125;139;129;121;157;126;76;88;70;71;30;32;0;1;7;6;8;8;0;1;2;2;0;0;0;1;1;3;0;0;8;10;3;3;0;0;0;0;0;0;4;2;0;1;0;5;5;1;0
0.3;08212000;26.09.2021;Bundestagswahl;01622;016-22 Eichendorffschule;26.09.2021 10:03:12 023;1059;675;0;1734;566;9;4;562;2;564;97;91;133;126;113;107;44;52;108;110;25;30;0;7;11;5;4;3;0;1;3;0;0;1;0;0;0;0;0;0;14;15;2;1;0;0;0;0;0;0;4;2;0;1;0;10;3;2;1
0.3;08212000;26.09.2021;Bundestagswahl;01623;016-23 Ernst-Reuter-Schule (ehem. Schülerhort);26.09.2021 10:03:12 023;1012;729;0;1741;526;12;4;522;9;517;89;82;98;105;114;100;69;79;85;83;22;21;0;7;11;3;6;6;0;3;1;2;0;0;0;0;1;0;0;0;17;16;3;5;0;1;0;0;0;0;0;0;0;0;0;3;3;1;3
0.3;08212000;26.09.2021;Bundestagswahl;01624;016-24 Eichendorffschule;26.09.2021 10:03:12 023;1093;739;0;1832;559;1;5;554;4;555;110;107;134;119;112;102;46;64;76;74;28;33;0;5;16;13;8;8;0;3;2;2;0;0;0;0;0;0;0;0;12;10;4;3;0;0;0;1;0;0;3;4;0;0;0;5;2;2;1
0.3;08212000;26.09.2021;Bundestagswahl;01625;016-25 Europäische Schule;26.09.2021 10:03:12 023;584;552;0;1136;407;9;2;405;6;401;103;105;91;82;83;83;51;51;45;44;8;12;0;2;5;2;2;1;0;0;3;0;0;0;0;0;0;0;0;0;9;8;2;3;0;1;0;0;0;0;1;1;0;2;0;4;1;0;1
0.3;08212000;26.09.2021;Bundestagswahl;01721;017-21 Tulla-Realschule;26.09.2021 10:03:12 023;964;1122;0;2086;662;10;4;658;4;658;128;123;134;126;194;178;60;81;54;54;30;31;0;7;16;10;7;6;0;6;2;0;0;3;0;2;0;0;0;0;17;19;4;2;0;0;0;0;0;0;4;3;0;0;0;4;5;3;3
0.3;08212000;26.09.2021;Bundestagswahl;01722;017-22 Tulla-Realschule;26.09.2021 10:03:12 023;1366;556;0;1922;617;3;14;603;19;598;123;107;167;161;80;67;44;55;111;109;31;35;0;8;7;7;9;7;0;1;1;3;0;0;0;0;2;0;0;0;17;20;3;1;0;1;0;0;0;1;5;2;0;0;0;9;2;4;1
0.3;08212000;26.09.2021;Bundestagswahl;01821;018-21 Sozialer Dienst - Bezirksgruppe Ost;26.09.2021 10:03:12 023;1117;767;0;1884;710;10;8;702;13;697;138;123;133;125;144;136;65;83;126;126;41;44;0;6;14;8;6;5;0;1;1;3;0;0;0;0;1;0;0;1;25;19;2;3;0;0;0;0;0;0;1;1;0;3;0;9;4;1;1
0.3;08212000;26.09.2021;Bundestagswahl;01822;018-22 Grundschule Hagsfeld;26.09.2021 10:03:12 023;759;638;0;1397;430;8;2;428;7;423;92;87;86;81;86;82;54;62;52;48;13;12;0;4;9;6;6;7;0;3;0;0;0;0;0;1;1;0;0;2;26;24;0;2;0;0;0;0;0;0;1;0;0;1;0;1;2;0;0
0.3;08212000;26.09.2021;Bundestagswahl;01823;018-23 Grundschule Hagsfeld;26.09.2021 10:03:12 023;741;856;0;1597;461;5;3;458;3;458;102;87;100;114;115;88;46;62;41;36;17;28;0;4;10;9;3;2;0;0;2;2;0;0;0;0;0;0;0;0;12;14;2;2;0;0;0;0;0;0;1;0;0;1;0;2;6;7;1
0.3;08212000;26.09.2021;Bundestagswahl;01921;019-21 Oberwaldschule;26.09.2021 10:03:12 023;1090;705;0;1795;511;9;11;500;8;503;104;90;132;128;70;62;46;75;96;93;23;23;0;5;3;3;6;5;0;1;2;0;0;0;0;0;0;0;0;0;14;9;1;1;0;0;0;0;0;0;2;0;0;0;0;5;1;3;0
0.3;08212000;26.09.2021;Bundestagswahl;01922;019-22 Oberwaldschule;26.09.2021 10:03:12 023;939;806;0;1745;552;5;8;544;5;547;137;107;130;120;103;99;49;71;56;62;28;36;0;6;12;9;7;13;0;1;0;0;0;1;0;1;0;1;0;0;17;12;1;1;0;1;0;0;0;0;0;0;0;1;0;5;4;0;0
0.3;08212000;26.09.2021;Bundestagswahl;01923;019-23 Friedrich-Realschule;26.09.2021 10:03:12 023;806;850;0;1656;516;8;3;513;3;513;85;91;119;121;155;121;54;70;42;43;27;29;0;2;6;4;4;4;0;2;5;2;0;0;0;0;0;0;0;0;10;13;0;0;0;0;0;0;0;1;2;1;0;0;0;4;4;5;0
0.3;08212000;26.09.2021;Bundestagswahl;01924;019-24 Grundschule Bergwald;26.09.2021 10:03:12 023;496;350;0;846;338;3;6;332;5;333;91;81;74;67;45;45;47;54;48;52;14;12;0;7;2;1;2;1;0;2;0;0;0;0;0;0;0;0;0;0;3;1;1;1;0;2;0;0;0;0;0;0;0;1;0;5;3;1;2
0.3;08212000;26.09.2021;Bundestagswahl;01925;019-25 Karlsburg;26.09.2021 10:03:12 023;753;950;0;1703;485;10;3;482;3;482;82;78;115;114;131;111;53;65;38;36;29;34;0;7;9;7;5;6;0;2;1;1;0;0;0;1;0;0;0;0;12;10;1;0;0;1;0;0;0;0;2;2;0;0;0;7;2;0;2
0.3;08212000;26.09.2021;Bundestagswahl;01926;019-26 Markgrafen-Gymnasium;26.09.2021 10:03:12 023;582;1119;0;1701;415;1;2;413;1;414;113;106;71;73;87;78;75;86;31;34;6;8;0;5;9;5;6;4;0;1;2;1;0;0;0;1;0;0;0;0;7;7;0;1;0;0;0;0;0;0;0;0;0;0;0;1;6;3;0
0.3;08212000;26.09.2021;Bundestagswahl;01927;019-27 Markgrafen-Gymnasium;26.09.2021 10:03:12 023;715;920;0;1635;380;3;2;378;2;378;104;94;54;60;88;78;51;71;41;38;12;12;0;1;6;3;5;4;0;1;0;0;0;1;0;0;0;0;0;0;14;13;1;0;0;0;0;0;0;0;0;0;0;0;0;1;2;1;0
0.3;08212000;26.09.2021;Bundestagswahl;01928;019-28 Pestalozzischule;26.09.2021 10:03:12 023;898;698;0;1596;502;10;2;500;4;498;96;88;127;122;101;88;50;57;54;50;36;48;0;5;11;8;1;2;0;0;2;2;0;0;0;1;0;0;0;0;15;16;0;0;0;0;0;0;0;0;1;1;0;1;0;5;6;4;0
0.3;08212000;26.09.2021;Bundestagswahl;01929;019-29 Pestalozzischule;26.09.2021 10:03:12 023;920;602;0;1522;496;8;10;486;11;485;78;73;135;124;75;83;47;54;87;79;37;28;0;8;9;5;2;4;0;3;0;0;0;0;0;1;1;0;0;0;10;12;1;1;0;0;0;1;0;0;1;1;0;0;0;4;3;4;0
0.3;08212000;26.09.2021;Bundestagswahl;01930;019-30 Oberwaldschule;26.09.2021 10:03:12 023;935;995;0;1930;566;6;8;558;10;556;137;109;110;116;144;137;66;73;48;56;21;25;0;8;13;7;5;7;0;5;4;2;0;0;0;0;0;0;0;0;6;6;2;1;0;0;0;0;0;0;1;1;0;0;0;1;0;2;1
0.3;08212000;26.09.2021;Bundestagswahl;01931;019-31 Markgrafen-Gymnasium;26.09.2021 10:03:12 023;836;881;0;1717;541;11;6;535;7;534;100;89;118;99;149;144;61;87;28;31;37;36;0;5;15;7;5;4;0;2;2;1;0;1;0;0;1;0;0;2;10;12;1;3;0;0;0;0;0;0;3;2;0;0;0;7;4;2;1
0.3;08212000;26.09.2021;Bundestagswahl;01932;019-32 Pestalozzischule;26.09.2021 10:03:12 023;793;763;0;1556;443;9;3;440;2;441;79;53;105;99;91;80;51;68;67;79;22;27;0;7;12;9;1;3;0;0;0;0;0;0;0;0;1;0;0;0;7;6;1;2;0;0;0;0;0;0;2;2;0;0;0;4;1;2;0
0.3;08212000;26.09.2021;Bundestagswahl;01933;019-33 Karlsburg;26.09.2021 10:03:12 023;818;859;0;1677;454;11;2;452;5;449;101;78;108;121;112;108;39;47;33;27;29;25;0;4;8;4;5;5;0;1;1;1;0;0;0;0;0;0;0;1;11;12;1;1;0;0;0;0;0;0;3;3;0;1;0;5;1;5;0
0.3;08212000;26.09.2021;Bundestagswahl;02021;020-21 Kita Obere Setz;26.09.2021 10:03:12 023;793;996;0;1789;544;5;9;535;8;536;155;132;104;115;115;109;62;77;33;35;33;31;0;2;9;4;2;3;0;3;0;1;0;0;0;0;1;0;0;0;10;12;2;3;0;1;0;0;0;1;1;1;0;1;0;2;8;3;0
0.3;08212000;26.09.2021;Bundestagswahl;02022;020-22 Begegnungsstätte Grötzingen;26.09.2021 10:03:12 023;929;912;0;1841;619;6;6;613;3;616;146;118;136;147;147;128;63;95;53;58;14;24;0;4;13;9;6;4;0;0;5;2;0;0;0;0;0;0;0;0;21;18;5;3;0;1;0;0;0;0;1;0;0;0;0;0;3;5;0
0.3;08212000;26.09.2021;Bundestagswahl;02023;020-23 Augustenburg Gemeinschaftsschule;26.09.2021 10:03:12 023;665;891;0;1556;469;11;7;462;3;466;113;100;94;104;97;84;63;76;37;34;23;25;0;6;6;7;3;2;0;0;2;3;0;0;0;1;0;0;0;0;19;17;1;0;0;0;0;0;0;0;3;1;0;0;0;6;0;0;1
0.3;08212000;26.09.2021;Bundestagswahl;02024;020-24 Augustenburg Gemeinschaftsschule;26.09.2021 10:03:12 023;662;748;0;1410;370;1;1;369;1;369;94;69;92;104;60;52;40;53;43;43;12;11;0;3;9;5;1;2;0;3;0;1;0;2;0;0;0;1;0;0;12;11;3;2;0;0;0;0;0;0;1;0;0;2;0;3;1;2;1
0.3;08212000;26.09.2021;Bundestagswahl;02121;021-21 Gemeindezentrum Stupferich;26.09.2021 10:03:12 023;504;587;0;1091;368;9;2;366;2;366;105;101;57;54;75;68;48;60;44;37;7;7;0;5;9;10;8;7;0;1;2;1;0;0;0;0;0;0;0;0;6;9;0;0;0;0;0;0;0;0;1;1;0;0;0;1;4;4;0
0.3;08212000;26.09.2021;Bundestagswahl;02122;021-22 Gemeindezentrum Stupferich;26.09.2021 10:03:12 023;482;603;0;1085;325;6;4;321;4;321;114;98;44;54;60;52;44;49;27;31;13;12;0;5;2;2;7;11;0;1;0;1;0;0;0;0;0;0;0;0;7;4;1;0;0;0;0;0;0;0;1;0;0;0;0;0;1;1;0
0.3;08212000;26.09.2021;Bundestagswahl;02221;022-21 Lustgartenhalle Hohenwettersbach;26.09.2021 10:03:12 023;420;581;0;1001;339;14;2;337;2;337;62;60;51;60;125;101;48;62;19;17;9;10;0;4;5;3;1;1;0;0;0;0;0;0;0;1;0;0;0;0;12;9;2;1;0;0;0;0;0;0;2;2;0;1;0;0;1;5;0
0.3;08212000;26.09.2021;Bundestagswahl;02222;022-22 Lustgartenhalle Hohenwettersbach;26.09.2021 10:03:12 023;509;683;0;1192;371;7;5;366;2;369;96;87;62;63;79;68;61;80;35;36;10;12;0;1;4;4;6;5;0;1;1;2;0;0;0;1;0;0;0;0;8;9;1;0;0;0;0;0;0;0;0;0;0;0;0;0;2;0;1
0.3;08212000;26.09.2021;Bundestagswahl;02321;023-21 Hermann-Ringwald-Halle;26.09.2021 10:03:12 023;566;617;0;1183;378;9;6;372;4;374;78;64;90;100;86;77;39;47;29;28;12;15;0;5;6;4;6;6;0;2;1;1;0;0;0;0;1;0;0;0;15;11;1;0;0;1;0;0;0;0;1;2;0;2;0;1;4;8;3
0.3;08212000;26.09.2021;Bundestagswahl;02322;023-22 Hermann-Ringwald-Halle;26.09.2021 10:03:12 023;553;611;0;1164;348;8;5;343;4;344;74;77;78;78;64;61;47;56;42;37;11;14;0;0;2;2;4;4;0;2;2;0;0;0;0;0;1;0;0;0;18;11;0;1;0;0;0;0;0;0;0;0;0;1;0;0;0;0;0
0.3;08212000;26.09.2021;Bundestagswahl;02421;024-21 Heinz-Barth-Schule;26.09.2021 10:03:12 023;653;808;0;1461;494;8;2;492;3;491;125;111;108;108;96;79;64;91;50;48;13;19;0;4;6;3;5;3;0;0;0;0;0;2;0;0;0;0;0;0;22;21;1;0;0;1;0;0;0;0;2;0;0;0;0;0;0;1;0
0.3;08212000;26.09.2021;Bundestagswahl;02422;024-22 Kita Dorfwies;26.09.2021 10:03:12 023;730;889;0;1619;481;2;7;474;7;474;128;115;94;101;84;76;65;74;50;44;12;16;0;5;8;4;7;7;0;3;0;0;0;1;0;5;0;0;0;0;17;15;3;0;0;0;0;0;0;0;1;1;0;2;0;1;4;4;1
0.3;08212000;26.09.2021;Bundestagswahl;02521;025-21 Städt. Kindertagesstätte;26.09.2021 10:03:12 023;690;738;0;1428;511;12;1;510;2;509;120;115;114;114;91;92;76;76;66;60;16;15;0;5;1;1;5;8;0;0;3;1;0;0;0;0;0;0;0;0;13;14;0;1;0;0;0;2;0;0;0;0;0;0;0;1;5;4;0
0.3;08212000;26.09.2021;Bundestagswahl;02621;026-21 Kindergarten Neureut-Heide;26.09.2021 10:03:12 023;798;1112;0;1910;558;8;3;555;6;552;139;130;120;116;131;111;52;73;46;50;31;34;0;2;2;1;4;5;0;1;2;0;0;0;0;0;0;0;0;0;17;15;2;1;0;1;0;1;0;0;4;2;0;1;0;2;4;6;1
0.3;08212000;26.09.2021;Bundestagswahl;02622;026-22 Rathaus Neureut;26.09.2021 10:03:12 023;880;855;0;1735;501;4;6;495;6;495;110;94;112;94;74;76;60;74;83;91;27;31;0;4;4;3;5;6;0;4;1;0;0;0;0;0;0;0;0;0;12;9;2;0;0;0;0;0;0;0;1;0;0;0;0;5;3;4;1
0.3;08212000;26.09.2021;Bundestagswahl;02623;026-23 Nordschule Neureut;26.09.2021 10:03:12 023;596;760;0;1356;369;6;5;364;6;363;82;82;89;84;69;57;39;61;43;41;9;10;0;2;15;10;3;1;0;3;0;0;0;0;0;0;1;1;0;0;10;9;0;0;0;0;0;0;0;0;0;0;0;0;0;1;2;1;2
0.3;08212000;26.09.2021;Bundestagswahl;02624;026-24 Schulzentrum Neureut;26.09.2021 10:03:12 023;1082;770;0;1852;590;4;8;582;9;581;158;139;151;147;54;54;71;95;93;94;17;15;0;9;8;2;6;4;0;3;1;0;0;0;0;0;1;1;0;0;15;14;1;0;0;0;0;0;0;0;3;1;0;0;0;2;1;1;2
0.3;08212000;26.09.2021;Bundestagswahl;02625;026-25 Südschule-Neureut;26.09.2021 10:03:12 023;1043;966;0;2009;625;7;9;616;6;619;141;121;137;143;99;87;93;115;85;77;16;27;0;6;13;6;5;8;0;4;1;0;0;1;0;0;0;0;0;0;14;15;5;1;0;0;0;0;0;0;3;0;0;0;0;3;4;5;0
0.3;08212000;26.09.2021;Bundestagswahl;02626;026-26 Waldschule Neureut;26.09.2021 10:03:12 023;796;920;0;1716;536;11;2;534;2;534;149;124;89;86;126;121;72;103;58;58;11;11;0;6;6;4;5;1;0;3;1;0;0;0;0;0;0;0;0;0;12;12;0;0;0;1;0;0;0;0;2;0;0;0;0;2;3;2;0
0.3;08212000;26.09.2021;Bundestagswahl;02627;026-27 Waldschule Neureut;26.09.2021 10:03:12 023;779;715;0;1494;469;6;4;465;1;468;106;87;97;107;99;94;61;68;57;54;16;15;0;6;6;6;4;6;0;4;0;0;0;0;0;0;0;0;0;0;12;11;1;1;0;1;0;0;0;0;1;2;0;0;0;4;3;2;2
0.3;08212000;26.09.2021;Bundestagswahl;02628;026-28 Nordschule Neureut;26.09.2021 10:03:12 023;667;661;0;1328;430;8;3;427;5;425;103;86;100;98;64;71;67;63;51;59;12;11;0;7;9;9;4;4;0;3;1;1;0;0;0;0;0;0;0;0;9;9;3;2;0;0;0;0;0;0;1;1;0;0;0;1;3;0;0
0.3;08212000;26.09.2021;Bundestagswahl;02721;027-21 Marylandschule;26.09.2021 10:03:12 023;792;762;0;1554;413;2;1;412;4;409;72;62;91;87;102;93;38;51;47;46;24;20;0;10;9;6;5;3;0;3;4;2;0;0;0;2;1;1;0;0;13;11;1;0;0;0;0;0;0;0;2;1;0;1;0;6;3;4;0
0.3;08212000;26.09.2021;Bundestagswahl;02722;027-22 Marylandschule;26.09.2021 10:03:12 023;743;881;0;1624;447;2;5;442;3;444;75;55;83;89;123;112;39;48;61;58;28;27;0;5;5;5;5;7;0;4;2;0;0;0;0;1;1;0;0;0;11;13;2;0;0;1;0;0;0;0;1;2;0;0;0;13;5;4;1
0.3;08212000;26.09.2021;Bundestagswahl;02723;027-23 Marylandschule;26.09.2021 10:03:12 023;1000;612;0;1612;530;5;4;526;6;524;65;49;94;111;131;108;54;55;81;89;50;52;0;13;9;4;2;2;0;1;1;1;0;0;0;0;0;0;0;0;23;21;4;2;0;0;0;0;0;0;6;5;0;0;0;6;6;5;0
0.3;08212000;26.09.2021;Bundestagswahl;02724;027-24 Marylandschule;26.09.2021 10:03:12 023;813;729;0;1542;543;4;7;536;6;537;93;92;100;93;127;118;57;64;85;80;37;41;0;5;5;6;6;5;0;0;3;0;0;0;0;0;0;0;0;0;17;19;2;1;0;0;0;0;0;0;0;1;0;1;0;4;3;7;1
0.3;08212000;26.09.2021;Bundestagswahl;03001;030-01 Briefwahl;26.09.2021 10:03:12 023;0;0;0;0;906;906;6;900;4;902;108;102;166;153;377;347;95;135;27;23;65;81;0;2;17;10;6;3;0;4;5;5;0;0;0;1;1;0;0;0;7;8;1;1;0;3;0;0;0;0;4;5;0;1;0;8;16;10;5
0.3;08212000;26.09.2021;Bundestagswahl;03002;030-02 Briefwahl;26.09.2021 10:03:12 023;0;0;0;0;921;921;8;913;5;916;98;83;144;130;418;426;90;125;20;24;55;65;0;6;23;11;10;9;0;5;7;3;0;0;0;4;1;0;0;0;5;1;4;4;0;1;0;0;0;0;7;4;0;0;0;0;25;15;6
0.3;08212000;26.09.2021;Bundestagswahl;03003;030-03 Briefwahl;26.09.2021 10:03:12 023;0;0;0;0;887;887;4;883;1;886;146;125;130;125;388;371;90;129;16;21;59;58;0;4;19;13;4;5;0;5;2;2;0;0;0;1;0;0;0;0;7;5;2;0;0;1;0;0;0;1;4;3;0;1;0;1;14;15;2
0.3;08212000;26.09.2021;Bundestagswahl;03004;030-04 Briefwahl;26.09.2021 10:03:12 023;0;0;0;0;826;826;8;818;3;823;101;89;121;132;402;383;52;85;16;20;58;58;0;6;14;9;3;5;0;2;6;4;0;0;0;2;0;0;0;0;11;8;4;0;0;0;0;0;0;1;7;2;0;0;0;3;17;14;6
0.3;08212000;26.09.2021;Bundestagswahl;03005;030-05 Briefwahl;26.09.2021 10:03:12 023;0;0;0;0;861;861;4;857;1;860;95;86;143;154;422;382;62;100;21;18;55;56;0;9;11;7;4;2;0;3;4;1;0;0;0;5;1;0;0;0;8;7;3;4;0;0;0;0;0;0;3;1;0;3;0;3;21;19;4
0.3;08212000;26.09.2021;Bundestagswahl;03006;030-06 Briefwahl;26.09.2021 10:03:12 023;0;0;0;0;864;864;5;859;1;863;141;126;125;142;393;349;88;119;12;14;44;57;0;4;7;7;10;5;0;3;2;4;0;0;0;2;1;0;0;0;7;7;6;2;0;0;0;0;0;0;6;6;0;0;0;2;14;14;3
0.3;08212000;26.09.2021;Bundestagswahl;03007;030-07 Briefwahl;26.09.2021 10:03:12 023;0;0;0;0;752;752;3;749;4;748;98;75;114;146;314;274;69;101;23;23;54;59;0;3;21;15;6;7;0;3;5;2;0;0;0;2;0;0;0;0;14;10;4;1;0;0;0;0;0;0;13;12;0;0;0;2;11;13;3
0.3;08212000;26.09.2021;Bundestagswahl;03008;030-08 Briefwahl;26.09.2021 10:03:12 023;0;0;0;0;920;920;3;917;2;918;168;122;136;133;392;393;95;154;25;27;38;40;0;6;13;5;11;8;0;6;5;3;0;0;0;1;0;0;0;0;12;8;0;0;0;0;0;0;0;0;2;1;0;0;0;2;17;9;3
0.3;08212000;26.09.2021;Bundestagswahl;03009;030-09 Briefwahl;26.09.2021 10:03:12 023;0;0;0;0;921;921;1;920;1;920;86;73;153;144;457;453;60;84;18;20;75;79;0;8;29;20;5;7;0;9;8;3;0;0;0;1;0;0;0;0;4;5;1;1;0;0;0;0;0;0;5;3;0;0;0;2;15;8;4
0.3;08212000;26.09.2021;Bundestagswahl;03010;030-10 Briefwahl;26.09.2021 10:03:12 023;0;0;0;0;882;882;4;878;2;880;99;75;158;130;377;401;68;104;21;22;78;86;0;6;26;13;10;8;0;2;4;0;0;0;0;1;0;0;0;0;13;14;2;0;0;1;0;0;0;0;8;4;0;0;0;5;10;8;4
0.3;08212000;26.09.2021;Bundestagswahl;03011;030-11 Briefwahl;26.09.2021 10:03:12 023;0;0;0;0;813;813;2;811;3;810;113;84;138;136;348;344;74;109;27;23;51;47;0;6;17;11;11;10;0;3;4;5;0;0;0;0;0;0;0;0;7;8;0;1;0;0;0;0;0;0;8;6;0;1;0;4;10;12;3
0.3;08212000;26.09.2021;Bundestagswahl;03012;030-12 Briefwahl;26.09.2021 10:03:12 023;0;0;0;0;780;780;3;777;2;778;85;76;148;145;332;331;61;75;24;22;60;69;0;7;23;12;4;3;0;2;3;4;0;0;0;0;2;0;0;1;13;11;0;1;0;0;0;0;0;0;7;6;0;2;0;1;12;10;3
0.3;08212000;26.09.2021;Bundestagswahl;03013;030-13 Briefwahl;26.09.2021 10:03:12 023;0;0;0;0;798;798;5;793;3;795;79;72;132;149;366;338;59;79;19;19;72;73;0;9;16;13;12;11;0;5;3;2;0;0;0;2;0;0;0;0;6;4;5;3;0;1;0;0;0;0;7;4;0;0;0;0;11;11;6
0.3;08212000;26.09.2021;Bundestagswahl;03014;030-14 Briefwahl;26.09.2021 10:03:12 023;0;0;0;0;802;802;0;802;0;802;182;148;129;135;329;308;89;145;16;14;18;25;0;3;7;5;7;6;0;3;2;1;0;0;0;1;0;0;0;0;3;2;3;2;0;0;0;0;0;0;2;0;0;0;0;0;11;4;4
0.3;08212000;26.09.2021;Bundestagswahl;03015;030-15 Briefwahl;26.09.2021 10:03:12 023;0;0;0;0;762;762;3;759;1;761;106;90;130;136;359;334;65;99;15;15;38;49;0;2;12;6;2;4;0;6;1;0;0;0;0;0;0;0;0;0;13;9;0;0;0;1;0;0;0;0;6;2;0;0;0;3;12;5;0
0.3;08212000;26.09.2021;Bundestagswahl;03016;030-16 Briefwahl;26.09.2021 10:03:12 023;0;0;0;0;702;702;6;696;4;698;99;92;119;120;296;275;71;91;19;19;50;56;0;3;8;4;7;5;0;1;1;1;0;0;0;3;1;1;0;0;7;4;1;0;0;0;0;1;0;0;5;4;0;1;0;6;12;11;0
0.3;08212000;26.09.2021;Bundestagswahl;03017;030-17 Briefwahl;26.09.2021 10:03:12 023;0;0;0;0;861;861;5;856;5;856;133;121;159;164;387;366;64;80;15;16;43;54;0;10;11;6;7;5;0;2;3;2;0;1;0;0;1;0;0;0;12;12;1;0;0;0;0;0;0;0;2;4;0;0;0;0;13;13;5
0.3;08212000;26.09.2021;Bundestagswahl;03018;030-18 Briefwahl;26.09.2021 10:03:12 023;0;0;0;0;731;731;4;727;2;729;106;94;141;141;304;292;66;103;10;11;52;51;0;2;12;8;7;4;0;2;2;2;0;0;0;1;2;2;0;0;10;9;1;1;0;0;0;0;0;0;1;1;0;0;0;1;7;4;6
0.3;08212000;26.09.2021;Bundestagswahl;03019;030-19 Briefwahl;26.09.2021 10:03:12 023;0;0;0;0;781;781;1;780;2;779;137;110;125;137;295;275;70;112;32;26;59;63;0;5;16;11;9;8;0;1;2;2;0;0;0;2;1;1;0;0;14;13;0;2;0;0;0;0;0;0;3;1;0;2;0;2;11;6;6
0.3;08212000;26.09.2021;Bundestagswahl;03020;030-20 Briefwahl;26.09.2021 10:03:12 023;0;0;0;0;750;750;3;747;3;747;95;84;161;147;336;330;56;78;13;14;41;50;0;2;11;7;2;2;0;4;5;2;0;0;0;2;0;0;0;0;11;11;1;1;0;0;0;0;0;0;2;1;0;0;0;2;9;10;4
0.3;08212000;26.09.2021;Bundestagswahl;03021;030-21 Briefwahl;26.09.2021 10:03:12 023;0;0;0;0;850;850;2;848;0;850;124;104;168;162;372;352;62;93;11;13;59;72;0;7;12;7;9;8;0;1;3;0;0;0;0;0;0;0;0;2;14;16;2;1;0;1;0;0;0;0;3;2;0;0;0;1;7;8;2
0.3;08212000;26.09.2021;Bundestagswahl;03022;030-22 Briefwahl;26.09.2021 10:03:12 023;0;0;0;0;798;798;1;797;2;796;113;91;152;146;360;357;59;89;11;10;51;53;0;8;15;13;6;6;0;3;3;1;0;1;0;0;0;0;0;0;5;6;1;1;0;0;0;0;0;0;8;3;0;1;0;2;9;5;4
0.3;08212000;26.09.2021;Bundestagswahl;03023;030-23 Briefwahl;26.09.2021 10:03:12 023;0;0;0;0;782;782;6;776;2;780;104;92;137;140;339;322;62;82;15;18;63;63;0;8;10;10;4;4;0;3;2;0;0;0;0;2;0;0;0;1;12;8;1;1;0;0;0;0;0;0;8;9;0;0;0;4;19;13;0
0.3;08212000;26.09.2021;Bundestagswahl;03024;030-24 Briefwahl;26.09.2021 10:03:12 023;0;0;0;0;793;793;6;787;2;791;83;71;152;136;368;360;52;82;21;16;49;66;0;7;18;6;8;9;0;1;5;4;0;0;0;0;1;1;0;0;9;8;3;4;0;1;0;0;0;0;1;1;0;1;0;3;15;14;2
0.3;08212000;26.09.2021;Bundestagswahl;03025;030-25 Briefwahl;26.09.2021 10:03:12 023;0;0;0;0;743;743;6;737;1;742;178;171;112;122;260;231;96;118;20;21;26;27;0;3;9;6;7;10;0;2;4;3;0;0;0;2;0;0;0;0;13;14;1;0;0;1;0;0;0;0;2;0;0;0;0;3;8;8;1
0.3;08212000;26.09.2021;Bundestagswahl;03026;030-26 Briefwahl;26.09.2021 10:03:12 023;0;0;0;0;767;767;4;763;2;765;111;107;110;121;333;316;74;94;17;18;58;48;0;7;10;9;8;8;0;9;1;2;0;1;0;0;1;0;0;0;13;10;2;1;0;0;0;0;0;0;2;2;0;0;0;1;17;11;6
0.3;08212000;26.09.2021;Bundestagswahl;03027;030-27 Briefwahl;26.09.2021 10:03:12 023;0;0;0;0;784;784;8;776;2;782;100;83;135;145;321;303;62;96;27;27;59;61;0;3;20;12;6;8;0;3;2;1;0;0;0;0;1;0;0;0;14;15;1;1;0;1;0;0;0;0;9;4;0;0;0;3;14;16;5
0.3;08212000;26.09.2021;Bundestagswahl;03028;030-28 Briefwahl;26.09.2021 10:03:12 023;0;0;0;0;757;757;2;755;1;756;101;89;134;137;324;291;76;110;21;17;45;43;0;9;13;9;6;8;0;7;4;4;0;0;0;1;2;2;0;0;12;10;2;1;0;0;0;0;0;0;1;1;0;1;0;8;7;8;7
0.3;08212000;26.09.2021;Bundestagswahl;03029;030-29 Briefwahl;26.09.2021 10:03:12 023;0;0;0;0;813;813;0;813;0;813;89;74;119;126;396;371;57;94;21;21;63;62;0;11;14;9;4;3;0;3;1;0;0;0;0;3;1;1;0;0;19;14;1;0;0;0;0;0;0;0;8;2;0;0;0;0;15;19;5
0.3;08212000;26.09.2021;Bundestagswahl;03030;030-30 Briefwahl;26.09.2021 10:03:12 023;0;0;0;0;827;827;4;823;1;826;105;106;161;189;368;324;56;71;30;35;33;45;0;9;24;18;13;4;0;3;3;4;0;0;0;2;0;0;0;0;12;8;1;0;0;1;0;1;0;0;1;1;0;0;0;0;12;5;4
0.3;08212000;26.09.2021;Bundestagswahl;03031;030-31 Briefwahl;26.09.2021 10:03:12 023;0;0;0;0;804;804;4;800;2;802;98;92;161;138;345;335;71;100;9;15;59;68;0;4;19;19;6;2;0;3;2;2;0;0;0;1;3;2;0;0;12;8;2;1;0;1;0;1;0;0;2;0;0;1;0;1;7;8;4
0.3;08212000;26.09.2021;Bundestagswahl;03032;030-32 Briefwahl;26.09.2021 10:03:12 023;0;0;0;0;786;786;5;781;2;784;149;125;151;164;332;300;59;93;25;24;32;37;0;5;10;4;5;7;0;1;0;0;0;0;0;1;0;0;0;0;9;12;0;0;0;0;0;0;0;0;2;3;0;0;0;0;4;8;3
0.3;08212000;26.09.2021;Bundestagswahl;03033;030-33 Briefwahl;26.09.2021 10:03:12 023;0;0;0;0;758;758;3;755;1;757;151;131;138;144;255;257;80;107;41;37;41;40;0;6;20;9;4;6;0;2;2;1;0;0;0;0;3;1;0;0;4;5;0;0;0;1;0;0;0;0;3;3;0;1;0;0;10;6;3
0.3;08212000;26.09.2021;Bundestagswahl;03034;030-34 Briefwahl;26.09.2021 10:03:12 023;0;0;0;0;921;921;4;917;5;916;195;194;250;223;237;224;98;114;39;40;38;52;0;15;13;12;9;9;0;4;4;2;0;1;0;1;0;0;0;0;10;10;4;3;0;0;0;0;0;0;3;1;0;2;0;1;11;8;6
0.3;08212000;26.09.2021;Bundestagswahl;03035;030-35 Briefwahl;26.09.2021 10:03:12 023;0;0;0;0;713;713;3;710;3;710;116;99;138;138;222;202;70;97;46;47;36;41;0;9;15;9;15;12;0;4;2;3;0;1;0;1;1;0;0;0;19;13;5;1;0;1;0;0;0;0;7;5;0;3;0;7;17;17;1
0.3;08212000;26.09.2021;Bundestagswahl;03036;030-36 Briefwahl;26.09.2021 10:03:12 023;0;0;0;0;940;940;10;930;10;930;236;239;234;243;252;210;84;111;39;35;35;39;0;6;7;5;15;12;0;3;2;3;0;1;0;2;1;0;0;0;13;15;0;0;0;1;0;0;0;0;4;2;0;0;0;0;5;3;3
0.3;08212000;26.09.2021;Bundestagswahl;03037;030-37 Briefwahl;26.09.2021 10:03:12 023;0;0;0;0;684;684;4;680;4;680;189;180;146;156;179;161;63;77;27;25;24;20;0;10;14;10;12;12;0;2;3;4;0;0;0;1;1;0;0;0;13;12;2;2;0;1;0;0;0;0;0;0;0;0;0;0;6;7;1
0.3;08212000;26.09.2021;Bundestagswahl;03038;030-38 Briefwahl;26.09.2021 10:03:12 023;0;0;0;0;768;768;11;757;5;763;80;74;129;134;329;317;67;79;10;10;60;74;0;9;15;10;10;10;0;5;13;7;0;0;0;2;4;1;0;1;8;5;0;0;0;0;0;0;0;0;6;6;0;0;0;1;23;18;3
0.3;08212000;26.09.2021;Bundestagswahl;03039;030-39 Briefwahl;26.09.2021 10:03:12 023;0;0;0;0;808;808;2;806;2;806;118;84;124;107;370;338;67;111;27;29;39;57;0;7;18;11;7;8;0;10;2;3;0;0;0;1;0;0;0;0;6;10;3;2;0;1;0;0;0;0;6;5;0;1;0;3;19;18;0
0.3;08212000;26.09.2021;Bundestagswahl;03040;030-40 Briefwahl;26.09.2021 10:03:12 023;0;0;0;0;789;789;2;787;0;789;107;95;163;140;302;292;61;97;41;42;41;49;0;8;20;20;9;8;0;10;5;3;0;0;0;0;0;0;0;0;11;10;6;3;0;0;0;1;0;0;8;6;0;0;0;0;9;5;4
0.3;08212000;26.09.2021;Bundestagswahl;03041;030-41 Briefwahl;26.09.2021 10:03:12 023;0;0;0;0;795;795;6;789;3;792;144;127;174;163;282;284;74;104;29;27;29;34;0;4;15;10;6;6;0;4;1;1;0;0;0;0;3;3;0;0;4;4;3;2;0;1;0;0;0;0;3;3;0;0;0;0;19;15;3
0.3;08212000;26.09.2021;Bundestagswahl;03042;030-42 Briefwahl;26.09.2021 10:03:12 023;0;0;0;0;781;781;3;778;1;780;101;81;89;98;385;346;66;112;16;15;47;61;0;7;22;14;4;1;0;3;7;7;0;0;0;1;1;1;0;0;9;15;3;2;0;0;0;0;0;0;5;4;0;0;0;0;21;12;2
0.3;08212000;26.09.2021;Bundestagswahl;03043;030-43 Briefwahl;26.09.2021 10:03:12 023;0;0;0;0;779;779;4;775;3;776;72;58;93;91;408;390;76;115;3;4;61;72;0;4;14;4;8;5;0;5;5;3;0;0;0;0;0;0;0;0;2;2;1;0;0;0;0;0;0;0;13;4;0;0;0;2;14;17;5
0.3;08212000;26.09.2021;Bundestagswahl;03044;030-44 Briefwahl;26.09.2021 10:03:12 023;0;0;0;0;771;771;2;769;2;769;86;65;137;128;349;321;56;90;24;29;42;74;0;5;16;12;12;7;0;6;4;2;0;0;0;0;1;0;0;0;8;11;2;2;0;0;0;0;0;0;8;6;0;0;0;2;20;9;4
0.3;08212000;26.09.2021;Bundestagswahl;03045;030-45 Briefwahl;26.09.2021 10:03:12 023;0;0;0;0;852;852;0;852;2;850;107;95;162;176;358;343;71;91;21;20;60;60;0;5;23;13;6;6;0;5;7;3;0;1;0;3;2;0;0;0;6;4;3;2;0;0;0;0;0;0;6;2;0;3;0;3;19;15;1
0.3;08212000;26.09.2021;Bundestagswahl;03046;030-46 Briefwahl;26.09.2021 10:03:12 023;0;0;0;0;674;674;3;671;1;673;50;47;94;102;338;325;60;83;17;16;50;49;0;2;17;10;6;5;0;5;4;1;0;0;0;1;1;0;0;0;4;3;1;1;0;1;0;0;0;0;6;3;0;1;0;2;22;16;1
0.3;08212000;26.09.2021;Bundestagswahl;03047;030-47 Briefwahl;26.09.2021 10:03:12 023;0;0;0;0;743;743;4;739;3;740;111;96;141;146;298;275;55;88;20;24;54;55;0;12;12;4;10;10;0;4;3;2;0;0;0;1;0;0;0;0;11;7;0;0;0;0;0;0;0;0;6;2;0;0;0;4;13;10;5
0.3;08212000;26.09.2021;Bundestagswahl;03048;030-48 Briefwahl;26.09.2021 10:03:12 023;0;0;0;0;704;704;10;694;8;696;143;123;156;151;230;235;58;75;35;34;34;39;0;9;7;4;6;4;0;2;2;0;0;1;0;1;2;0;0;0;7;5;0;0;0;1;0;0;0;0;3;2;0;1;0;1;8;8;3
0.3;08212000;26.09.2021;Bundestagswahl;03049;030-49 Briefwahl;26.09.2021 10:03:12 023;0;0;0;0;724;724;5;719;5;719;112;107;161;166;240;219;77;83;40;38;38;37;0;17;12;9;7;6;0;3;2;3;0;0;0;1;0;0;0;0;13;10;3;0;0;0;0;1;0;0;3;1;0;5;0;6;7;7;4
0.3;08212000;26.09.2021;Bundestagswahl;03050;030-50 Briefwahl;26.09.2021 10:03:12 023;0;0;0;0;712;712;7;705;3;709;172;167;163;162;222;194;54;71;36;39;20;30;0;5;5;4;8;7;0;3;5;1;0;2;0;1;0;0;0;1;9;8;0;0;0;2;0;0;0;0;1;1;0;0;0;5;10;6;0
0.3;08212000;26.09.2021;Bundestagswahl;03051;030-51 Briefwahl;26.09.2021 10:03:12 023;0;0;0;0;732;732;3;729;3;729;113;101;146;145;265;250;63;83;47;40;35;52;0;10;17;10;11;6;0;7;2;1;0;0;0;1;1;1;0;0;9;6;5;3;0;1;0;1;0;0;6;5;0;1;0;2;5;3;4
0.3;08212000;26.09.2021;Bundestagswahl;03052;030-52 Briefwahl;26.09.2021 10:03:12 023;0;0;0;0;771;771;1;770;0;771;131;109;159;154;309;311;59;92;24;26;33;31;0;3;12;10;8;6;0;4;4;1;0;0;0;4;1;0;0;0;7;7;1;0;0;0;0;0;0;1;4;4;0;0;0;0;14;8;4
0.3;08212000;26.09.2021;Bundestagswahl;03053;030-53 Briefwahl;26.09.2021 10:03:12 023;0;0;0;0;810;810;14;796;12;798;185;156;261;270;128;127;65;82;75;69;33;32;0;23;15;8;9;5;0;1;3;3;0;0;0;1;0;0;0;1;8;7;2;5;0;1;0;0;0;0;5;3;0;1;0;1;7;2;0
0.3;08212000;26.09.2021;Bundestagswahl;03054;030-54 Briefwahl;26.09.2021 10:03:12 023;0;0;0;0;817;817;2;815;3;814;193;188;217;216;188;172;76;101;55;53;27;28;0;15;15;5;9;7;0;0;4;1;0;0;0;0;2;1;0;0;14;16;1;0;0;1;0;0;0;0;4;3;0;2;0;2;8;3;2
0.3;08212000;26.09.2021;Bundestagswahl;03055;030-55 Briefwahl;26.09.2021 10:03:12 023;0;0;0;0;823;823;9;814;5;818;225;220;209;229;171;146;75;89;50;41;32;34;0;10;13;10;13;8;0;4;4;4;0;1;0;1;1;0;0;1;14;14;3;1;0;1;0;0;0;0;2;1;0;0;0;1;2;2;0
0.3;08212000;26.09.2021;Bundestagswahl;03056;030-56 Briefwahl;26.09.2021 10:03:12 023;0;0;0;0;694;694;10;684;8;686;149;137;187;201;131;118;69;70;80;80;22;25;0;19;18;6;6;7;0;2;2;2;0;0;0;0;0;0;0;0;10;11;4;1;0;0;0;0;0;0;2;2;0;1;0;2;3;2;1
0.3;08212000;26.09.2021;Bundestagswahl;03057;030-57 Briefwahl;26.09.2021 10:03:12 023;0;0;0;0;910;910;7;903;5;905;234;201;218;228;224;189;92;125;54;59;24;29;0;12;12;15;16;15;0;2;1;2;0;0;0;1;2;1;0;0;11;9;2;1;0;0;0;0;0;0;1;0;0;2;0;5;8;9;4
0.3;08212000;26.09.2021;Bundestagswahl;03058;030-58 Briefwahl;26.09.2021 10:03:12 023;0;0;0;0;904;904;6;898;5;899;203;171;210;214;230;200;101;137;48;59;36;37;0;6;18;9;15;14;0;9;5;5;0;0;0;1;5;4;0;0;13;11;0;0;0;1;0;1;0;0;5;3;0;1;0;7;8;9;1
0.3;08212000;26.09.2021;Bundestagswahl;03059;030-59 Briefwahl;26.09.2021 10:03:12 023;0;0;0;0;707;707;5;702;4;703;149;128;173;200;178;140;62;83;64;59;28;35;0;10;12;5;10;11;0;3;3;2;0;1;0;2;0;0;0;0;10;9;3;2;0;0;0;0;0;0;4;3;0;0;0;7;5;3;1
0.3;08212000;26.09.2021;Bundestagswahl;03060;030-60 Briefwahl;26.09.2021 10:03:12 023;0;0;0;0;702;702;0;702;0;702;176;160;181;182;164;156;65;84;49;50;18;23;0;6;13;5;16;11;0;3;2;0;0;0;0;1;0;1;0;0;6;5;3;2;0;0;0;0;0;0;1;1;0;2;0;3;8;7;0
0.3;08212000;26.09.2021;Bundestagswahl;03061;030-61 Briefwahl;26.09.2021 10:03:12 023;0;0;0;0;781;781;6;775;4;777;142;130;169;152;250;227;64;92;43;48;44;51;0;14;15;13;9;5;0;3;4;1;0;0;0;1;0;0;0;0;24;23;0;1;0;0;0;0;0;0;5;2;0;1;0;6;4;7;2
0.3;08212000;26.09.2021;Bundestagswahl;03062;030-62 Briefwahl;26.09.2021 10:03:12 023;0;0;0;0;819;819;3;816;1;818;187;178;197;198;221;210;99;115;43;39;23;24;0;7;14;9;11;10;0;1;6;3;0;3;0;2;0;0;0;0;11;14;0;1;0;1;0;0;0;0;0;0;0;0;0;2;3;1;1
0.3;08212000;26.09.2021;Bundestagswahl;03063;030-63 Briefwahl;26.09.2021 10:03:12 023;0;0;0;0;667;667;6;661;4;663;166;146;174;173;121;107;66;93;59;55;29;31;0;18;11;6;10;9;0;2;1;0;0;1;0;0;0;0;0;0;15;16;4;2;0;0;0;0;0;0;3;0;0;2;0;1;2;1;0
0.3;08212000;26.09.2021;Bundestagswahl;03064;030-64 Briefwahl;26.09.2021 10:03:12 023;0;0;0;0;741;741;6;735;3;738;160;167;166;176;204;182;69;84;54;46;27;29;0;5;11;7;15;9;0;2;1;1;0;2;0;3;0;0;0;0;15;11;4;3;0;1;0;0;0;0;3;1;0;1;0;3;6;5;0
0.3;08212000;26.09.2021;Bundestagswahl;03065;030-65 Briefwahl;26.09.2021 10:03:12 023;0;0;0;0;842;842;5;837;7;835;166;143;236;233;146;146;78;102;112;111;30;30;0;10;22;12;12;11;0;1;3;0;0;2;0;2;0;0;0;0;17;11;3;3;0;3;0;1;0;0;7;2;0;1;0;8;4;3;1
0.3;08212000;26.09.2021;Bundestagswahl;03066;030-66 Briefwahl;26.09.2021 10:03:12 023;0;0;0;0;831;831;4;827;0;831;206;189;177;186;164;143;93;116;86;90;39;36;0;13;17;13;9;5;0;7;5;2;0;2;0;1;0;0;0;0;13;9;3;4;0;1;0;0;0;0;2;4;0;1;0;1;6;8;7
0.3;08212000;26.09.2021;Bundestagswahl;03067;030-67 Briefwahl;26.09.2021 10:03:12 023;0;0;0;0;860;860;7;853;0;860;188;174;183;198;260;243;78;97;53;54;33;39;0;9;17;8;6;4;0;2;5;2;0;0;0;0;0;0;0;2;16;11;1;0;0;0;0;3;0;0;5;4;0;0;0;3;5;7;3
0.3;08212000;26.09.2021;Bundestagswahl;03068;030-68 Briefwahl;26.09.2021 10:03:12 023;0;0;0;0;869;869;5;864;5;864;118;105;196;184;348;337;64;83;24;21;56;65;0;7;17;15;8;10;0;4;4;4;0;1;0;3;0;0;0;1;12;12;1;1;0;1;0;0;0;0;3;2;0;0;0;3;10;5;3
0.3;08212000;26.09.2021;Bundestagswahl;03069;030-69 Briefwahl;26.09.2021 10:03:12 023;0;0;0;0;796;796;6;790;6;790;136;124;153;172;314;278;66;94;21;26;44;46;0;11;8;4;11;4;0;1;6;1;0;0;0;1;1;1;0;0;9;8;1;1;0;3;0;0;0;0;4;1;0;0;0;2;12;12;4
0.3;08212000;26.09.2021;Bundestagswahl;03070;030-70 Briefwahl;26.09.2021 10:03:12 023;0;0;0;0;762;762;1;761;1;761;148;140;184;182;271;252;41;57;35;36;33;39;0;9;9;5;7;11;0;5;3;3;0;0;0;1;0;1;0;0;12;9;3;1;0;0;0;0;0;0;7;4;0;0;0;0;7;6;1
0.3;08212000;26.09.2021;Bundestagswahl;03071;030-71 Briefwahl;26.09.2021 10:03:12 023;0;0;0;0;795;795;4;791;4;791;150;145;182;177;262;252;75;93;16;18;38;44;0;7;13;9;14;9;0;6;2;3;0;0;0;2;0;0;0;0;13;13;5;4;0;1;0;0;0;0;7;4;0;1;0;1;7;2;7
0.3;08212000;26.09.2021;Bundestagswahl;03072;030-72 Briefwahl;26.09.2021 10:03:12 023;0;0;0;0;788;788;4;784;2;786;195;179;212;208;175;171;79;91;56;56;29;41;0;5;7;4;1;1;0;3;2;0;0;0;0;0;0;1;0;0;18;18;3;2;0;0;0;0;0;0;4;1;0;1;0;1;2;3;1
0.3;08212000;26.09.2021;Bundestagswahl;03073;030-73 Briefwahl;26.09.2021 10:03:12 023;0;0;0;0;762;762;7;755;3;759;136;142;218;220;218;201;61;77;28;31;28;27;0;14;18;7;11;9;0;5;4;0;0;1;0;1;1;0;0;0;21;18;3;2;0;0;0;0;0;0;2;0;0;0;0;1;1;3;5
0.3;08212000;26.09.2021;Bundestagswahl;03074;030-74 Briefwahl;26.09.2021 10:03:12 023;0;0;0;0;714;714;4;710;3;711;146;137;167;198;235;197;65;90;24;18;23;18;0;9;9;11;9;8;0;0;2;3;0;0;0;0;0;0;0;1;11;10;9;2;0;0;0;0;0;0;2;1;0;1;0;5;6;2;2
0.3;08212000;26.09.2021;Bundestagswahl;03075;030-75 Briefwahl;26.09.2021 10:03:12 023;0;0;0;0;737;737;4;733;0;737;184;180;176;170;205;194;69;87;27;23;25;35;0;7;12;9;7;5;0;1;2;2;0;0;0;0;0;0;0;0;12;12;7;3;0;0;0;1;0;0;2;3;0;0;0;1;2;4;3
0.3;08212000;26.09.2021;Bundestagswahl;03076;030-76 Briefwahl;26.09.2021 10:03:12 023;0;0;0;0;729;729;10;719;5;724;231;219;107;100;210;202;94;132;23;24;25;20;0;2;5;3;4;3;0;1;1;1;0;0;0;0;0;0;0;0;11;7;2;2;0;0;0;0;0;0;2;1;0;0;0;2;4;5;0
0.3;08212000;26.09.2021;Bundestagswahl;03077;030-77 Briefwahl;26.09.2021 10:03:12 023;0;0;0;0;724;724;0;724;0;724;164;155;202;204;183;173;69;76;33;34;26;35;0;9;10;5;6;3;0;3;3;3;0;2;0;1;2;0;0;1;13;15;3;1;0;1;0;1;0;1;1;0;0;0;0;0;4;1;5
0.3;08212000;26.09.2021;Bundestagswahl;03078;030-78 Briefwahl;26.09.2021 10:03:12 023;0;0;0;0;717;717;8;709;0;717;206;213;174;161;169;156;85;105;29;29;11;16;0;6;9;5;11;7;0;1;1;1;0;0;0;0;0;0;0;1;3;2;0;1;0;3;0;0;0;0;5;2;0;0;0;4;4;4;2
0.3;08212000;26.09.2021;Bundestagswahl;03079;030-79 Briefwahl;26.09.2021 10:03:12 023;0;0;0;0;751;751;4;747;4;747;183;165;159;158;197;186;97;112;40;40;16;30;0;7;9;7;8;5;0;0;6;1;0;0;0;0;2;1;0;0;18;20;3;2;0;0;0;0;0;0;3;4;0;1;0;3;5;5;1
0.3;08212000;26.09.2021;Bundestagswahl;03080;030-80 Briefwahl;26.09.2021 10:03:12 023;0;0;0;0;704;704;1;703;1;703;128;119;180;171;189;190;51;72;54;41;36;31;0;11;18;16;6;11;0;2;6;3;0;1;0;1;1;0;0;0;16;16;0;0;0;0;0;1;0;0;10;8;0;1;0;5;7;3;1
0.3;08212000;26.09.2021;Bundestagswahl;03081;030-81 Briefwahl;26.09.2021 10:03:12 023;0;0;0;0;905;905;11;894;5;900;227;223;218;209;234;220;82;102;43;48;29;40;0;10;10;6;13;8;0;2;8;3;0;0;0;2;0;0;0;1;16;14;2;1;0;1;0;0;0;0;2;1;0;0;0;3;2;6;8
0.3;08212000;26.09.2021;Bundestagswahl;03082;030-82 Briefwahl;26.09.2021 10:03:12 023;0;0;0;0;889;889;8;881;5;884;201;183;212;212;231;213;74;94;55;53;42;48;0;11;20;18;8;9;0;3;4;2;0;0;0;2;0;0;0;1;15;17;1;1;0;0;0;0;0;0;8;5;0;0;0;8;4;4;6
0.3;08212000;26.09.2021;Bundestagswahl;03083;030-83 Briefwahl;26.09.2021 10:03:12 023;0;0;0;0;780;780;7;773;4;776;152;143;186;178;263;239;63;94;23;24;36;50;0;5;10;3;6;6;0;6;3;3;0;0;0;0;0;0;0;1;12;11;4;3;0;1;0;0;0;0;3;2;0;0;0;1;6;6;6
0.3;08212000;26.09.2021;Bundestagswahl;03084;030-84 Briefwahl;26.09.2021 10:03:12 023;0;0;0;0;805;805;3;802;4;801;175;155;178;167;225;217;80;90;46;50;34;51;0;7;15;11;6;6;0;4;5;3;0;0;0;1;1;0;0;0;12;15;2;1;0;0;0;1;0;0;10;6;0;3;0;5;6;8;7
0.3;08212000;26.09.2021;Bundestagswahl;03085;030-85 Briefwahl;26.09.2021 10:03:12 023;0;0;0;0;710;710;10;700;6;704;156;125;121;115;218;219;71;114;59;58;29;32;0;4;14;8;7;2;0;2;1;1;0;0;0;0;0;0;0;0;11;14;1;2;0;0;0;0;0;0;6;5;0;0;0;0;4;3;2
0.3;08212000;26.09.2021;Bundestagswahl;03086;030-86 Briefwahl;26.09.2021 10:03:12 023;0;0;0;0;691;691;6;685;3;688;169;159;151;162;182;170;48;71;46;40;30;34;0;4;9;6;11;5;0;5;3;3;0;2;0;1;1;1;0;0;13;13;13;8;0;0;0;1;0;0;2;2;0;0;0;1;3;0;4
0.3;08212000;26.09.2021;Bundestagswahl;03087;030-87 Briefwahl;26.09.2021 10:03:12 023;0;0;0;0;752;752;9;743;7;745;145;146;213;189;201;189;58;81;35;36;22;37;0;11;13;8;16;11;0;4;3;0;0;0;0;0;1;0;0;0;22;19;3;5;0;0;0;0;0;0;4;2;0;0;0;4;5;3;2
0.3;08212000;26.09.2021;Bundestagswahl;03088;030-88 Briefwahl;26.09.2021 10:03:12 023;0;0;0;0;740;740;4;736;3;737;189;163;153;153;186;185;74;107;53;47;35;30;0;9;13;9;12;10;0;5;1;0;0;0;0;0;0;1;0;1;9;9;1;1;0;1;0;0;0;0;2;1;0;1;0;1;5;3;3
0.3;08212000;26.09.2021;Bundestagswahl;03089;030-89 Briefwahl;26.09.2021 10:03:12 023;0;0;0;0;706;706;4;702;4;702;170;155;160;170;183;171;66;85;46;45;26;21;0;11;11;5;13;9;0;2;5;5;0;0;0;1;1;1;0;0;11;11;3;1;0;2;0;0;0;0;2;1;0;0;0;2;2;4;3
0.3;08212000;26.09.2021;Bundestagswahl;03090;030-90 Briefwahl;26.09.2021 10:03:12 023;0;0;0;0;774;774;1;773;0;774;124;113;155;146;289;281;71;97;29;30;42;41;0;6;20;11;3;4;0;5;9;4;0;0;0;2;0;0;0;0;14;11;4;5;0;0;0;0;0;0;5;2;0;0;0;3;8;13;0
0.3;08212000;26.09.2021;Bundestagswahl;04001;040-01 Briefwahl;26.09.2021 10:03:12 023;0;0;0;0;624;624;2;622;1;623;151;157;140;130;172;153;71;93;41;38;17;23;0;2;11;6;7;8;0;3;1;1;0;0;0;3;0;0;0;0;5;4;2;0;0;0;0;0;0;0;0;0;0;0;0;1;2;1;2
0.3;08212000;26.09.2021;Bundestagswahl;04002;040-02 Briefwahl;26.09.2021 10:03:12 023;0;0;0;0;807;807;3;804;2;805;146;145;187;169;278;273;82;103;21;22;38;39;0;6;11;10;6;8;0;3;4;3;0;0;0;1;0;0;0;0;15;14;2;0;0;0;0;0;0;0;2;1;0;0;0;4;8;4;4
0.3;08212000;26.09.2021;Bundestagswahl;04003;040-03 Briefwahl;26.09.2021 10:03:12 023;0;0;0;0;795;795;6;789;1;794;269;244;121;118;180;171;154;196;20;20;17;19;0;4;3;0;2;3;0;1;3;1;0;0;0;0;1;0;0;0;9;9;3;1;0;0;0;0;0;0;1;1;0;0;0;3;3;3;3
0.3;08212000;26.09.2021;Bundestagswahl;04004;040-04 Briefwahl;26.09.2021 10:03:12 023;0;0;0;0;797;797;7;790;3;794;250;258;140;148;197;170;125;141;35;35;17;12;0;2;7;6;4;1;0;0;1;0;0;0;0;0;2;2;0;0;10;14;1;0;0;0;0;0;0;0;1;1;0;0;0;1;0;3;0
0.3;08212000;26.09.2021;Bundestagswahl;04005;040-05 Briefwahl;26.09.2021 10:03:12 023;0;0;0;0;760;760;4;756;4;756;165;164;168;164;221;200;79;95;30;35;35;44;0;5;7;6;14;11;0;3;0;1;0;2;0;0;0;0;0;0;15;10;3;2;0;1;0;1;0;0;7;3;0;0;0;2;9;7;3
0.3;08212000;26.09.2021;Bundestagswahl;04006;040-06 Briefwahl;26.09.2021 10:03:12 023;0;0;0;0;702;702;2;700;2;700;127;114;167;182;204;173;61;85;57;56;31;35;0;10;14;11;13;6;0;3;2;1;0;1;0;1;0;0;0;0;11;10;3;4;0;1;0;0;0;0;1;0;0;0;0;1;7;6;2
0.3;08212000;26.09.2021;Bundestagswahl;04007;040-07 Briefwahl;26.09.2021 10:03:12 023;0;0;0;0;831;831;6;825;1;830;186;171;199;215;259;228;77;91;35;33;23;30;0;9;15;14;8;4;0;5;4;7;0;0;0;0;1;1;0;0;10;11;0;0;0;0;0;0;0;0;2;1;0;0;0;3;3;7;3
0.3;08212000;26.09.2021;Bundestagswahl;04008;040-08 Briefwahl;26.09.2021 10:03:12 023;0;0;0;0;825;825;6;819;5;820;163;150;182;159;252;253;93;128;31;24;40;54;0;4;8;8;14;12;0;1;4;4;0;0;0;0;3;2;0;0;16;12;4;3;0;0;0;0;0;0;2;2;0;0;0;0;7;4;0
0.3;08212000;26.09.2021;Bundestagswahl;04009;040-09 Briefwahl;26.09.2021 10:03:12 023;0;0;0;0;805;805;5;800;4;801;174;146;189;192;217;223;101;131;43;37;28;26;0;10;11;9;11;5;0;0;1;1;0;0;0;0;0;0;0;0;11;8;0;0;0;0;0;0;0;1;3;4;0;1;0;3;7;4;4
0.3;08212000;26.09.2021;Bundestagswahl;04010;040-10 Briefwahl;26.09.2021 10:03:12 023;0;0;0;0;798;798;9;789;5;793;141;140;189;198;264;231;73;84;33;34;28;44;0;7;10;3;17;7;0;1;3;1;0;1;0;4;2;0;0;0;13;16;3;4;0;0;0;0;0;0;3;2;0;1;0;3;10;12;0
0.3;08212000;26.09.2021;Bundestagswahl;04011;040-11 Briefwahl;26.09.2021 10:03:12 023;0;0;0;0;907;907;11;896;7;900;238;234;229;234;196;182;118;125;32;35;27;28;0;8;8;8;15;12;0;0;3;1;0;0;0;0;2;2;0;0;15;13;6;1;0;0;0;0;0;0;2;1;0;1;0;7;4;8;1
0.3;08212000;26.09.2021;Bundestagswahl;04012;040-12 Briefwahl;26.09.2021 10:03:12 023;0;0;0;0;852;852;7;845;7;845;169;188;224;251;244;203;101;103;42;36;24;23;0;9;7;4;11;9;0;0;2;0;0;0;0;0;0;0;0;0;7;10;4;0;0;0;0;0;0;0;3;1;0;0;0;2;5;6;2
0.3;08212000;26.09.2021;Bundestagswahl;04013;040-13 Briefwahl;26.09.2021 10:03:12 023;0;0;0;0;842;842;2;840;1;841;220;216;195;184;205;184;110;143;35;33;32;37;0;10;9;3;10;6;0;3;5;2;0;1;0;1;1;1;0;0;8;9;4;5;0;0;0;0;0;0;2;1;0;0;0;0;3;2;1
0.3;08212000;26.09.2021;Bundestagswahl;04014;040-14 Briefwahl;26.09.2021 10:03:12 023;0;0;0;0;795;795;4;791;4;791;168;154;232;220;188;197;91;111;39;42;25;19;0;12;13;9;11;6;0;2;2;1;0;1;0;1;0;0;0;0;12;11;2;2;0;0;0;1;0;0;2;0;0;0;0;0;4;2;2
0.3;08212000;26.09.2021;Bundestagswahl;04015;040-15 Briefwahl;26.09.2021 10:03:12 023;0;0;0;0;571;571;4;567;5;566;197;192;92;94;125;112;77;95;29;24;7;9;0;3;6;6;14;11;0;1;4;2;0;0;0;0;0;0;0;0;7;7;1;1;0;3;0;0;0;1;2;2;0;1;0;1;5;1;1
0.3;08212000;26.09.2021;Bundestagswahl;04016;040-16 Briefwahl;26.09.2021 10:03:12 023;0;0;0;0;584;584;4;580;3;581;216;200;113;122;131;117;70;97;9;10;3;3;0;5;9;3;17;13;0;1;3;2;0;0;0;1;0;0;0;0;7;6;1;1;0;0;0;0;0;0;0;0;0;0;0;0;1;0;0
0.3;08212000;26.09.2021;Bundestagswahl;04017;040-17 Briefwahl;26.09.2021 10:03:12 023;0;0;0;0;598;598;6;592;3;595;117;102;113;119;206;185;71;103;26;25;15;15;0;4;7;5;7;9;0;0;2;1;0;0;0;0;0;0;0;0;19;16;2;2;0;2;0;0;0;0;1;2;0;0;0;2;4;3;2
0.3;08212000;26.09.2021;Bundestagswahl;04018;040-18 Briefwahl;26.09.2021 10:03:12 023;0;0;0;0;604;604;3;601;4;600;183;162;163;151;135;129;62;101;21;19;12;12;0;6;1;1;8;7;0;1;2;1;0;0;0;3;0;0;0;0;7;5;3;1;0;0;0;0;0;0;0;0;0;1;0;0;3;0;1
0.3;08212000;26.09.2021;Bundestagswahl;04019;040-19 Briefwahl;26.09.2021 10:03:12 023;0;0;0;0;592;592;13;579;5;587;141;128;144;135;141;152;59;67;25;24;18;26;0;8;9;4;6;7;0;8;5;3;0;0;0;1;0;0;0;0;13;8;3;3;0;2;0;0;0;0;1;0;0;0;0;3;14;8;0
0.3;08212000;26.09.2021;Bundestagswahl;04020;040-20 Briefwahl;26.09.2021 10:03:12 023;0;0;0;0;577;577;3;574;2;575;139;134;163;147;123;121;62;86;35;36;17;22;0;1;11;8;5;5;0;0;2;2;0;0;0;1;0;0;0;0;9;5;1;1;0;0;0;0;0;1;1;0;0;0;0;0;5;5;1
0.3;08212000;26.09.2021;Bundestagswahl;04021;040-21 Briefwahl;26.09.2021 10:03:12 023;0;0;0;0;889;889;5;884;4;885;257;249;224;225;192;170;96;134;52;41;15;15;0;6;6;4;13;12;0;5;3;1;0;1;0;2;0;0;0;0;16;11;2;1;0;0;0;0;0;0;7;3;0;1;0;2;1;2;0
0.3;08212000;26.09.2021;Bundestagswahl;04022;040-22 Briefwahl;26.09.2021 10:03:12 023;0;0;0;0;746;746;6;740;3;743;208;193;164;176;178;162;78;94;50;49;21;25;0;6;4;8;9;5;0;0;3;1;0;0;0;0;0;0;0;0;13;10;0;0;0;1;0;0;0;0;6;4;0;1;0;1;6;7;0
0.3;08212000;26.09.2021;Bundestagswahl;04023;040-23 Briefwahl;26.09.2021 10:03:12 023;0;0;0;0;698;698;2;696;1;697;191;174;157;164;130;124;99;131;43;39;23;19;0;6;7;5;11;5;0;0;8;2;0;0;0;0;0;0;0;0;18;19;1;1;0;0;0;0;0;0;2;1;0;1;0;1;6;5;0
0.3;08212000;26.09.2021;Bundestagswahl;04024;040-24 Briefwahl;26.09.2021 10:03:12 023;0;0;0;0;915;915;6;909;3;912;238;219;191;189;262;234;105;157;35;33;25;32;0;7;11;5;5;7;0;0;2;1;0;0;0;0;1;1;0;0;14;9;3;3;0;1;0;0;0;0;3;3;0;1;0;3;13;7;1
0.3;08212000;26.09.2021;Bundestagswahl;04025;040-25 Briefwahl;26.09.2021 10:03:12 023;0;0;0;0;816;816;7;809;5;811;209;218;197;199;175;145;116;127;51;56;8;23;0;5;15;9;11;8;0;2;0;0;0;0;0;1;1;0;0;0;14;11;0;0;0;1;0;0;0;0;2;1;0;1;0;0;8;4;2
0.3;08212000;26.09.2021;Bundestagswahl;04026;040-26 Briefwahl;26.09.2021 10:03:12 023;0;0;0;0;919;919;7;912;3;916;208;200;236;247;201;187;120;139;52;57;25;27;0;15;20;8;12;10;0;5;1;0;0;0;0;0;1;0;0;0;13;11;4;2;0;0;0;0;0;0;3;0;0;1;0;4;10;3;6
0.3;08212000;26.09.2021;Bundestagswahl;04027;040-27 Briefwahl;26.09.2021 10:03:12 023;0;0;0;0;917;917;9;908;7;910;207;211;200;174;285;286;105;123;53;53;23;27;0;3;14;4;3;4;0;1;1;3;0;0;0;2;1;1;0;0;9;8;3;1;0;0;0;2;0;1;1;0;0;2;0;3;3;1;0
0.3;08212000;26.09.2021;Bundestagswahl;04028;040-28 Briefwahl;26.09.2021 10:03:12 023;0;0;0;0;741;741;12;729;11;730;171;149;178;188;181;168;89;102;45;45;23;31;0;6;11;7;11;13;0;3;1;1;0;0;0;1;1;0;0;0;10;10;1;1;0;1;0;0;0;1;2;2;0;0;0;0;2;1;3
0.3;08212000;26.09.2021;Bundestagswahl;04029;040-29 Briefwahl;26.09.2021 10:03:12 023;0;0;0;0;740;740;6;734;6;734;166;170;206;201;167;157;89;98;44;40;24;25;0;7;6;2;5;3;0;2;0;0;0;0;0;0;0;0;0;0;17;14;0;1;0;1;0;0;0;0;2;1;0;2;0;5;7;5;1
0.3;08212000;26.09.2021;Bundestagswahl;04030;040-30 Briefwahl;26.09.2021 10:03:12 023;0;0;0;0;722;722;7;715;5;717;221;210;174;182;143;112;79;91;51;52;12;20;0;15;4;5;14;12;0;2;2;1;0;0;0;0;0;0;0;0;8;6;0;0;0;0;0;0;0;0;3;4;0;1;0;1;2;3;2
0.3;08212000;26.09.2021;Bundestagswahl;04031;040-31 Briefwahl;26.09.2021 10:03:12 023;0;0;0;0;698;698;6;692;2;696;158;156;184;183;162;143;71;83;46;52;23;33;0;5;14;8;10;3;0;3;1;2;0;0;0;0;1;0;0;0;18;19;0;0;0;1;0;0;0;0;1;2;0;0;0;1;3;2;0
0.3;08212000;26.09.2021;Bundestagswahl;04032;040-32 Briefwahl;26.09.2021 10:03:12 023;0;0;0;0;706;706;7;699;4;702;132;132;131;124;250;247;70;86;33;29;41;43;0;5;12;5;6;5;0;2;2;1;0;1;0;1;0;0;0;0;9;3;1;0;0;0;0;0;0;0;3;3;0;0;0;5;9;10;0
0.3;08212000;26.09.2021;Bundestagswahl;04033;040-33 Briefwahl;26.09.2021 10:03:12 023;0;0;0;0;700;700;6;694;3;697;90;101;170;171;255;249;59;59;34;30;37;43;0;3;6;3;4;3;0;1;7;3;0;0;0;0;0;1;0;0;17;13;4;3;0;1;0;1;0;0;5;4;0;1;0;2;4;5;2
0.3;08212000;26.09.2021;Bundestagswahl;04034;040-34 Briefwahl;26.09.2021 10:03:12 023;0;0;0;0;703;703;4;699;4;699;77;81;145;150;256;245;42;47;49;47;63;70;0;10;14;5;11;12;0;1;1;0;0;2;0;0;2;0;0;0;13;14;2;2;0;0;0;0;0;1;6;2;0;0;0;4;10;6;8
0.3;08212000;26.09.2021;Bundestagswahl;04035;040-35 Briefwahl;26.09.2021 10:03:12 023;0;0;0;0;751;751;7;744;3;748;98;83;173;160;279;268;50;80;31;31;49;60;0;12;21;15;8;5;0;3;1;2;0;0;0;0;2;0;0;1;17;18;4;3;0;0;0;0;0;0;4;2;0;2;0;1;3;2;4
