version;wahl-behoerde-gs;wahl-datum;wahl-name;bezirk-nr;bezirk-name;zeitstempel-erfassung;A1;A2;A3;A;B;B1;C;D;E;F;D1;F1;D2;F2;D3;F3;D4;F4;D5;F5;D6;F6;D7;F7;D8;F8;D9;F9;D10;F10;D11;F11;D12;F12;D13;F13;D14;F14;D15;F15;D16;F16
0.3;08212000;23.02.2025;Bundestagswahl 2025;00121;001-21 Hans-Thoma-Schule;21.02.2025 08:17:41 662;716;529;0;1245;502;2;5;497;5;497;75;65;63;72;183;134;20;29;71;67;60;86;0;1;6;2;0;3;7;5;12;10;0;0;0;0;0;0;0;0;0;23
0.3;08212000;23.02.2025;Bundestagswahl 2025;00122;001-22 Hans-Thoma-Schule;21.02.2025 08:17:41 662;760;465;0;1225;495;7;5;490;4;491;58;50;71;67;179;132;17;27;66;64;76;112;0;1;3;2;0;0;4;4;15;5;0;0;0;1;1;1;0;0;0;25
0.3;08212000;23.02.2025;Bundestagswahl 2025;00123;001-23 Hans-Thoma-Schule;21.02.2025 08:17:41 662;725;508;0;1233;538;7;5;533;2;536;77;87;64;70;201;143;22;23;71;71;69;94;0;0;2;2;0;9;5;3;20;9;0;1;0;0;2;0;0;0;0;24
0.3;08212000;23.02.2025;Bundestagswahl 2025;00221;002-21 Leopoldschule;21.02.2025 08:17:41 662;716;584;0;1300;527;7;0;527;2;525;95;91;49;56;200;128;30;44;68;73;59;96;0;1;6;1;0;6;5;1;15;14;0;0;0;0;0;0;0;0;0;14
0.3;08212000;23.02.2025;Bundestagswahl 2025;00222;002-22 Leopoldschule;21.02.2025 08:17:41 662;787;518;0;1305;625;5;3;622;3;622;84;77;78;81;247;186;26;41;73;70;83;120;0;2;3;2;0;5;11;5;16;10;0;1;0;1;1;0;0;1;0;20
0.3;08212000;23.02.2025;Bundestagswahl 2025;00223;002-23 Leopoldschule;21.02.2025 08:17:41 662;775;566;0;1341;588;6;1;587;1;587;80;71;63;71;259;188;18;32;56;60;80;116;0;0;4;2;0;7;9;7;17;13;0;0;0;0;1;0;0;0;0;20
0.3;08212000;23.02.2025;Bundestagswahl 2025;00224;002-24 Bismarck-Gymnasium;21.02.2025 08:17:41 662;756;572;0;1328;580;9;3;577;1;579;90;84;55;84;285;209;32;43;29;36;52;95;0;0;5;5;0;3;7;2;20;9;0;1;0;0;2;0;0;0;0;8
0.3;08212000;23.02.2025;Bundestagswahl 2025;00225;002-25 Bismarck-Gymnasium;21.02.2025 08:17:41 662;716;558;0;1274;562;3;2;560;2;560;105;93;80;83;201;126;30;41;74;71;48;110;0;0;6;5;0;1;3;3;13;11;0;0;0;0;0;0;0;0;0;16
0.3;08212000;23.02.2025;Bundestagswahl 2025;00321;003-21 Friedrich-List-Schule;21.02.2025 08:17:41 662;725;739;0;1464;640;8;0;640;1;639;150;140;76;75;233;190;39;51;78;89;35;60;0;0;4;2;0;2;9;4;16;9;0;1;0;0;0;0;0;0;0;16
0.3;08212000;23.02.2025;Bundestagswahl 2025;00322;003-22 Nebeniusschule;21.02.2025 08:17:41 662;896;559;0;1455;700;6;5;695;2;698;94;93;93;106;269;185;23;25;98;96;85;138;0;3;5;1;0;1;7;7;21;17;0;1;0;2;0;0;0;0;0;23
0.3;08212000;23.02.2025;Bundestagswahl 2025;00323;003-23 Nebeniusschule;21.02.2025 08:17:41 662;862;532;0;1394;596;4;6;590;4;592;97;84;107;108;146;108;22;34;97;103;83;86;0;2;11;5;0;9;10;7;13;9;0;0;0;2;4;1;0;0;0;34
0.3;08212000;23.02.2025;Bundestagswahl 2025;00324;003-24 Nebeniusschule;21.02.2025 08:17:41 662;797;607;0;1404;539;11;3;536;2;537;68;59;61;79;222;166;16;19;61;62;76;99;0;0;7;3;0;3;11;9;13;14;0;1;0;0;1;0;0;1;0;22
0.3;08212000;23.02.2025;Bundestagswahl 2025;00325;003-25 Uhlandschule;21.02.2025 08:17:41 662;857;599;0;1456;624;7;3;621;1;623;84;77;73;76;239;168;15;28;66;64;106;151;0;2;7;3;0;6;14;5;15;12;0;0;0;1;2;1;0;0;0;29
0.3;08212000;23.02.2025;Bundestagswahl 2025;00326;003-26 Friedrich-List-Schule;21.02.2025 08:17:41 662;723;705;0;1428;630;8;4;626;0;630;152;145;81;88;234;190;20;38;77;78;37;59;0;1;2;1;0;2;8;5;15;8;0;0;0;0;0;0;0;0;0;15
0.3;08212000;23.02.2025;Bundestagswahl 2025;00327;003-27 Uhlandschule;21.02.2025 08:17:41 662;856;595;0;1451;645;11;3;642;2;643;78;68;68;75;287;225;21;36;55;51;102;137;0;2;2;0;0;5;12;10;13;8;0;0;0;2;4;3;0;0;0;21
0.3;08212000;23.02.2025;Bundestagswahl 2025;00328;003-28 Nebeniusschule;21.02.2025 08:17:41 662;884;514;0;1398;665;11;8;657;4;661;89;82;103;108;221;181;30;40;71;68;109;127;0;2;7;5;0;8;10;7;15;9;0;1;0;1;2;0;0;0;0;22
0.3;08212000;23.02.2025;Bundestagswahl 2025;00329;003-29 Friedrich-List-Schule;21.02.2025 08:17:41 662;791;674;0;1465;583;10;5;578;2;581;92;94;88;88;220;159;20;23;65;66;67;103;0;1;5;5;0;4;8;4;13;10;0;0;0;1;0;0;0;1;0;22
0.3;08212000;23.02.2025;Bundestagswahl 2025;00421;004-21 Goethe-Gymnasium;21.02.2025 08:17:41 662;871;618;0;1489;695;6;7;688;6;689;122;120;100;106;269;213;25;26;75;73;72;101;0;0;6;1;0;3;6;1;10;9;0;1;0;0;3;0;0;1;0;34
0.3;08212000;23.02.2025;Bundestagswahl 2025;00422;004-22 Goethe-Gymnasium;21.02.2025 08:17:41 662;909;524;0;1433;645;3;9;636;6;639;100;90;95;104;216;175;32;41;79;76;77;90;0;0;5;1;0;5;13;5;19;13;0;0;0;3;0;0;0;0;0;36
0.3;08212000;23.02.2025;Bundestagswahl 2025;00423;004-23 Kimmelmannschule;21.02.2025 08:17:41 662;831;533;0;1364;691;11;2;689;4;687;102;95;109;118;293;228;23;28;57;56;74;118;0;2;2;2;0;5;8;6;19;7;0;0;0;0;2;0;0;0;0;22
0.3;08212000;23.02.2025;Bundestagswahl 2025;00424;004-24 Weinbrennerschule;21.02.2025 08:17:41 662;734;692;0;1426;566;7;2;564;4;562;94;95;78;79;194;147;21;29;65;66;83;100;0;0;7;2;0;6;7;2;14;8;0;1;0;2;1;0;0;1;0;24
0.3;08212000;23.02.2025;Bundestagswahl 2025;00425;004-25 Südendschule;21.02.2025 08:17:41 662;879;598;0;1477;757;10;5;752;1;756;98;98;88;111;366;282;17;25;71;68;83;120;0;1;6;3;0;5;8;5;14;8;0;0;0;2;1;0;0;1;0;27
0.3;08212000;23.02.2025;Bundestagswahl 2025;00426;004-26 Kimmelmannschule;21.02.2025 08:17:41 662;651;727;0;1378;561;8;0;561;2;559;89;83;75;81;249;187;22;32;48;47;53;85;0;1;7;3;0;1;7;3;10;12;0;1;0;0;1;0;0;0;0;23
0.3;08212000;23.02.2025;Bundestagswahl 2025;00427;004-27 Südendschule;21.02.2025 08:17:41 662;839;598;0;1437;686;12;1;685;4;682;103;113;108;104;302;229;22;31;55;57;55;105;0;2;9;3;0;3;11;5;19;8;0;0;0;0;1;0;0;0;0;22
0.3;08212000;23.02.2025;Bundestagswahl 2025;00428;004-28 Goethe-Gymnasium;21.02.2025 08:17:41 662;783;557;0;1340;601;12;1;600;2;599;70;79;82;89;280;208;26;24;63;56;56;92;0;4;3;1;0;4;6;4;12;13;0;0;0;0;2;1;0;0;0;24
0.3;08212000;23.02.2025;Bundestagswahl 2025;00429;004-29 Goethe-Gymnasium;21.02.2025 08:17:41 662;783;705;0;1488;633;3;3;630;1;632;93;91;82;95;283;205;14;22;60;62;69;112;0;0;2;1;0;4;7;3;16;13;0;1;0;2;4;1;0;1;0;19
0.3;08212000;23.02.2025;Bundestagswahl 2025;00430;004-30 Kimmelmannschule;21.02.2025 08:17:41 662;819;586;0;1405;628;4;4;624;0;628;108;98;123;122;219;157;18;26;58;61;72;110;0;3;1;1;0;5;13;6;12;8;0;1;0;0;0;0;0;1;0;29
0.3;08212000;23.02.2025;Bundestagswahl 2025;00521;005-21 Drais-Gemeinschaftsschule;21.02.2025 08:17:41 662;708;555;0;1263;593;15;5;588;2;591;154;146;70;79;213;164;27;37;57;51;41;69;0;2;4;1;0;3;7;5;15;7;0;0;0;0;0;0;0;1;0;26
0.3;08212000;23.02.2025;Bundestagswahl 2025;00522;005-22 Helmholtz-Gymnasium;21.02.2025 08:17:41 662;838;488;0;1326;595;7;4;591;3;592;97;96;74;79;204;137;25;33;77;79;88;107;0;1;7;2;0;3;4;3;10;15;0;0;0;0;5;3;0;0;0;34
0.3;08212000;23.02.2025;Bundestagswahl 2025;00523;005-23 Lessing-Gymnasium;21.02.2025 08:17:41 662;797;547;0;1344;623;8;2;621;2;621;103;92;98;101;231;179;26;39;61;55;66;100;0;1;8;2;0;8;10;1;17;8;0;3;0;1;1;1;0;2;0;28
0.3;08212000;23.02.2025;Bundestagswahl 2025;00524;005-24 Lessing-Gymnasium;21.02.2025 08:17:41 662;823;625;0;1448;694;12;4;690;1;693;72;67;92;84;341;254;24;33;54;56;65;142;0;0;10;4;0;8;8;3;24;17;0;0;0;1;0;0;0;0;0;24
0.3;08212000;23.02.2025;Bundestagswahl 2025;00525;005-25 Weinbrennerschule;21.02.2025 08:17:41 662;832;474;0;1306;651;10;7;644;7;644;122;119;109;110;226;159;16;20;64;70;67;115;0;2;6;4;0;7;16;7;18;9;0;0;0;0;0;0;0;0;0;22
0.3;08212000;23.02.2025;Bundestagswahl 2025;00526;005-26 Lessing-Gymnasium;21.02.2025 08:17:41 662;786;614;0;1400;632;10;6;626;2;630;91;86;89;106;256;192;19;17;62;62;77;108;0;0;10;3;0;11;6;3;11;14;0;0;0;0;5;1;0;1;0;26
0.3;08212000;23.02.2025;Bundestagswahl 2025;00527;005-27 Weinbrennerschule;21.02.2025 08:17:41 662;778;548;0;1326;602;8;8;594;5;597;106;104;95;104;256;202;17;25;40;43;60;79;0;0;1;1;0;3;6;5;13;7;0;0;0;0;0;0;0;1;0;23
0.3;08212000;23.02.2025;Bundestagswahl 2025;00528;005-28 Helmholtz-Gymnasium;21.02.2025 08:17:41 662;785;469;0;1254;596;10;4;592;4;592;121;115;83;80;187;131;25;34;94;85;49;80;0;2;9;1;0;4;8;4;15;15;0;5;0;0;1;2;0;1;0;33
0.3;08212000;23.02.2025;Bundestagswahl 2025;00529;005-29 Lessing-Gymnasium;21.02.2025 08:17:41 662;850;603;0;1453;712;2;3;709;2;710;96;86;101;108;334;266;27;33;49;57;73;122;0;1;4;1;0;3;5;6;20;8;0;1;0;0;0;0;0;0;0;18
0.3;08212000;23.02.2025;Bundestagswahl 2025;00530;005-30 Helmholtz-Gymnasium;21.02.2025 08:17:41 662;720;544;0;1264;571;9;3;568;2;569;143;137;93;100;189;142;25;34;49;50;47;79;0;1;6;3;0;2;4;1;12;4;0;2;0;0;0;0;0;0;0;14
0.3;08212000;23.02.2025;Bundestagswahl 2025;00621;006-21 Rennbuckelschule;21.02.2025 08:17:41 662;871;402;0;1273;685;16;3;682;1;684;208;202;110;109;142;110;33;40;102;99;44;61;0;1;5;4;0;5;10;3;27;14;0;1;0;1;1;0;0;0;0;34
0.3;08212000;23.02.2025;Bundestagswahl 2025;00622;006-22 Werner-von-Siemens-Schule;21.02.2025 08:17:41 662;862;383;0;1245;575;2;5;570;8;567;106;99;110;103;104;75;21;18;146;143;64;68;0;2;5;5;0;4;6;1;8;6;0;1;0;2;0;0;0;1;0;39
0.3;08212000;23.02.2025;Bundestagswahl 2025;00623;006-23 Werner-von-Siemens-Schule;21.02.2025 08:17:41 662;776;485;0;1261;600;4;10;590;5;595;177;159;99;105;137;97;20;32;103;99;29;52;0;2;6;6;0;4;6;3;11;9;0;0;0;4;2;1;0;0;0;22
0.3;08212000;23.02.2025;Bundestagswahl 2025;00624;006-24 Werner-von-Siemens-Schule;21.02.2025 08:17:41 662;811;463;0;1274;649;10;3;646;5;644;179;158;91;84;143;107;28;43;123;125;57;75;0;1;6;5;0;5;9;6;8;6;0;0;0;5;2;0;0;0;0;24
0.3;08212000;23.02.2025;Bundestagswahl 2025;00625;006-25 Werner-von-Siemens-Schule;21.02.2025 08:17:41 662;929;318;0;1247;640;6;6;634;5;635;144;136;104;97;99;72;20;20;163;162;69;77;0;3;14;3;0;4;7;6;13;9;0;1;0;1;1;0;0;1;0;43
0.3;08212000;23.02.2025;Bundestagswahl 2025;00626;006-26 Rennbuckelschule;21.02.2025 08:17:41 662;761;536;0;1297;548;8;5;543;3;545;87;101;86;78;183;138;26;34;80;71;58;69;0;1;3;1;0;11;8;7;12;5;0;1;0;2;0;1;0;1;0;24
0.3;08212000;23.02.2025;Bundestagswahl 2025;00721;007-21 Friedrich-List-Schule;21.02.2025 08:17:41 662;933;558;0;1491;685;3;9;676;5;680;102;95;109;113;215;156;20;29;118;121;81;103;0;2;8;2;0;11;11;7;11;8;0;2;0;2;1;0;0;0;0;29
0.3;08212000;23.02.2025;Bundestagswahl 2025;00722;007-22 Heinrich-Meidinger-Schule;21.02.2025 08:17:41 662;897;633;0;1530;705;9;3;702;2;703;125;126;72;83;247;190;39;44;74;76;101;127;0;0;5;4;0;2;10;4;26;17;0;0;0;1;3;1;0;2;0;26
0.3;08212000;23.02.2025;Bundestagswahl 2025;00723;007-23 Lidellschule;21.02.2025 08:17:41 662;992;540;0;1532;741;8;10;731;6;735;135;124;129;124;226;177;19;30;115;111;72;111;0;1;10;4;0;5;7;7;16;5;0;2;0;0;2;0;0;1;0;33
0.3;08212000;23.02.2025;Bundestagswahl 2025;00724;007-24 Lidellschule;21.02.2025 08:17:41 662;788;595;0;1383;585;6;6;579;4;581;109;112;88;100;194;126;29;33;88;88;46;77;0;0;1;2;0;3;7;1;16;16;0;3;0;0;1;2;0;0;0;18
0.3;08212000;23.02.2025;Bundestagswahl 2025;00725;007-25 Lidellschule;21.02.2025 08:17:41 662;818;607;0;1425;615;7;5;610;4;611;92;90;78;80;251;187;22;26;45;51;86;129;0;1;3;1;0;6;8;2;24;10;0;1;0;1;1;1;0;0;0;25
0.3;08212000;23.02.2025;Bundestagswahl 2025;00726;007-26 Friedrich-List-Schule;21.02.2025 08:17:41 662;762;755;0;1517;662;7;1;661;2;660;68;69;49;61;365;242;25;37;40;40;93;177;0;2;4;2;0;1;6;1;10;5;0;0;0;2;1;0;0;1;0;20
0.3;08212000;23.02.2025;Bundestagswahl 2025;00727;007-27 Betreues Wohnen Klosterweg;21.02.2025 08:17:41 662;1002;534;0;1536;812;8;8;804;8;804;105;92;93;96;313;231;32;37;110;110;81;158;0;3;14;7;0;7;20;9;36;24;0;1;0;0;0;2;0;0;0;27
0.3;08212000;23.02.2025;Bundestagswahl 2025;00728;007-28 Lidellschule;21.02.2025 08:17:41 662;847;649;0;1496;655;18;5;650;2;653;100;92;77;92;261;185;28;36;75;73;78;102;0;4;9;3;0;4;10;3;12;13;0;0;0;3;0;0;0;0;0;43
0.3;08212000;23.02.2025;Bundestagswahl 2025;00729;007-29 Heinrich-Meidinger-Schule;21.02.2025 08:17:41 662;759;723;0;1482;632;14;3;629;1;631;79;76;61;68;324;244;23;20;38;40;77;130;0;1;8;3;0;6;6;4;12;8;0;0;0;1;1;0;0;1;0;29
0.3;08212000;23.02.2025;Bundestagswahl 2025;00821;008-21 Drais-Gemeinschaftsschule;21.02.2025 08:17:41 662;968;462;0;1430;721;6;4;717;4;717;153;148;121;112;156;123;23;29;158;154;66;78;0;1;9;0;0;7;11;2;18;9;0;1;0;1;2;1;0;2;0;49
0.3;08212000;23.02.2025;Bundestagswahl 2025;00822;008-22 Friedrich-Ebert-Schule;21.02.2025 08:17:41 662;1022;415;0;1437;641;3;3;638;5;636;124;117;98;94;152;123;10;18;148;141;83;93;0;2;5;0;0;5;9;6;6;4;0;0;0;0;3;3;0;0;0;30
0.3;08212000;23.02.2025;Bundestagswahl 2025;00823;008-23 Vogesenschule;21.02.2025 08:17:41 662;844;646;0;1490;621;7;6;615;3;618;135;128;77;76;191;165;26;35;105;96;54;67;0;2;6;3;0;10;12;2;6;4;0;1;0;0;3;0;0;0;0;29
0.3;08212000;23.02.2025;Bundestagswahl 2025;00824;008-24 Vogesenschule;21.02.2025 08:17:41 662;1016;402;0;1418;612;0;8;604;7;605;87;74;104;94;106;94;14;21;160;166;96;101;0;0;4;3;0;6;12;7;19;11;0;0;0;1;2;2;0;0;0;25
0.3;08212000;23.02.2025;Bundestagswahl 2025;00825;008-25 Drais-Gemeinschaftsschule;21.02.2025 08:17:41 662;930;567;0;1497;735;10;10;725;3;732;126;123;113;110;264;189;21;31;100;87;71;131;0;2;6;3;0;5;9;9;13;12;0;0;0;1;2;0;0;0;0;29
0.3;08212000;23.02.2025;Bundestagswahl 2025;00826;008-26 Friedrich-Ebert-Schule;21.02.2025 08:17:41 662;1047;404;0;1451;687;13;10;677;8;679;132;111;109;107;118;96;17;25;195;186;70;81;0;2;7;2;0;14;9;6;18;12;0;1;0;1;2;1;0;1;0;33
0.3;08212000;23.02.2025;Bundestagswahl 2025;00827;008-27 Drais-Gemeinschaftsschule;21.02.2025 08:17:41 662;952;525;0;1477;715;9;4;711;3;712;143;139;113;110;230;179;29;33;107;110;52;82;0;1;5;2;0;7;13;7;14;9;0;3;0;3;5;4;0;1;0;22
0.3;08212000;23.02.2025;Bundestagswahl 2025;00921;009-21 Adam-Remmele-Schule;21.02.2025 08:17:41 662;1060;328;0;1388;735;0;6;729;8;727;160;149;123;105;87;71;20;27;252;244;64;65;0;1;8;1;0;5;6;3;7;7;0;0;0;0;2;0;0;1;0;48
0.3;08212000;23.02.2025;Bundestagswahl 2025;00922;009-22 Adam-Remmele-Schule;21.02.2025 08:17:41 662;1081;314;0;1395;717;1;6;711;8;709;151;145;147;134;51;37;18;27;266;243;41;50;0;1;14;9;0;15;9;3;14;9;0;0;0;1;0;0;0;1;0;34
0.3;08212000;23.02.2025;Bundestagswahl 2025;00923;009-23 Grundschule Daxlanden;21.02.2025 08:17:41 662;897;459;0;1356;715;5;4;711;5;710;190;176;115;116;156;128;39;45;137;136;40;58;0;0;4;3;0;6;7;6;23;17;0;1;0;1;0;0;0;1;0;16
0.3;08212000;23.02.2025;Bundestagswahl 2025;00924;009-24 Grundschule Daxlanden;21.02.2025 08:17:41 662;903;463;0;1366;692;13;5;687;5;687;230;203;86;98;136;96;46;52;115;123;48;58;0;2;4;4;0;10;9;1;11;9;0;5;0;0;2;0;0;0;0;26
0.3;08212000;23.02.2025;Bundestagswahl 2025;00925;009-25 Adam-Remmele-Schule;21.02.2025 08:17:41 662;1011;377;0;1388;708;5;8;700;8;700;174;167;128;120;82;68;34;35;195;186;56;57;0;0;4;3;0;10;10;2;12;5;0;0;0;2;5;2;0;0;0;43
0.3;08212000;23.02.2025;Bundestagswahl 2025;00926;009-26 Adam-Remmele-Schule;21.02.2025 08:17:41 662;953;388;0;1341;664;1;7;657;6;658;164;160;121;115;78;58;17;18;175;167;65;66;0;3;10;2;0;10;11;6;14;12;0;0;0;1;2;0;0;1;0;39
0.3;08212000;23.02.2025;Bundestagswahl 2025;01021;010-21 Grundschule Knielingen;21.02.2025 08:17:41 662;881;357;0;1238;655;3;3;652;4;651;169;139;105;98;94;89;31;33;161;171;51;57;0;1;14;5;0;7;14;7;13;9;0;0;0;1;0;0;0;1;0;33
0.3;08212000;23.02.2025;Bundestagswahl 2025;01022;010-22 Viktor-von-Scheffel-Schule;21.02.2025 08:17:41 662;789;413;0;1202;612;7;5;607;2;610;177;158;112;103;120;102;15;30;141;134;26;39;0;3;4;3;0;4;6;1;5;5;0;0;0;1;1;0;0;0;0;27
0.3;08212000;23.02.2025;Bundestagswahl 2025;01023;010-23 Viktor-von-Scheffel-Schule;21.02.2025 08:17:41 662;784;436;0;1220;592;3;5;587;5;587;168;158;111;111;100;79;18;23;119;117;43;55;0;1;11;5;0;4;7;3;9;5;0;1;0;0;1;1;0;0;0;24
0.3;08212000;23.02.2025;Bundestagswahl 2025;01024;010-24 Viktor-von-Scheffel-Schule;21.02.2025 08:17:41 662;801;400;0;1201;581;4;1;580;1;580;175;151;89;98;112;83;15;30;108;115;50;54;0;2;10;5;0;9;7;5;13;9;0;3;0;2;1;0;0;1;0;13
0.3;08212000;23.02.2025;Bundestagswahl 2025;01025;010-25 Viktor-von-Scheffel-Schule;21.02.2025 08:17:41 662;798;432;0;1230;577;4;2;575;2;575;139;138;95;101;102;74;31;30;130;130;56;61;0;0;9;2;0;7;7;4;6;1;0;0;0;1;0;0;0;2;0;24
0.3;08212000;23.02.2025;Bundestagswahl 2025;01026;010-26 Viktor-von-Scheffel-Schule;21.02.2025 08:17:41 662;795;384;0;1179;667;11;9;658;5;662;190;186;120;105;130;101;17;31;138;134;40;50;0;0;12;6;0;6;4;3;7;5;0;1;0;0;0;0;0;1;0;33
0.3;08212000;23.02.2025;Bundestagswahl 2025;01121;011-21 Feuerwehrhaus Grünwinkel;21.02.2025 08:17:41 662;813;387;0;1200;621;9;4;617;4;617;141;137;102;92;151;122;26;32;115;113;59;74;0;0;7;4;0;2;7;5;9;8;0;0;0;1;0;0;0;1;0;26
0.3;08212000;23.02.2025;Bundestagswahl 2025;01122;011-22 Grundschule Grünwinkel;21.02.2025 08:17:41 662;767;404;0;1171;641;7;7;634;8;633;169;153;106;108;151;125;15;30;145;140;29;37;0;3;7;2;0;6;5;2;6;5;0;0;0;2;1;0;0;2;0;18
0.3;08212000;23.02.2025;Bundestagswahl 2025;01123;011-23 Grundschule Grünwinkel;21.02.2025 08:17:41 662;856;351;0;1207;664;5;3;661;3;661;155;135;117;113;105;83;27;35;175;176;50;52;0;2;11;5;0;2;2;1;18;14;0;0;0;3;1;1;0;0;0;39
0.3;08212000;23.02.2025;Bundestagswahl 2025;01124;011-24 Grundschule Grünwinkel;21.02.2025 08:17:41 662;777;393;0;1170;598;6;5;593;2;596;181;165;90;95;122;101;29;38;125;123;26;37;0;1;5;2;0;1;4;1;11;6;0;0;0;0;0;0;0;0;0;26
0.3;08212000;23.02.2025;Bundestagswahl 2025;01125;011-25 Grundschule Grünwinkel;21.02.2025 08:17:41 662;833;371;0;1204;552;4;5;547;7;545;159;150;86;77;93;88;15;24;121;118;47;50;0;2;7;3;0;8;4;0;15;6;0;0;0;2;0;0;0;0;0;17
0.3;08212000;23.02.2025;Bundestagswahl 2025;01126;011-26 Grundschule Grünwinkel;21.02.2025 08:17:41 662;872;370;0;1242;638;3;8;630;5;633;151;140;96;96;135;102;26;25;150;146;40;53;0;4;7;0;0;10;13;8;12;8;0;0;0;1;0;0;0;0;0;40
0.3;08212000;23.02.2025;Bundestagswahl 2025;01221;012-21 Anne-Frank-Schule;21.02.2025 08:17:41 662;993;350;0;1343;666;7;4;662;3;663;126;113;92;78;61;47;28;22;280;264;53;66;0;0;5;4;0;15;8;1;8;4;0;0;0;0;1;0;0;1;0;48
0.3;08212000;23.02.2025;Bundestagswahl 2025;01222;012-22 Anne-Frank-Schule;21.02.2025 08:17:41 662;1092;168;0;1260;610;1;13;597;8;602;104;78;88;81;29;17;18;20;283;275;57;57;0;1;5;2;0;15;5;1;5;3;0;0;0;1;3;1;0;2;0;48
0.3;08212000;23.02.2025;Bundestagswahl 2025;01223;012-23 Anne-Frank-Schule;21.02.2025 08:17:41 662;940;306;0;1246;628;4;6;622;4;624;119;114;66;56;57;45;21;22;297;281;43;47;0;2;7;2;0;5;6;3;6;3;0;0;0;0;0;0;0;0;0;44
0.3;08212000;23.02.2025;Bundestagswahl 2025;01224;012-24 Anne-Frank-Schule;21.02.2025 08:17:41 662;1037;213;0;1250;673;4;9;664;7;666;141;124;107;90;42;33;11;15;296;288;42;42;0;2;11;5;0;4;4;4;8;6;0;0;0;0;2;0;0;2;0;51
0.3;08212000;23.02.2025;Bundestagswahl 2025;01225;012-25 Anne-Frank-Schule;21.02.2025 08:17:41 662;981;290;0;1271;704;0;8;696;10;694;153;137;88;76;51;44;24;28;310;305;48;41;0;2;6;1;0;6;6;4;7;3;0;2;0;2;3;0;0;0;0;43
0.3;08212000;23.02.2025;Bundestagswahl 2025;01321;013-21 Grundschule Bulach;21.02.2025 08:17:41 662;688;378;0;1066;563;11;1;562;2;561;161;154;66;82;171;140;18;25;76;72;52;57;0;3;6;1;0;5;2;1;10;4;0;2;0;0;0;0;0;0;0;15
0.3;08212000;23.02.2025;Bundestagswahl 2025;01322;013-22 Grundschule Beiertheim;21.02.2025 08:17:41 662;577;379;0;956;484;14;4;480;2;482;59;56;76;78;176;136;14;19;62;61;64;83;0;1;10;2;0;4;8;3;11;9;0;0;0;1;0;1;0;2;0;26
0.3;08212000;23.02.2025;Bundestagswahl 2025;01323;013-23 Grundschule Beiertheim;21.02.2025 08:17:41 662;621;399;0;1020;499;7;3;496;0;499;139;124;79;76;163;124;16;28;40;43;30;67;0;0;5;1;0;3;10;3;13;6;0;0;0;0;1;0;0;1;0;23
0.3;08212000;23.02.2025;Bundestagswahl 2025;01324;013-24 Grundschule Bulach;21.02.2025 08:17:41 662;694;341;0;1035;571;4;3;568;6;565;177;156;91;97;129;108;17;22;89;88;42;49;0;3;7;4;0;1;5;2;9;7;0;3;0;5;2;0;0;0;0;20
0.3;08212000;23.02.2025;Bundestagswahl 2025;01325;013-25 Grundschule Beiertheim;21.02.2025 08:17:41 662;617;389;0;1006;516;5;4;512;4;512;103;99;67;69;192;149;20;23;61;61;52;77;0;1;7;3;0;5;5;3;4;6;0;1;0;1;1;1;0;1;0;12
0.3;08212000;23.02.2025;Bundestagswahl 2025;01421;014-21 Jugendheim St. Franziskus;21.02.2025 08:17:41 662;712;405;0;1117;603;3;8;595;7;596;135;125;105;108;204;170;8;22;62;57;64;74;0;1;5;1;0;3;3;2;9;7;0;0;0;0;0;0;0;0;0;26
0.3;08212000;23.02.2025;Bundestagswahl 2025;01422;014-22 Weiherwaldschule;21.02.2025 08:17:41 662;676;406;0;1082;613;15;4;609;0;613;144;136;104;110;200;159;23;28;66;64;47;69;0;2;6;2;0;9;7;6;10;4;0;2;0;3;2;0;0;0;0;19
0.3;08212000;23.02.2025;Bundestagswahl 2025;01423;014-23 Jugendheim St. Franziskus;21.02.2025 08:17:41 662;612;540;0;1152;388;6;3;385;3;385;85;71;65;71;88;69;21;23;70;67;42;49;0;2;3;0;0;4;3;1;7;6;0;0;0;2;1;0;0;1;0;19
0.3;08212000;23.02.2025;Bundestagswahl 2025;01424;014-24 Weiherwaldschule;21.02.2025 08:17:41 662;658;418;0;1076;549;7;4;545;5;544;120;114;77;87;190;143;9;23;74;65;48;69;0;1;7;3;0;8;6;4;12;9;0;0;0;1;2;0;0;1;0;16
0.3;08212000;23.02.2025;Bundestagswahl 2025;01521;015-21 Eichelgartenschule/Realschule Rüppurr;21.02.2025 08:17:41 662;961;410;0;1371;808;10;9;799;4;804;166;165;158;163;222;168;19;21;151;148;45;76;0;0;12;6;0;9;12;7;13;5;0;1;0;1;1;0;0;0;0;34
0.3;08212000;23.02.2025;Bundestagswahl 2025;01522;015-22 Riedschule;21.02.2025 08:17:41 662;840;526;0;1366;677;14;4;673;3;674;161;169;102;110;215;162;23;33;100;95;48;71;0;0;4;2;0;2;6;6;14;7;0;1;0;0;0;0;0;0;0;16
0.3;08212000;23.02.2025;Bundestagswahl 2025;01523;015-23 Riedschule;21.02.2025 08:17:41 662;809;495;0;1304;699;4;6;693;1;698;224;218;97;94;191;162;35;48;81;82;49;59;0;1;9;4;0;1;4;2;3;0;0;1;0;2;0;0;0;0;0;24
0.3;08212000;23.02.2025;Bundestagswahl 2025;01524;015-24 Eichelgartenschule/Realschule Rüppurr;21.02.2025 08:17:41 662;878;491;0;1369;743;7;6;737;3;740;203;194;108;104;213;177;37;49;94;87;59;71;0;0;2;6;0;10;8;2;12;9;0;1;0;1;1;0;0;0;0;29
0.3;08212000;23.02.2025;Bundestagswahl 2025;01525;015-25 Eichelgartenschule/Realschule Rüppurr;21.02.2025 08:17:41 662;826;545;0;1371;663;11;4;659;2;661;190;174;111;115;196;158;26;40;75;80;31;59;0;2;6;2;0;7;10;4;13;7;0;0;0;2;1;0;0;0;0;11
0.3;08212000;23.02.2025;Bundestagswahl 2025;01526;015-26 Riedschule;21.02.2025 08:17:41 662;782;528;0;1310;649;7;1;648;3;646;175;169;108;110;189;149;31;37;82;88;37;54;0;0;7;4;0;6;9;3;10;7;0;0;0;1;0;0;0;0;0;18
0.3;08212000;23.02.2025;Bundestagswahl 2025;01621;016-21 Otto-Hahn-Gymnasium;21.02.2025 08:17:41 662;897;387;0;1284;700;6;6;694;4;696;199;195;90;86;206;172;26;34;110;106;40;50;0;3;7;2;0;7;8;2;7;7;0;0;0;1;1;1;0;0;0;30
0.3;08212000;23.02.2025;Bundestagswahl 2025;01622;016-22 Eichendorffschule;21.02.2025 08:17:41 662;1030;324;0;1354;708;6;2;706;5;703;136;117;96;92;122;96;18;27;229;211;74;94;0;2;6;3;0;11;12;4;12;11;0;0;0;0;1;1;0;1;0;33
0.3;08212000;23.02.2025;Bundestagswahl 2025;01623;016-23 Ernst-Reuter-Schule;21.02.2025 08:17:41 662;993;367;0;1360;702;7;7;695;4;698;141;124;83;95;147;121;23;36;195;184;71;75;0;2;10;2;0;11;6;4;18;3;0;1;0;2;1;1;0;1;0;36
0.3;08212000;23.02.2025;Bundestagswahl 2025;01624;016-24 Eichendorffschule;21.02.2025 08:17:41 662;938;413;0;1351;676;3;3;673;5;671;159;138;118;122;142;115;20;27;144;140;59;69;0;1;10;2;0;7;8;5;12;15;0;0;0;0;1;0;0;0;0;30
0.3;08212000;23.02.2025;Bundestagswahl 2025;01625;016-25 Europäische Schule;21.02.2025 08:17:41 662;864;456;0;1320;727;15;4;723;2;725;223;208;122;112;156;136;34;50;133;128;35;44;0;2;5;2;0;6;5;1;9;4;0;2;0;2;1;0;0;1;0;27
0.3;08212000;23.02.2025;Bundestagswahl 2025;01626;016-26 Ernst-Reuter-Schule;21.02.2025 08:17:41 662;831;434;0;1265;616;1;2;614;3;613;141;131;75;59;147;127;20;38;157;149;45;64;0;1;9;5;0;3;7;5;13;9;0;0;0;1;0;0;0;0;0;21
0.3;08212000;23.02.2025;Bundestagswahl 2025;01721;017-21 Tulla-Realschule;21.02.2025 08:17:41 662;821;508;0;1329;661;5;3;658;1;660;151;150;114;115;207;168;38;42;80;74;47;63;0;4;4;2;0;1;2;3;15;14;0;0;0;2;0;0;0;1;0;21
0.3;08212000;23.02.2025;Bundestagswahl 2025;01722;017-22 Tulla-Realschule;21.02.2025 08:17:41 662;864;507;0;1371;668;6;3;665;2;666;139;123;123;121;190;142;21;26;111;117;54;92;0;0;8;4;0;5;9;3;9;8;0;1;0;2;1;0;0;1;0;21
0.3;08212000;23.02.2025;Bundestagswahl 2025;01723;017-23 Tulla-Realschule;21.02.2025 08:17:41 662;1076;172;0;1248;624;3;11;613;14;610;109;101;88;88;43;26;11;8;246;226;82;85;0;2;15;9;0;8;10;7;8;5;0;1;0;1;1;0;0;0;0;43
0.3;08212000;23.02.2025;Bundestagswahl 2025;01821;018-21 Sozialer Dienst - Bezirksgruppe Ost;21.02.2025 08:17:41 662;947;363;0;1310;724;5;11;713;16;708;138;134;83;77;128;102;16;18;252;236;64;73;0;2;4;2;0;4;5;2;18;12;0;0;0;1;5;1;0;0;0;44
0.3;08212000;23.02.2025;Bundestagswahl 2025;01822;018-22 Grundschule Hagsfeld;21.02.2025 08:17:41 662;796;402;0;1198;608;7;6;602;8;600;155;144;68;70;147;114;27;22;138;136;38;56;0;1;4;3;0;2;8;4;15;11;0;1;0;3;2;0;0;0;0;33
0.3;08212000;23.02.2025;Bundestagswahl 2025;01823;018-23 Grundschule Hagsfeld;21.02.2025 08:17:41 662;840;367;0;1207;612;3;8;604;3;609;152;138;104;106;144;115;26;31;98;106;46;61;0;1;8;3;0;7;9;4;15;11;0;1;0;2;2;1;0;2;0;20
0.3;08212000;23.02.2025;Bundestagswahl 2025;01824;018-24 Grundschule Hagsfeld;21.02.2025 08:17:41 662;666;377;0;1043;526;5;11;515;6;520;125;114;65;68;134;101;19;24;105;104;49;62;0;2;10;4;0;3;2;3;6;10;0;1;0;0;0;0;0;2;0;22
0.3;08212000;23.02.2025;Bundestagswahl 2025;01921;019-21 Oberwaldschule;21.02.2025 08:17:41 662;1049;497;0;1546;720;18;7;713;7;713;153;128;101;96;116;86;20;25;224;222;70;71;0;4;6;2;0;11;12;5;10;11;0;0;0;2;1;0;0;1;0;49
0.3;08212000;23.02.2025;Bundestagswahl 2025;01922;019-22 Oberwaldschule;21.02.2025 08:17:41 662;982;523;0;1505;768;7;7;761;8;760;223;204;127;118;149;126;22;33;148;150;61;61;0;1;10;6;0;9;7;5;11;10;0;0;0;0;3;2;0;0;0;35
0.3;08212000;23.02.2025;Bundestagswahl 2025;01923;019-23 Friedrich-Realschule;21.02.2025 08:17:41 662;870;590;0;1460;714;12;7;707;3;711;160;146;111;114;202;160;29;46;109;102;62;82;0;3;9;2;0;4;6;2;19;13;0;2;0;4;0;0;0;2;0;29
0.3;08212000;23.02.2025;Bundestagswahl 2025;01924;019-24 Grundschule Bergwald;21.02.2025 08:17:41 662;556;212;0;768;457;9;5;452;1;456;152;136;65;53;74;61;14;37;99;98;33;32;0;0;4;2;0;4;4;4;7;5;0;1;0;0;0;0;0;0;0;23
0.3;08212000;23.02.2025;Bundestagswahl 2025;01925;019-25 Karlsburg;21.02.2025 08:17:41 662;937;610;0;1547;741;23;3;738;0;741;155;141;123;107;249;201;30;51;87;76;72;115;0;5;3;1;0;4;9;4;9;9;0;0;0;0;1;1;0;0;0;26
0.3;08212000;23.02.2025;Bundestagswahl 2025;01926;019-26 Markgrafen-Gymnasium;21.02.2025 08:17:41 662;805;763;0;1568;603;7;5;598;3;600;200;193;65;67;172;141;47;60;75;73;30;42;0;0;2;3;0;2;3;1;3;2;0;0;0;2;1;0;0;0;0;14
0.3;08212000;23.02.2025;Bundestagswahl 2025;01927;019-27 Markgrafen-Gymnasium;21.02.2025 08:17:41 662;861;677;0;1538;649;6;3;646;3;646;239;212;87;77;118;97;49;72;102;108;34;29;0;0;6;2;0;3;5;4;6;7;0;1;0;0;0;1;0;3;0;30
0.3;08212000;23.02.2025;Bundestagswahl 2025;01928;019-28 Pestalozzischule;21.02.2025 08:17:41 662;993;452;0;1445;653;3;3;650;6;647;146;132;128;123;154;126;23;37;119;114;51;67;0;1;3;1;0;8;9;10;17;7;0;0;0;0;0;0;0;2;0;19
0.3;08212000;23.02.2025;Bundestagswahl 2025;01929;019-29 Pestalozzischule;21.02.2025 08:17:41 662;1031;471;0;1502;715;5;11;704;9;706;134;125;115;121;127;100;24;31;183;176;79;72;0;3;9;3;0;16;15;6;12;5;0;1;0;2;6;4;0;0;0;41
0.3;08212000;23.02.2025;Bundestagswahl 2025;01930;019-30 Oberwaldschule;21.02.2025 08:17:41 662;941;600;0;1541;757;21;3;754;3;754;171;164;112;108;205;158;32;39;135;143;56;75;0;0;13;6;0;8;11;8;17;13;0;0;0;2;2;2;0;0;0;28
0.3;08212000;23.02.2025;Bundestagswahl 2025;01931;019-31 Markgrafen-Gymnasium;21.02.2025 08:17:41 662;942;594;0;1536;738;9;4;734;1;737;193;174;119;111;207;164;32;47;86;90;72;93;0;1;5;4;0;7;8;1;12;11;0;2;0;4;0;0;0;0;0;28
0.3;08212000;23.02.2025;Bundestagswahl 2025;01932;019-32 Pestalozzischule;21.02.2025 08:17:41 662;957;589;0;1546;731;11;3;728;1;730;141;131;120;110;203;182;30;38;125;128;66;83;0;1;9;4;0;1;10;6;23;12;0;1;0;3;1;0;0;0;0;30
0.3;08212000;23.02.2025;Bundestagswahl 2025;01933;019-33 Karlsburg;21.02.2025 08:17:41 662;951;582;0;1533;650;7;3;647;1;649;148;142;125;111;184;146;23;22;80;89;63;89;0;0;6;3;0;1;6;4;10;8;0;1;0;3;2;1;0;1;0;28
0.3;08212000;23.02.2025;Bundestagswahl 2025;01934;019-34 Oberwaldschule;21.02.2025 08:17:41 662;996;527;0;1523;707;12;7;700;4;703;167;147;131;118;120;120;26;40;151;150;68;61;0;2;11;4;0;10;5;4;19;7;0;1;0;2;2;1;0;0;0;36
0.3;08212000;23.02.2025;Bundestagswahl 2025;02021;020-21 Kita Obere Setz;21.02.2025 08:17:41 662;794;499;0;1293;676;5;10;666;5;671;225;207;126;124;140;107;22;33;83;90;41;55;0;1;12;9;0;3;2;6;14;9;0;0;0;0;1;0;0;0;0;27
0.3;08212000;23.02.2025;Bundestagswahl 2025;02022;020-22 Herbert-Schweizer-Haus-Begegnungsstätte Grötzingen;21.02.2025 08:17:41 662;799;438;0;1237;627;2;3;624;3;624;175;167;95;97;141;111;20;29;118;110;43;57;0;4;10;3;0;8;10;3;12;5;0;1;0;2;0;0;0;0;0;27
0.3;08212000;23.02.2025;Bundestagswahl 2025;02023;020-23 Augustenburg Gemeinschaftsschule;21.02.2025 08:17:41 662;766;566;0;1332;680;13;4;676;3;677;204;199;107;111;177;136;33;46;87;84;49;53;0;1;3;4;0;5;3;3;11;7;0;1;0;0;2;2;0;0;0;25
0.3;08212000;23.02.2025;Bundestagswahl 2025;02024;020-24 Augustenburg Gemeinschaftsschule;21.02.2025 08:17:41 662;885;422;0;1307;644;6;8;636;4;640;160;144;101;110;115;83;23;31;154;151;56;68;0;0;7;4;0;6;9;3;10;4;0;3;0;1;1;0;0;1;0;31
0.3;08212000;23.02.2025;Bundestagswahl 2025;02025;020-25 Herbert-Schweizer-Haus-Begegnungsstätte Grötzingen;21.02.2025 08:17:41 662;781;483;0;1264;650;15;5;645;3;647;174;166;131;116;158;139;38;46;88;90;33;47;0;2;7;4;0;2;6;4;9;6;0;0;0;7;1;0;0;0;0;18
0.3;08212000;23.02.2025;Bundestagswahl 2025;02121;021-21 Gemeindezentrum Stupferich;21.02.2025 08:17:41 662;603;471;0;1074;518;16;5;513;5;513;175;166;52;56;107;85;22;34;98;102;22;24;0;3;17;7;0;5;8;3;12;5;0;0;0;0;0;0;0;2;0;21
0.3;08212000;23.02.2025;Bundestagswahl 2025;02122;021-22 Gemeindezentrum Stupferich;21.02.2025 08:17:41 662;627;440;0;1067;522;11;2;520;2;520;207;197;60;58;91;69;23;44;88;85;23;31;0;1;15;9;0;2;5;2;8;4;0;0;0;0;0;0;0;1;0;17
0.3;08212000;23.02.2025;Bundestagswahl 2025;02221;022-21 Lustgartenhalle Hohenwettersbach;21.02.2025 08:17:41 662;628;393;0;1021;556;6;1;555;1;555;156;161;82;67;186;156;27;48;56;55;27;34;0;3;9;3;0;3;1;2;11;5;0;0;0;1;0;0;0;1;0;16
0.3;08212000;23.02.2025;Bundestagswahl 2025;02222;022-22 Lustgartenhalle Hohenwettersbach;21.02.2025 08:17:41 662;689;468;0;1157;601;5;5;596;4;597;210;195;71;78;144;115;31;42;100;98;19;35;0;2;5;3;0;1;4;3;12;5;0;3;0;1;0;0;0;0;0;16
0.3;08212000;23.02.2025;Bundestagswahl 2025;02321;023-21 Hermann-Ringwald-Halle;21.02.2025 08:17:41 662;733;418;0;1151;596;7;4;592;3;593;161;153;119;115;138;111;31;37;93;90;19;31;0;2;12;6;0;3;8;6;11;10;0;2;0;0;0;0;0;0;0;27
0.3;08212000;23.02.2025;Bundestagswahl 2025;02322;023-22 Hermann-Ringwald-Halle;21.02.2025 08:17:41 662;698;454;0;1152;560;7;5;555;3;557;162;150;98;105;126;94;24;31;82;83;37;44;0;2;7;4;0;5;7;6;12;8;0;2;0;0;0;0;0;0;0;23
0.3;08212000;23.02.2025;Bundestagswahl 2025;02421;024-21 Heinz-Barth-Schule;21.02.2025 08:17:41 662;629;425;0;1054;545;3;6;539;2;543;210;204;82;92;104;63;20;36;93;90;13;23;0;2;6;7;0;4;4;3;7;5;0;0;0;1;0;0;0;0;0;13
0.3;08212000;23.02.2025;Bundestagswahl 2025;02422;024-22 Kita Dorfwies;21.02.2025 08:17:41 662;575;375;0;950;487;9;5;482;6;481;140;142;73;75;100;80;36;34;89;86;28;33;0;1;6;0;0;5;4;2;6;5;0;0;0;0;0;0;0;1;0;17
0.3;08212000;23.02.2025;Bundestagswahl 2025;02423;024-23 Rathaus Grünwettersbach;21.02.2025 08:17:41 662;596;419;0;1015;500;7;4;496;4;496;137;119;66;78;107;86;26;27;112;113;30;35;0;0;6;3;0;3;7;3;5;2;0;1;0;1;0;0;0;0;0;25
0.3;08212000;23.02.2025;Bundestagswahl 2025;02521;025-21 Städt. Kindertagesstätte Wettersbach;21.02.2025 08:17:41 662;442;235;0;677;379;3;0;379;0;379;119;116;56;56;79;67;19;20;66;66;26;32;0;1;5;6;0;4;2;0;7;3;0;0;0;0;0;0;0;0;0;8
0.3;08212000;23.02.2025;Bundestagswahl 2025;02522;025-22 Rathaus Palmbach;21.02.2025 08:17:41 662;426;298;0;724;392;2;2;390;0;392;131;120;49;45;79;67;11;18;85;89;19;25;0;2;4;6;0;1;2;0;10;5;0;2;0;0;0;0;0;1;0;11
0.3;08212000;23.02.2025;Bundestagswahl 2025;02621;026-21 Merkur Akademie;21.02.2025 08:17:41 662;596;424;0;1020;515;7;6;509;3;512;136;132;63;72;139;107;23;33;85;90;41;52;0;0;4;1;0;2;10;4;8;8;0;1;0;1;0;0;0;0;0;9
0.3;08212000;23.02.2025;Bundestagswahl 2025;02622;026-22 Rathaus Neureut;21.02.2025 08:17:41 662;745;481;0;1226;574;4;4;570;3;571;137;133;96;94;116;74;35;40;130;128;29;53;0;0;8;6;0;10;5;1;14;14;0;1;0;2;0;0;0;0;0;15
0.3;08212000;23.02.2025;Bundestagswahl 2025;02623;026-23 Nordschule Neureut;21.02.2025 08:17:41 662;803;508;0;1311;660;6;5;655;3;657;211;194;88;97;111;80;45;50;139;141;40;39;0;0;3;3;0;6;6;4;12;9;0;3;0;1;0;0;0;0;0;30
0.3;08212000;23.02.2025;Bundestagswahl 2025;02624;026-24 Schulzentrum Neureut;21.02.2025 08:17:41 662;920;431;0;1351;646;5;7;639;9;637;187;174;94;95;73;63;34;40;195;185;36;40;0;3;6;3;0;1;5;2;9;4;0;1;0;0;0;0;0;0;0;26
0.3;08212000;23.02.2025;Bundestagswahl 2025;02625;026-25 Südschule-Neureut;21.02.2025 08:17:41 662;894;459;0;1353;690;6;5;685;4;686;220;203;114;105;115;89;24;31;134;143;55;59;0;1;6;4;0;2;6;2;10;11;0;0;0;1;1;0;0;1;0;34
0.3;08212000;23.02.2025;Bundestagswahl 2025;02626;026-26 Waldschule Neureut;21.02.2025 08:17:41 662;637;423;0;1060;516;7;1;515;0;516;135;140;56;57;127;102;25;33;126;123;27;31;0;0;4;2;0;0;6;2;9;7;0;1;0;0;0;0;0;0;0;18
0.3;08212000;23.02.2025;Bundestagswahl 2025;02627;026-27 Waldschule Neureut;21.02.2025 08:17:41 662;678;399;0;1077;539;6;1;538;0;539;141;137;67;71;141;119;22;27;107;102;36;39;0;1;8;4;0;4;6;4;9;6;0;0;0;0;1;0;0;3;0;22
0.3;08212000;23.02.2025;Bundestagswahl 2025;02628;026-28 Nordschule Neureut;21.02.2025 08:17:41 662;843;466;0;1309;660;12;6;654;2;658;186;164;92;91;117;95;28;40;150;157;52;65;0;3;8;4;0;8;7;5;14;7;0;1;0;0;0;0;0;0;0;18
0.3;08212000;23.02.2025;Bundestagswahl 2025;02629;026-29 Schulzentrum Neureut;21.02.2025 08:17:41 662;922;408;0;1330;637;3;7;630;4;633;187;174;93;75;97;76;26;39;154;160;42;57;0;1;13;3;0;10;7;1;9;5;0;0;0;2;2;0;0;0;0;30
0.3;08212000;23.02.2025;Bundestagswahl 2025;02630;026-30 Waldschule Neureut;21.02.2025 08:17:41 662;650;393;0;1043;550;7;6;544;3;547;149;149;73;73;164;135;27;29;89;90;20;29;0;0;11;7;0;3;3;2;8;3;0;0;0;1;0;0;0;2;0;24
0.3;08212000;23.02.2025;Bundestagswahl 2025;02631;026-31 Merkur Akademie;21.02.2025 08:17:41 662;591;435;0;1026;465;4;2;463;2;463;137;124;81;83;107;83;21;34;69;74;30;32;0;0;9;2;0;2;5;5;4;1;0;0;0;2;0;0;0;0;0;21
0.3;08212000;23.02.2025;Bundestagswahl 2025;02721;027-21 Marylandschule;21.02.2025 08:17:41 662;861;463;0;1324;612;4;6;606;6;606;95;82;103;108;119;98;34;36;160;152;72;75;0;3;6;2;0;5;4;2;12;7;0;0;0;0;1;0;0;0;0;36
0.3;08212000;23.02.2025;Bundestagswahl 2025;02722;027-22 Marylandschule;21.02.2025 08:17:41 662;750;534;0;1284;565;0;4;561;5;560;90;90;76;78;184;138;13;16;118;118;64;88;0;1;8;1;0;5;1;2;7;4;0;1;0;0;0;0;0;0;0;18
0.3;08212000;23.02.2025;Bundestagswahl 2025;02723;027-23 Marylandschule;21.02.2025 08:17:41 662;836;420;0;1256;641;6;2;639;1;640;99;96;71;75;226;168;15;16;122;117;81;111;0;0;9;4;0;8;8;0;7;4;0;0;0;0;1;0;0;1;0;40
0.3;08212000;23.02.2025;Bundestagswahl 2025;02724;027-24 Marylandschule;21.02.2025 08:17:41 662;924;346;0;1270;751;5;9;742;5;746;126;120;83;90;194;139;13;17;235;220;60;86;0;1;9;4;0;4;7;4;13;9;0;1;0;1;2;0;0;0;0;50
0.3;08212000;23.02.2025;Bundestagswahl 2025;02725;027-25 Marylandschule;21.02.2025 08:17:41 662;735;519;0;1254;574;8;3;571;0;574;111;112;78;64;158;129;22;25;114;107;62;75;0;4;4;0;0;4;8;4;12;9;0;1;0;1;2;0;0;0;0;39
0.3;08212000;23.02.2025;Bundestagswahl 2025;03001;030-01 Briefwahl;21.02.2025 08:17:41 662;0;0;0;0;674;674;1;673;0;674;110;105;91;94;329;267;21;34;35;34;44;95;0;0;5;5;0;4;5;4;32;23;0;0;0;0;1;0;0;0;0;9
0.3;08212000;23.02.2025;Bundestagswahl 2025;03002;030-02 Briefwahl;21.02.2025 08:17:41 662;0;0;0;0;731;731;3;728;1;730;105;94;97;116;351;273;30;47;30;30;80;119;0;0;3;3;0;1;10;6;21;14;0;0;0;0;1;1;0;2;0;24
0.3;08212000;23.02.2025;Bundestagswahl 2025;03003;030-03 Briefwahl;21.02.2025 08:17:41 662;0;0;0;0;642;642;0;642;0;642;128;137;62;82;319;241;24;29;26;27;49;97;0;0;4;2;0;1;5;3;25;16;0;0;0;0;0;0;0;1;0;6
0.3;08212000;23.02.2025;Bundestagswahl 2025;03004;030-04 Briefwahl;21.02.2025 08:17:41 662;0;0;0;0;635;635;2;633;0;635;108;104;60;75;325;247;21;37;26;26;53;100;0;2;2;2;0;5;10;2;25;18;0;3;0;1;3;2;0;1;0;10
0.3;08212000;23.02.2025;Bundestagswahl 2025;03005;030-05 Briefwahl;21.02.2025 08:17:41 662;0;0;0;0;667;667;1;666;0;667;125;105;76;88;317;238;20;38;22;25;67;128;0;1;4;3;0;5;9;3;23;17;0;0;0;3;3;2;0;0;0;11
0.3;08212000;23.02.2025;Bundestagswahl 2025;03006;030-06 Briefwahl;21.02.2025 08:17:41 662;0;0;0;0;707;707;5;702;3;704;132;127;70;100;341;262;32;44;33;33;49;80;0;0;9;8;0;5;9;5;27;19;0;0;0;1;0;1;0;1;0;18
0.3;08212000;23.02.2025;Bundestagswahl 2025;03007;030-07 Briefwahl;21.02.2025 08:17:41 662;0;0;0;0;629;629;2;627;1;628;165;152;77;79;262;237;21;43;32;33;22;35;0;1;9;6;0;6;8;6;29;15;0;0;0;0;2;0;0;0;0;15
0.3;08212000;23.02.2025;Bundestagswahl 2025;03008;030-08 Briefwahl;21.02.2025 08:17:41 662;0;0;0;0;640;640;1;639;1;639;102;92;91;94;301;240;15;27;22;23;69;122;0;1;5;3;0;4;4;4;29;21;0;1;0;1;1;0;0;0;0;6
0.3;08212000;23.02.2025;Bundestagswahl 2025;03009;030-09 Briefwahl;21.02.2025 08:17:41 662;0;0;0;0;651;651;2;649;0;651;133;122;74;105;279;211;31;42;39;42;55;77;0;1;8;4;0;5;7;1;21;21;0;2;0;0;2;1;0;1;0;16
0.3;08212000;23.02.2025;Bundestagswahl 2025;03010;030-10 Briefwahl;21.02.2025 08:17:41 662;0;0;0;0;640;640;0;640;1;639;81;98;90;91;303;236;22;26;26;21;78;124;0;0;4;2;0;3;6;3;29;18;0;0;0;1;1;0;0;1;0;15
0.3;08212000;23.02.2025;Bundestagswahl 2025;03011;030-11 Briefwahl;21.02.2025 08:17:41 662;0;0;0;0;640;640;2;638;2;638;100;105;94;85;293;220;11;20;32;31;71;125;0;0;6;3;0;6;3;2;27;21;0;2;0;0;1;0;0;1;0;17
0.3;08212000;23.02.2025;Bundestagswahl 2025;03012;030-12 Briefwahl;21.02.2025 08:17:41 662;0;0;0;0;692;692;1;691;0;692;166;165;92;107;297;247;26;35;34;38;44;53;0;2;5;5;0;2;4;6;23;18;0;1;0;1;0;0;0;1;0;11
0.3;08212000;23.02.2025;Bundestagswahl 2025;03013;030-13 Briefwahl;21.02.2025 08:17:41 662;0;0;0;0;644;644;1;643;1;643;88;90;70;93;343;266;16;25;26;24;72;110;0;1;2;1;0;2;4;2;22;15;0;1;0;2;0;0;0;1;0;10
0.3;08212000;23.02.2025;Bundestagswahl 2025;03014;030-14 Briefwahl;21.02.2025 08:17:41 662;0;0;0;0;718;718;3;715;2;716;105;96;98;107;340;264;28;41;41;40;63;106;0;1;10;2;0;11;12;9;18;8;0;3;0;0;0;0;0;0;0;28
0.3;08212000;23.02.2025;Bundestagswahl 2025;03015;030-15 Briefwahl;21.02.2025 08:17:41 662;0;0;0;0;653;653;2;651;1;652;124;115;107;104;280;247;25;41;32;33;54;77;0;0;2;3;0;4;7;0;20;13;0;1;0;0;0;0;0;0;0;14
0.3;08212000;23.02.2025;Bundestagswahl 2025;03016;030-16 Briefwahl;21.02.2025 08:17:41 662;0;0;0;0;674;674;4;670;2;672;137;125;98;108;275;213;29;36;41;41;54;89;0;0;4;4;0;3;6;3;26;21;0;0;0;0;0;0;0;0;0;29
0.3;08212000;23.02.2025;Bundestagswahl 2025;03017;030-17 Briefwahl;21.02.2025 08:17:41 662;0;0;0;0;619;619;3;616;0;619;122;126;101;105;266;209;17;28;17;16;55;92;0;1;12;3;0;2;1;1;25;18;0;1;0;1;0;0;0;0;0;16
0.3;08212000;23.02.2025;Bundestagswahl 2025;03018;030-18 Briefwahl;21.02.2025 08:17:41 662;0;0;0;0;676;676;1;675;0;676;161;152;97;106;269;225;22;32;37;40;56;85;0;1;9;2;0;2;6;4;15;13;0;0;0;0;3;0;0;1;0;13
0.3;08212000;23.02.2025;Bundestagswahl 2025;03019;030-19 Briefwahl;21.02.2025 08:17:41 662;0;0;0;0;639;639;6;633;2;637;96;101;80;102;335;263;19;24;20;16;51;93;0;1;4;1;0;3;5;5;22;10;0;1;0;0;1;1;0;0;0;16
0.3;08212000;23.02.2025;Bundestagswahl 2025;03020;030-20 Briefwahl;21.02.2025 08:17:41 662;0;0;0;0;648;648;8;640;1;647;129;122;98;105;277;248;27;36;35;34;45;62;0;3;4;1;0;3;6;1;19;11;0;1;0;0;0;0;0;0;0;20
0.3;08212000;23.02.2025;Bundestagswahl 2025;03021;030-21 Briefwahl;21.02.2025 08:17:41 662;0;0;0;0;629;629;3;626;2;627;93;98;105;104;302;236;16;24;10;12;54;88;0;3;8;3;0;3;10;4;25;21;0;0;0;3;3;1;0;1;0;26
0.3;08212000;23.02.2025;Bundestagswahl 2025;03022;030-22 Briefwahl;21.02.2025 08:17:41 662;0;0;0;0;627;627;3;624;2;625;102;108;113;127;276;213;19;21;22;21;55;89;0;0;4;1;0;2;10;7;23;15;0;0;0;0;0;1;0;1;0;19
0.3;08212000;23.02.2025;Bundestagswahl 2025;03023;030-23 Briefwahl;21.02.2025 08:17:41 662;0;0;0;0;685;685;2;683;0;685;108;107;95;102;327;281;16;19;30;27;66;99;0;4;6;6;0;1;10;5;23;17;0;0;0;0;2;0;0;0;0;17
0.3;08212000;23.02.2025;Bundestagswahl 2025;03024;030-24 Briefwahl;21.02.2025 08:17:41 662;0;0;0;0;622;622;0;622;0;622;178;186;71;86;247;187;30;35;34;35;40;60;0;1;6;4;0;8;3;0;13;9;0;1;0;0;0;0;0;1;0;9
0.3;08212000;23.02.2025;Bundestagswahl 2025;03025;030-25 Briefwahl;21.02.2025 08:17:41 662;0;0;0;0;681;681;0;681;0;681;168;178;87;92;280;218;23;34;35;34;56;86;0;2;6;1;0;5;8;4;18;16;0;1;0;1;0;0;0;0;0;9
0.3;08212000;23.02.2025;Bundestagswahl 2025;03026;030-26 Briefwahl;21.02.2025 08:17:41 662;0;0;0;0;684;684;2;682;1;683;122;128;88;110;334;233;22;29;34;32;48;89;0;0;4;4;0;3;7;4;21;28;0;1;0;1;2;1;0;1;0;19
0.3;08212000;23.02.2025;Bundestagswahl 2025;03027;030-27 Briefwahl;21.02.2025 08:17:41 662;0;0;0;0;609;609;1;608;0;609;98;87;54;73;309;231;16;27;23;26;79;126;0;1;6;4;0;2;6;1;17;13;0;2;0;0;0;0;0;2;0;14
0.3;08212000;23.02.2025;Bundestagswahl 2025;03028;030-28 Briefwahl;21.02.2025 08:17:41 662;0;0;0;0;641;641;4;637;1;640;107;114;91;103;291;222;24;36;29;27;52;89;0;1;9;4;0;7;11;5;23;15;0;0;0;0;0;0;0;0;0;17
0.3;08212000;23.02.2025;Bundestagswahl 2025;03029;030-29 Briefwahl;21.02.2025 08:17:41 662;0;0;0;0;622;622;1;621;0;622;99;99;93;109;276;235;23;27;29;26;54;70;0;1;10;2;0;4;8;6;23;15;0;3;0;0;6;6;0;0;0;19
0.3;08212000;23.02.2025;Bundestagswahl 2025;03030;030-30 Briefwahl;21.02.2025 08:17:41 662;0;0;0;0;641;641;4;637;1;640;150;141;98;107;267;218;22;37;33;32;47;80;0;2;2;1;0;4;3;2;15;9;0;1;0;1;0;0;0;0;0;5
0.3;08212000;23.02.2025;Bundestagswahl 2025;03031;030-31 Briefwahl;21.02.2025 08:17:41 662;0;0;0;0;694;694;4;690;1;693;112;113;92;125;318;245;25;35;30;32;62;91;0;0;7;3;0;3;9;5;35;23;0;2;0;0;0;0;0;0;0;16
0.3;08212000;23.02.2025;Bundestagswahl 2025;03032;030-32 Briefwahl;21.02.2025 08:17:41 662;0;0;0;0;607;607;2;605;1;606;189;181;93;88;168;133;29;38;45;46;42;58;0;2;8;8;0;8;15;5;16;16;0;1;0;1;0;0;0;1;0;20
0.3;08212000;23.02.2025;Bundestagswahl 2025;03033;030-33 Briefwahl;21.02.2025 08:17:41 662;0;0;0;0;564;564;2;562;1;563;131;129;87;94;171;125;21;29;67;64;45;59;0;3;13;5;0;5;6;5;19;12;0;1;0;1;2;0;0;1;0;30
0.3;08212000;23.02.2025;Bundestagswahl 2025;03034;030-34 Briefwahl;21.02.2025 08:17:41 662;0;0;0;0;617;617;6;611;1;616;191;179;135;126;153;137;15;23;53;44;28;47;0;1;10;5;0;11;11;3;15;12;0;1;0;2;0;0;0;0;0;25
0.3;08212000;23.02.2025;Bundestagswahl 2025;03035;030-35 Briefwahl;21.02.2025 08:17:41 662;0;0;0;0;634;634;4;630;0;634;205;199;106;103;159;142;33;46;50;53;37;49;0;1;14;5;0;3;5;0;21;11;0;2;0;2;0;0;0;0;0;18
0.3;08212000;23.02.2025;Bundestagswahl 2025;03036;030-36 Briefwahl;21.02.2025 08:17:41 662;0;0;0;0;664;664;8;656;2;662;95;89;82;83;314;247;13;26;47;51;67;105;0;2;9;6;0;5;8;8;21;16;0;2;0;2;0;0;0;0;0;20
0.3;08212000;23.02.2025;Bundestagswahl 2025;03037;030-37 Briefwahl;21.02.2025 08:17:41 662;0;0;0;0;671;671;2;669;0;671;121;123;93;78;328;279;15;28;33;36;50;88;0;1;3;2;0;4;3;0;22;17;0;1;0;0;1;0;0;0;0;14
0.3;08212000;23.02.2025;Bundestagswahl 2025;03038;030-38 Briefwahl;21.02.2025 08:17:41 662;0;0;0;0;609;609;0;609;0;609;105;105;94;102;265;210;17;22;40;36;39;82;0;3;8;4;0;1;9;3;30;21;0;0;0;2;2;0;0;1;0;17
0.3;08212000;23.02.2025;Bundestagswahl 2025;03039;030-39 Briefwahl;21.02.2025 08:17:41 662;0;0;0;0;732;732;2;730;1;731;141;140;117;126;312;244;24;36;40;41;55;94;0;0;8;5;0;6;4;2;28;19;0;2;0;2;1;0;0;0;0;14
0.3;08212000;23.02.2025;Bundestagswahl 2025;03040;030-40 Briefwahl;21.02.2025 08:17:41 662;0;0;0;0;627;627;2;625;0;627;115;117;69;74;299;241;21;29;30;33;40;87;0;1;13;8;0;0;16;6;22;16;0;0;0;0;0;0;0;0;0;15
0.3;08212000;23.02.2025;Bundestagswahl 2025;03041;030-41 Briefwahl;21.02.2025 08:17:41 662;0;0;0;0;688;688;2;686;0;688;85;78;65;78;389;306;20;32;10;12;66;130;0;0;3;2;0;3;15;10;33;18;0;2;0;2;0;0;0;1;0;14
0.3;08212000;23.02.2025;Bundestagswahl 2025;03042;030-42 Briefwahl;21.02.2025 08:17:41 662;0;0;0;0;660;660;0;660;0;660;135;132;72;88;283;233;23;25;47;47;57;94;0;0;5;1;0;5;7;4;30;15;0;2;0;0;1;1;0;0;0;13
0.3;08212000;23.02.2025;Bundestagswahl 2025;03043;030-43 Briefwahl;21.02.2025 08:17:41 662;0;0;0;0;646;646;0;646;0;646;88;79;65;79;358;272;16;33;12;14;57;119;0;0;7;3;0;2;10;6;32;28;0;2;0;0;1;0;0;1;0;8
0.3;08212000;23.02.2025;Bundestagswahl 2025;03044;030-44 Briefwahl;21.02.2025 08:17:41 662;0;0;0;0;660;660;2;658;2;658;139;138;108;125;242;189;23;34;56;55;47;67;0;1;8;4;0;7;10;10;25;15;0;0;0;2;0;0;0;0;0;11
0.3;08212000;23.02.2025;Bundestagswahl 2025;03045;030-45 Briefwahl;21.02.2025 08:17:41 662;0;0;0;0;601;601;3;598;1;600;109;110;109;104;221;178;19;27;43;45;49;69;0;2;10;5;0;8;7;4;31;19;0;1;0;0;0;0;0;0;0;28
0.3;08212000;23.02.2025;Bundestagswahl 2025;03046;030-46 Briefwahl;21.02.2025 08:17:41 662;0;0;0;0;634;634;3;631;2;632;191;196;100;102;187;165;18;22;46;47;47;54;0;0;5;6;0;4;8;3;29;15;0;3;0;0;0;0;0;0;0;15
0.3;08212000;23.02.2025;Bundestagswahl 2025;03047;030-47 Briefwahl;21.02.2025 08:17:41 662;0;0;0;0;640;640;3;637;1;639;126;118;105;105;222;167;29;30;64;67;40;76;0;2;17;10;0;4;6;5;26;22;0;2;0;0;2;3;0;1;0;27
0.3;08212000;23.02.2025;Bundestagswahl 2025;03048;030-48 Briefwahl;21.02.2025 08:17:41 662;0;0;0;0;693;693;7;686;1;692;125;132;90;103;306;230;29;37;39;39;48;86;0;2;13;5;0;4;10;6;22;21;0;1;0;1;4;1;0;0;0;24
0.3;08212000;23.02.2025;Bundestagswahl 2025;03049;030-49 Briefwahl;21.02.2025 08:17:41 662;0;0;0;0;572;572;10;562;4;568;185;172;135;139;81;74;16;22;87;86;34;34;0;0;11;4;0;6;6;2;7;4;0;1;0;2;0;0;0;0;0;22
0.3;08212000;23.02.2025;Bundestagswahl 2025;03050;030-50 Briefwahl;21.02.2025 08:17:41 662;0;0;0;0;573;573;3;570;0;573;198;193;101;95;93;79;19;20;87;82;35;32;0;0;19;8;0;9;8;4;10;8;0;1;0;3;0;0;0;0;0;39
0.3;08212000;23.02.2025;Bundestagswahl 2025;03051;030-51 Briefwahl;21.02.2025 08:17:41 662;0;0;0;0;542;542;6;536;5;537;162;156;101;100;128;106;17;22;56;46;39;47;0;1;12;8;0;6;9;3;12;16;0;1;0;1;0;0;0;1;0;23
0.3;08212000;23.02.2025;Bundestagswahl 2025;03052;030-52 Briefwahl;21.02.2025 08:17:41 662;0;0;0;0;513;513;10;503;4;509;136;131;115;100;93;86;23;27;70;72;30;36;0;3;11;6;0;10;11;5;12;9;0;0;0;0;2;1;0;0;0;23
0.3;08212000;23.02.2025;Bundestagswahl 2025;03053;030-53 Briefwahl;21.02.2025 08:17:41 662;0;0;0;0;566;566;1;565;0;566;169;163;107;100;130;120;17;25;62;61;35;39;0;2;16;10;0;8;7;4;21;11;0;0;0;1;1;0;0;1;0;21
0.3;08212000;23.02.2025;Bundestagswahl 2025;03054;030-54 Briefwahl;21.02.2025 08:17:41 662;0;0;0;0;581;581;4;577;3;578;190;193;111;99;125;106;24;40;68;64;22;28;0;2;13;9;0;8;8;3;15;11;0;0;0;1;1;0;0;0;0;14
0.3;08212000;23.02.2025;Bundestagswahl 2025;03055;030-55 Briefwahl;21.02.2025 08:17:41 662;0;0;0;0;535;535;3;532;3;532;181;155;91;97;105;86;21;29;54;61;35;36;0;4;19;12;0;10;11;6;14;7;0;1;0;1;1;0;0;0;0;27
0.3;08212000;23.02.2025;Bundestagswahl 2025;03056;030-56 Briefwahl;21.02.2025 08:17:41 662;0;0;0;0;598;598;3;595;1;597;190;176;99;110;142;115;19;20;73;74;38;48;0;0;11;5;0;6;5;0;15;14;0;1;0;1;3;2;0;2;0;23
0.3;08212000;23.02.2025;Bundestagswahl 2025;03057;030-57 Briefwahl;21.02.2025 08:17:41 662;0;0;0;0;530;530;3;527;0;530;132;115;73;82;141;124;31;34;71;68;42;49;0;1;6;4;0;4;6;6;25;17;0;1;0;5;0;0;0;0;0;20
0.3;08212000;23.02.2025;Bundestagswahl 2025;03058;030-58 Briefwahl;21.02.2025 08:17:41 662;0;0;0;0;559;559;1;558;1;558;165;159;87;101;165;133;18;23;59;60;28;40;0;3;10;7;0;6;8;0;18;11;0;0;0;0;0;0;0;0;0;15
0.3;08212000;23.02.2025;Bundestagswahl 2025;03059;030-59 Briefwahl;21.02.2025 08:17:41 662;0;0;0;0;540;540;4;536;0;540;164;156;114;123;139;115;13;22;42;44;26;31;0;4;11;6;0;8;11;4;16;7;0;1;0;0;0;0;0;0;0;19
0.3;08212000;23.02.2025;Bundestagswahl 2025;03060;030-60 Briefwahl;21.02.2025 08:17:41 662;0;0;0;0;521;521;6;515;1;520;158;159;88;90;139;107;24;28;52;52;21;30;0;1;9;4;0;2;11;4;13;12;0;3;0;2;0;0;0;0;0;26
0.3;08212000;23.02.2025;Bundestagswahl 2025;03061;030-61 Briefwahl;21.02.2025 08:17:41 662;0;0;0;0;617;617;1;616;2;615;154;144;129;128;90;74;17;26;131;124;55;45;0;1;12;7;0;9;16;9;11;8;0;1;0;2;1;1;0;1;0;35
0.3;08212000;23.02.2025;Bundestagswahl 2025;03062;030-62 Briefwahl;21.02.2025 08:17:41 662;0;0;0;0;627;627;5;622;3;624;171;144;95;102;135;110;26;41;113;103;41;47;0;2;11;7;0;10;8;4;19;15;0;1;0;0;3;1;0;2;0;35
0.3;08212000;23.02.2025;Bundestagswahl 2025;03063;030-63 Briefwahl;21.02.2025 08:17:41 662;0;0;0;0;626;626;2;624;0;626;168;151;113;123;221;173;24;38;48;42;26;58;0;2;6;5;0;4;4;0;14;13;0;1;0;2;0;0;0;0;0;14
0.3;08212000;23.02.2025;Bundestagswahl 2025;03064;030-64 Briefwahl;21.02.2025 08:17:41 662;0;0;0;0;615;615;7;608;2;613;141;140;96;101;217;177;16;22;45;46;59;75;0;1;9;6;0;3;6;7;18;9;0;0;0;2;1;0;0;0;0;24
0.3;08212000;23.02.2025;Bundestagswahl 2025;03065;030-65 Briefwahl;21.02.2025 08:17:41 662;0;0;0;0;546;546;0;546;0;546;90;86;139;145;211;162;11;18;32;30;40;74;0;1;8;4;0;2;3;2;11;4;0;1;0;3;1;0;0;0;0;14
0.3;08212000;23.02.2025;Bundestagswahl 2025;03066;030-66 Briefwahl;21.02.2025 08:17:41 662;0;0;0;0;523;523;1;522;0;523;145;134;88;84;178;165;9;19;44;45;34;40;0;0;5;4;0;8;6;1;13;6;0;1;0;0;0;0;0;1;0;15
0.3;08212000;23.02.2025;Bundestagswahl 2025;03067;030-67 Briefwahl;21.02.2025 08:17:41 662;0;0;0;0;558;558;5;553;3;555;148;140;85;90;211;183;18;25;24;27;37;59;0;1;7;1;0;4;7;0;13;6;0;1;0;0;3;0;0;2;0;16
0.3;08212000;23.02.2025;Bundestagswahl 2025;03068;030-68 Briefwahl;21.02.2025 08:17:41 662;0;0;0;0;599;599;5;594;2;597;193;183;148;154;140;103;25;34;47;45;23;48;0;1;6;2;0;3;6;5;6;8;0;0;0;0;0;0;0;0;0;11
0.3;08212000;23.02.2025;Bundestagswahl 2025;03069;030-69 Briefwahl;21.02.2025 08:17:41 662;0;0;0;0;555;555;6;549;2;553;152;147;120;117;155;130;16;22;43;47;32;48;0;0;10;4;0;0;5;3;16;9;0;2;0;1;0;0;0;1;0;22
0.3;08212000;23.02.2025;Bundestagswahl 2025;03070;030-70 Briefwahl;21.02.2025 08:17:41 662;0;0;0;0;528;528;2;526;0;528;157;145;102;100;168;129;16;30;22;23;34;53;0;2;3;4;0;5;4;1;20;19;0;0;0;0;0;0;0;2;0;15
0.3;08212000;23.02.2025;Bundestagswahl 2025;03071;030-71 Briefwahl;21.02.2025 08:17:41 662;0;0;0;0;569;569;0;569;0;569;200;197;91;90;156;121;33;42;33;33;30;47;0;1;8;5;0;10;5;3;13;9;0;0;0;0;0;0;0;0;0;11
0.3;08212000;23.02.2025;Bundestagswahl 2025;03072;030-72 Briefwahl;21.02.2025 08:17:41 662;0;0;0;0;585;585;1;584;0;585;225;219;81;85;140;120;43;48;44;48;27;30;0;2;6;3;0;1;1;1;15;10;0;1;0;0;2;1;0;0;0;16
0.3;08212000;23.02.2025;Bundestagswahl 2025;03073;030-73 Briefwahl;21.02.2025 08:17:41 662;0;0;0;0;599;599;4;595;2;597;184;177;107;104;183;158;25;32;40;41;35;45;0;0;4;2;0;7;4;3;13;9;0;1;0;2;0;0;0;0;0;16
0.3;08212000;23.02.2025;Bundestagswahl 2025;03074;030-74 Briefwahl;21.02.2025 08:17:41 662;0;0;0;0;576;576;2;574;1;575;151;153;115;109;192;161;18;31;48;44;32;43;0;1;7;3;0;4;1;1;10;7;0;1;0;0;0;0;0;0;0;17
0.3;08212000;23.02.2025;Bundestagswahl 2025;03075;030-75 Briefwahl;21.02.2025 08:17:41 662;0;0;0;0;557;557;4;553;1;556;129;128;97;95;178;147;21;28;52;52;43;70;0;4;14;6;0;5;7;3;12;7;0;0;0;1;0;0;0;0;0;10
0.3;08212000;23.02.2025;Bundestagswahl 2025;03076;030-76 Briefwahl;21.02.2025 08:17:41 662;0;0;0;0;571;571;1;570;0;571;195;179;90;93;156;115;21;42;67;60;22;43;0;0;5;2;0;5;6;2;8;6;0;0;0;0;0;0;0;1;0;23
0.3;08212000;23.02.2025;Bundestagswahl 2025;03077;030-77 Briefwahl;21.02.2025 08:17:41 662;0;0;0;0;525;525;5;520;0;525;146;144;86;93;160;124;15;18;51;47;35;51;0;0;13;5;0;5;7;3;7;3;0;1;0;0;0;0;0;3;0;28
0.3;08212000;23.02.2025;Bundestagswahl 2025;03078;030-78 Briefwahl;21.02.2025 08:17:41 662;0;0;0;0;546;546;9;537;2;544;118;133;78;79;202;163;27;31;47;46;40;55;0;1;8;3;0;2;4;1;13;13;0;0;0;2;0;0;0;0;0;15
0.3;08212000;23.02.2025;Bundestagswahl 2025;03079;030-79 Briefwahl;21.02.2025 08:17:41 662;0;0;0;0;559;559;4;555;3;556;147;135;94;104;180;138;18;21;45;49;39;67;0;1;7;3;0;10;5;1;20;9;0;1;0;0;0;0;0;0;0;17
0.3;08212000;23.02.2025;Bundestagswahl 2025;03080;030-80 Briefwahl;21.02.2025 08:17:41 662;0;0;0;0;475;475;5;470;2;473;127;119;50;56;180;132;7;16;53;52;24;50;0;1;3;0;0;7;10;6;15;10;0;2;0;1;1;0;0;0;0;21
0.3;08212000;23.02.2025;Bundestagswahl 2025;03081;030-81 Briefwahl;21.02.2025 08:17:41 662;0;0;0;0;493;493;3;490;2;491;147;139;105;99;126;114;18;21;56;56;20;28;0;2;4;1;0;2;6;6;8;6;0;1;0;1;0;0;0;0;0;15
0.3;08212000;23.02.2025;Bundestagswahl 2025;03082;030-82 Briefwahl;21.02.2025 08:17:41 662;0;0;0;0;479;479;4;475;2;477;132;128;74;77;151;125;13;25;51;51;29;33;0;0;4;1;0;3;4;3;17;6;0;2;0;3;0;0;0;0;0;20
0.3;08212000;23.02.2025;Bundestagswahl 2025;03083;030-83 Briefwahl;21.02.2025 08:17:41 662;0;0;0;0;640;640;6;634;3;637;177;172;114;112;171;144;30;48;73;69;28;46;0;2;15;6;0;2;7;3;19;10;0;3;0;1;0;0;0;0;0;19
0.3;08212000;23.02.2025;Bundestagswahl 2025;03084;030-84 Briefwahl;21.02.2025 08:17:41 662;0;0;0;0;571;571;2;569;1;570;180;171;112;108;133;122;27;39;47;48;31;37;0;2;15;6;0;5;6;6;17;8;0;1;0;0;1;1;0;0;0;16
0.3;08212000;23.02.2025;Bundestagswahl 2025;03085;030-85 Briefwahl;21.02.2025 08:17:41 662;0;0;0;0;658;658;6;652;2;656;148;143;118;121;251;195;28;37;41;35;31;68;0;3;14;7;0;4;7;4;14;11;0;0;0;3;0;0;0;0;0;25
0.3;08212000;23.02.2025;Bundestagswahl 2025;03086;030-86 Briefwahl;21.02.2025 08:17:41 662;0;0;0;0;674;674;1;673;1;673;157;150;107;116;237;188;33;49;50;48;48;68;0;2;6;3;0;3;7;3;28;19;0;1;0;1;0;0;0;0;0;22
0.3;08212000;23.02.2025;Bundestagswahl 2025;03087;030-87 Briefwahl;21.02.2025 08:17:41 662;0;0;0;0;548;548;4;544;1;547;227;212;49;58;131;113;45;56;48;49;23;36;0;0;4;3;0;1;4;2;13;5;0;1;0;1;0;0;0;0;0;10
0.3;08212000;23.02.2025;Bundestagswahl 2025;03088;030-88 Briefwahl;21.02.2025 08:17:41 662;0;0;0;0;719;719;5;714;1;718;257;245;93;105;209;160;42;63;65;69;26;34;0;1;6;3;0;3;7;2;9;8;0;1;0;1;0;0;0;1;0;22
0.3;08212000;23.02.2025;Bundestagswahl 2025;03089;030-89 Briefwahl;21.02.2025 08:17:41 662;0;0;0;0;706;706;3;703;0;706;224;226;104;101;200;158;37;50;60;58;37;61;0;1;11;5;0;7;7;5;21;13;0;1;0;0;2;0;0;3;0;17
0.3;08212000;23.02.2025;Bundestagswahl 2025;03090;030-90 Briefwahl;21.02.2025 08:17:41 662;0;0;0;0;641;641;3;638;1;640;177;189;97;101;187;152;45;33;57;61;43;49;0;0;9;2;0;7;16;9;5;9;0;2;0;2;2;0;0;1;0;23
0.3;08212000;23.02.2025;Bundestagswahl 2025;03091;030-91 Briefwahl;21.02.2025 08:17:41 662;0;0;0;0;690;690;5;685;2;688;185;190;95;108;241;178;42;55;39;41;52;60;0;1;7;7;0;0;4;5;15;12;0;1;0;1;5;0;0;1;0;28
0.3;08212000;23.02.2025;Bundestagswahl 2025;03092;030-92 Briefwahl;21.02.2025 08:17:41 662;0;0;0;0;646;646;6;640;1;645;150;146;132;129;197;151;31;41;54;54;37;62;0;0;7;1;0;8;8;6;23;18;0;0;0;1;1;0;0;3;0;25
0.3;08212000;23.02.2025;Bundestagswahl 2025;03093;030-93 Briefwahl;21.02.2025 08:17:41 662;0;0;0;0;727;727;6;721;2;725;194;189;156;148;204;170;26;36;57;56;43;57;0;3;14;10;0;4;9;5;18;14;0;1;0;0;0;0;0;1;0;31
0.3;08212000;23.02.2025;Bundestagswahl 2025;03094;030-94 Briefwahl;21.02.2025 08:17:41 662;0;0;0;0;729;729;6;723;2;727;151;146;129;137;235;191;28;31;71;72;59;83;0;1;9;3;0;6;4;4;35;23;0;2;0;0;2;1;0;1;0;26
0.3;08212000;23.02.2025;Bundestagswahl 2025;03095;030-95 Briefwahl;21.02.2025 08:17:41 662;0;0;0;0;737;737;3;734;0;737;160;158;143;122;264;234;29;32;62;61;53;77;0;3;8;3;0;5;4;6;11;9;0;1;0;6;0;0;0;1;0;19
0.3;08212000;23.02.2025;Bundestagswahl 2025;03096;030-96 Briefwahl;21.02.2025 08:17:41 662;0;0;0;0;703;703;7;696;2;701;108;107;105;113;299;238;12;18;55;49;71;104;0;3;12;3;0;9;13;6;21;16;0;1;0;1;0;1;0;0;0;32
0.3;08212000;23.02.2025;Bundestagswahl 2025;04001;040-01 Briefwahl;21.02.2025 08:17:41 662;0;0;0;0;624;624;3;621;2;622;204;209;102;108;163;134;29;34;60;62;33;35;0;1;9;5;0;5;6;1;14;9;0;3;0;1;1;0;0;0;0;15
0.3;08212000;23.02.2025;Bundestagswahl 2025;04002;040-02 Briefwahl;21.02.2025 08:17:41 662;0;0;0;0;576;576;2;574;0;576;169;168;115;112;184;152;15;22;51;54;16;30;0;0;9;4;0;7;4;0;10;7;0;0;0;0;1;1;0;0;0;19
0.3;08212000;23.02.2025;Bundestagswahl 2025;04003;040-03 Briefwahl;21.02.2025 08:17:41 662;0;0;0;0;511;511;1;510;1;510;206;199;78;80;122;107;27;36;36;34;20;26;0;1;7;2;0;2;4;4;10;9;0;0;0;0;0;0;0;0;0;10
0.3;08212000;23.02.2025;Bundestagswahl 2025;04004;040-04 Briefwahl;21.02.2025 08:17:41 662;0;0;0;0;577;577;2;575;1;576;183;176;135;131;140;120;17;32;43;40;32;30;0;1;9;2;0;8;4;4;12;7;0;1;0;1;0;0;0;1;0;22
0.3;08212000;23.02.2025;Bundestagswahl 2025;04005;040-05 Briefwahl;21.02.2025 08:17:41 662;0;0;0;0;443;443;2;441;2;441;229;202;37;43;74;72;10;21;47;50;24;17;0;0;9;10;0;2;1;0;10;5;0;0;0;0;0;0;0;0;0;19
0.3;08212000;23.02.2025;Bundestagswahl 2025;04006;040-06 Briefwahl;21.02.2025 08:17:41 662;0;0;0;0;415;415;1;414;1;414;183;178;63;63;97;88;16;21;27;28;5;8;0;0;16;8;0;1;2;2;5;6;0;1;0;0;0;0;0;0;0;10
0.3;08212000;23.02.2025;Bundestagswahl 2025;04007;040-07 Briefwahl;21.02.2025 08:17:41 662;0;0;0;0;384;384;4;380;0;384;139;131;50;49;117;106;18;29;39;40;9;14;0;0;4;2;0;1;0;0;4;3;0;1;0;1;0;0;0;1;0;6
0.3;08212000;23.02.2025;Bundestagswahl 2025;04008;040-08 Briefwahl;21.02.2025 08:17:41 662;0;0;0;0;442;442;3;439;0;442;165;156;72;73;114;103;19;27;40;38;14;17;0;1;9;4;0;4;1;1;5;3;0;0;0;4;0;0;0;0;0;11
0.3;08212000;23.02.2025;Bundestagswahl 2025;04009;040-09 Briefwahl;21.02.2025 08:17:41 662;0;0;0;0;399;399;0;399;0;399;120;127;85;78;96;71;22;23;31;35;22;32;0;0;7;3;0;3;7;4;9;9;0;2;0;0;0;0;0;0;0;12
0.3;08212000;23.02.2025;Bundestagswahl 2025;04010;040-10 Briefwahl;21.02.2025 08:17:41 662;0;0;0;0;425;425;1;424;0;425;129;122;80;81;100;86;11;21;49;50;24;25;0;1;9;7;0;3;11;5;11;8;0;1;0;0;0;0;0;0;0;15
0.3;08212000;23.02.2025;Bundestagswahl 2025;04011;040-11 Briefwahl;21.02.2025 08:17:41 662;0;0;0;0;604;604;4;600;2;602;239;236;88;82;133;113;29;33;58;59;19;32;0;1;14;10;0;2;7;3;13;11;0;0;0;2;0;0;0;0;0;18
0.3;08212000;23.02.2025;Bundestagswahl 2025;04012;040-12 Briefwahl;21.02.2025 08:17:41 662;0;0;0;0;543;543;7;536;4;539;188;182;97;106;117;97;23;29;69;67;29;28;0;0;4;3;0;5;2;2;6;8;0;0;0;0;1;1;0;0;0;11
0.3;08212000;23.02.2025;Bundestagswahl 2025;04013;040-13 Briefwahl;21.02.2025 08:17:41 662;0;0;0;0;502;502;2;500;1;501;185;173;84;77;102;97;27;33;52;57;25;24;0;1;7;5;0;2;7;3;11;3;0;1;0;0;0;0;0;0;0;25
0.3;08212000;23.02.2025;Bundestagswahl 2025;04014;040-14 Briefwahl;21.02.2025 08:17:41 662;0;0;0;0;651;651;2;649;1;650;233;226;114;116;176;140;21;33;47;46;32;50;0;2;2;6;0;1;7;3;16;11;0;0;0;2;1;1;0;0;0;13
0.3;08212000;23.02.2025;Bundestagswahl 2025;04015;040-15 Briefwahl;21.02.2025 08:17:41 662;0;0;0;0;655;655;4;651;2;653;215;199;117;109;152;110;28;39;82;84;26;45;0;1;7;2;0;12;9;5;14;12;0;2;0;1;1;0;0;3;0;29
0.3;08212000;23.02.2025;Bundestagswahl 2025;04016;040-16 Briefwahl;21.02.2025 08:17:41 662;0;0;0;0;751;751;7;744;1;750;230;210;127;142;215;159;30;56;74;74;27;46;0;4;18;6;0;8;7;6;16;10;0;1;0;2;0;0;0;0;0;26
0.3;08212000;23.02.2025;Bundestagswahl 2025;04017;040-17 Briefwahl;21.02.2025 08:17:41 662;0;0;0;0;649;649;3;646;2;647;239;240;113;111;158;125;21;27;69;71;24;35;0;1;6;5;0;3;5;5;11;10;0;0;0;2;0;0;0;0;0;12
0.3;08212000;23.02.2025;Bundestagswahl 2025;04018;040-18 Briefwahl;21.02.2025 08:17:41 662;0;0;0;0;633;633;0;633;0;633;223;200;81;96;157;124;39;41;62;70;33;41;0;3;8;8;0;13;6;3;24;14;0;3;0;0;0;0;0;1;0;16
0.3;08212000;23.02.2025;Bundestagswahl 2025;04019;040-19 Briefwahl;21.02.2025 08:17:41 662;0;0;0;0;605;605;7;598;3;602;167;168;104;101;166;137;27;34;78;72;20;34;0;0;10;9;0;10;10;4;14;13;0;0;0;1;2;1;0;0;0;18
0.3;08212000;23.02.2025;Bundestagswahl 2025;04020;040-20 Briefwahl;21.02.2025 08:17:41 662;0;0;0;0;609;609;2;607;2;607;224;207;86;82;134;128;30;40;74;74;19;31;0;1;11;5;0;6;12;4;17;5;0;1;0;0;0;0;0;0;0;23
