version;wahl-behoerde-gs;wahl-datum;wahl-name;bezirk-nr;bezirk-name;zeitstempel-erfassung;A1;A2;A3;A;B;B2;C;D;D1;D2;D3;D4;D5;D6;D7;D8;D9;D10;D11;D12;D13;D14;D15;D16
0.3;05111000;13.09.2020;Ratswahl NRW;0101;0101 Adam-Stegerwald-Straße 14;14.09.2020 14:42:00;1069;131;0;1200;262;0;4;258;67;66;14;36;8;32;3;18;4;5;;;4;;1;0
0.3;05111000;13.09.2020;Ratswahl NRW;0102;0102 Adam-Stegerwald-Straße 14;13.09.2020 18:47:37;1036;52;0;1088;206;0;2;204;32;72;15;7;17;32;0;18;5;2;;;1;;2;1
0.3;05111000;13.09.2020;Ratswahl NRW;0103;0103 Stettiner Straße 98;13.09.2020 20:18:10;1201;164;0;1365;324;0;4;320;81;95;30;15;15;53;1;12;9;7;;;1;;1;0
0.3;05111000;13.09.2020;Ratswahl NRW;0104;0104 Stettiner Straße 98;13.09.2020 20:32:41;1305;196;0;1501;375;0;9;366;94;104;41;16;19;52;2;12;6;8;;;3;7;2;
0.3;05111000;13.09.2020;Ratswahl NRW;0105;0105 Neustrelitzer Straße 10;13.09.2020 19:41:25;1344;142;0;1486;248;0;3;245;59;74;17;15;12;37;1;8;10;9;;;0;0;3;
0.3;05111000;13.09.2020;Ratswahl NRW;0106;0106 Josef-Kleesattel-Straße 13;15.09.2020 08:44:42;1353;259;0;1612;475;0;3;472;135;124;58;22;9;72;8;7;8;10;;;3;12;4;
0.3;05111000;13.09.2020;Ratswahl NRW;0107;0107 Josef-Kleesattel-Straße 13;16.09.2020 10:44:35;1238;227;0;1465;383;0;4;379;120;82;44;20;14;51;3;17;7;13;;;3;5;0;
0.3;05111000;13.09.2020;Ratswahl NRW;0108;0108 Emil-Barth-Straße 45;16.09.2020 10:44:55;1277;215;0;1492;528;0;2;526;148;136;44;16;15;64;2;51;8;15;;;7;;16;4
0.3;05111000;13.09.2020;Ratswahl NRW;0109;0109 Ricarda-Huch-Straße 1;13.09.2020 20:16:59;1292;296;0;1588;498;0;6;492;162;121;53;27;17;52;0;30;4;9;;;5;;6;6
0.3;05111000;13.09.2020;Ratswahl NRW;0190;0190 Briefwahlbezirk;13.09.2020 20:34:57;0;0;0;0;731;731;23;708;265;174;90;33;27;52;4;20;4;17;;;5;14;3;
0.3;05111000;13.09.2020;Ratswahl NRW;0191;0191 Briefwahlbezirk;13.09.2020 21:11:23;0;0;0;0;755;755;9;746;256;207;73;40;15;50;5;66;1;14;;;8;;11;0
0.3;05111000;13.09.2020;Ratswahl NRW;0201;0201 Ingeborg-Bachmann-Straße 31;16.09.2020 10:45:15;739;236;0;975;338;0;3;335;125;66;59;18;10;31;1;10;0;8;;;3;;4;0
0.3;05111000;13.09.2020;Ratswahl NRW;0202;0202 Ingeborg-Bachmann-Straße 31;16.09.2020 10:45:30;728;259;0;987;346;0;1;345;139;48;75;23;13;33;1;6;2;1;;;2;;1;1
0.3;05111000;13.09.2020;Ratswahl NRW;0203;0203 Ingeborg-Bachmann-Straße 31;16.09.2020 10:45:48;1035;375;0;1410;570;0;9;561;228;115;82;41;13;42;2;13;4;8;;;2;;8;3
0.3;05111000;13.09.2020;Ratswahl NRW;0204;0204 Ingeborg-Bachmann-Straße 31;16.09.2020 10:46:06;996;336;0;1332;537;0;6;531;224;91;90;38;9;36;4;16;2;11;;;4;;3;3
0.3;05111000;13.09.2020;Ratswahl NRW;0290;0290 Briefwahlbezirk;13.09.2020 22:34:14;0;0;0;0;1051;1051;4;1047;440;185;188;79;27;30;3;43;3;14;;;19;;10;6
0.3;05111000;13.09.2020;Ratswahl NRW;1101;1101 Eiskellerstraße 11;16.09.2020 10:46:28;1393;394;0;1787;422;0;1;421;157;61;77;61;19;14;0;0;2;3;;;1;10;16;
0.3;05111000;13.09.2020;Ratswahl NRW;1190;1190 Briefwahlbezirk;13.09.2020 20:51:36;0;0;0;0;295;295;2;293;166;22;49;38;5;3;0;1;0;1;;;1;4;3;
0.3;05111000;13.09.2020;Ratswahl NRW;1201;1201 Bastionstraße 24;16.09.2020 10:46:47;1234;614;0;1848;632;0;3;629;298;50;103;126;14;15;0;0;0;4;;;0;6;13;
0.3;05111000;13.09.2020;Ratswahl NRW;1290;1290 Briefwahlbezirk;13.09.2020 22:19:14;0;0;0;0;517;517;2;515;288;24;63;106;12;2;4;0;0;2;;;2;6;6;
0.3;05111000;13.09.2020;Ratswahl NRW;1301;1301 Königsallee 57;16.09.2020 10:47:09;1411;467;0;1878;449;0;1;448;136;72;104;70;23;14;1;1;1;2;;;2;12;10;
0.3;05111000;13.09.2020;Ratswahl NRW;1302;1302 Charlottenstraße 110;16.09.2020 10:47:28;1079;265;0;1344;292;0;3;289;51;56;92;34;11;10;2;4;1;11;;;1;8;8;
0.3;05111000;13.09.2020;Ratswahl NRW;1303;1303 Charlottenstraße 110;16.09.2020 10:47:48;993;198;0;1191;230;0;4;226;54;30;66;34;16;8;2;0;0;6;;;3;3;4;
0.3;05111000;13.09.2020;Ratswahl NRW;1304;1304 Charlottenstraße 110;16.09.2020 10:48:02;1191;285;0;1476;248;0;3;245;48;48;77;11;21;11;0;1;0;4;;;5;11;8;
0.3;05111000;13.09.2020;Ratswahl NRW;1305;1305 Charlottenstraße 110;16.09.2020 10:48:27;1164;331;0;1495;428;0;2;426;120;71;108;41;29;12;4;2;1;4;;;6;14;14;
0.3;05111000;13.09.2020;Ratswahl NRW;1306;1306 Pempelforter Straße 40;16.09.2020 10:48:45;992;278;0;1270;319;0;4;315;84;54;77;32;21;10;3;2;1;8;2;;3;10;8;
0.3;05111000;13.09.2020;Ratswahl NRW;1307;1307 Gerresheimer Straße 34;13.09.2020 20:07:51;806;153;0;959;199;0;4;195;49;35;50;9;16;8;3;0;1;3;4;;1;10;6;
0.3;05111000;13.09.2020;Ratswahl NRW;1390;1390 Briefwahlbezirk;13.09.2020 23:21:25;0;0;0;0;358;358;4;354;136;36;82;55;8;12;2;0;0;1;;;2;6;14;
0.3;05111000;13.09.2020;Ratswahl NRW;1391;1391 Briefwahlbezirk;13.09.2020 21:23:57;0;0;0;0;843;843;1;842;238;132;219;106;53;19;4;2;0;13;;;5;24;27;
0.3;05111000;13.09.2020;Ratswahl NRW;1392;1392 Briefwahlbezirk;13.09.2020 21:40:31;0;0;0;0;355;355;0;355;84;50;127;37;16;6;2;4;0;3;2;;1;11;12;
0.3;05111000;13.09.2020;Ratswahl NRW;1401;1401 Pempelforter Straße 40;16.09.2020 10:49:05;1090;573;0;1663;521;0;2;519;137;72;160;58;17;15;6;5;2;3;3;;2;12;27;
0.3;05111000;13.09.2020;Ratswahl NRW;1402;1402 Bongardstraße 9;16.09.2020 10:49:21;1215;505;0;1720;620;0;4;616;168;88;198;46;48;18;5;2;0;6;4;;6;12;15;
0.3;05111000;13.09.2020;Ratswahl NRW;1403;1403 Franklinstraße 5;13.09.2020 19:47:53;1244;487;0;1731;560;0;0;560;114;106;192;44;33;23;4;2;0;5;6;;2;15;14;
0.3;05111000;13.09.2020;Ratswahl NRW;1404;1404 Pempelforter Straße 40;16.09.2020 10:49:43;1450;649;0;2099;646;0;0;646;196;100;182;93;23;17;0;4;1;5;3;;1;10;11;
0.3;05111000;13.09.2020;Ratswahl NRW;1405;1405 Franklinstraße 5;16.09.2020 10:50:14;1394;470;0;1864;538;0;10;528;136;87;154;50;26;24;8;2;1;5;0;;5;12;18;
0.3;05111000;13.09.2020;Ratswahl NRW;1406;1406 Franklinstraße 5;16.09.2020 10:50:33;1285;407;0;1692;502;0;4;498;105;96;183;27;23;13;6;2;1;8;1;;5;14;14;
0.3;05111000;13.09.2020;Ratswahl NRW;1407;1407 Gneisenaustraße 58-60;16.09.2020 10:50:56;1250;669;0;1919;548;0;4;544;191;77;139;78;14;16;1;2;0;2;;;3;8;13;
0.3;05111000;13.09.2020;Ratswahl NRW;1408;1408 Gneisenaustraße 58-60;16.09.2020 12:15:25;1163;618;0;1781;544;0;2;542;129;97;183;56;20;20;6;2;0;8;0;;3;8;10;
0.3;05111000;13.09.2020;Ratswahl NRW;1409;1409 Bongardstraße 9;14.09.2020 14:40:39;1150;642;0;1792;541;0;5;536;163;90;154;61;23;9;2;3;0;6;0;;2;12;11;
0.3;05111000;13.09.2020;Ratswahl NRW;1410;1410 Bongardstraße 9;16.09.2020 12:15:47;1215;485;0;1700;505;0;4;501;119;86;168;46;25;17;2;0;0;8;1;;3;12;14;
0.3;05111000;13.09.2020;Ratswahl NRW;1411;1411 Scharnhorststraße 8;16.09.2020 12:16:01;1234;481;0;1715;507;0;0;507;126;85;160;45;28;17;3;4;0;10;1;;2;9;17;
0.3;05111000;13.09.2020;Ratswahl NRW;1412;1412 Scharnhorststraße 8;13.09.2020 19:22:52;1276;458;0;1734;579;0;2;577;170;109;167;35;38;17;6;3;1;6;3;;0;8;14;
0.3;05111000;13.09.2020;Ratswahl NRW;1413;1413 Lennestraße 5;16.09.2020 12:16:19;1203;352;0;1555;474;0;5;469;99;87;159;43;22;19;1;2;0;3;1;;3;15;15;
0.3;05111000;13.09.2020;Ratswahl NRW;1414;1414 Lennestraße 5;16.09.2020 12:16:42;1354;710;0;2064;593;0;3;590;164;91;192;71;10;22;1;6;1;1;0;;5;9;17;
0.3;05111000;13.09.2020;Ratswahl NRW;1490;1490 Briefwahlbezirk;13.09.2020 21:15:54;0;0;0;0;594;594;2;592;258;63;120;96;12;9;2;3;0;11;;;5;5;8;
0.3;05111000;13.09.2020;Ratswahl NRW;1491;1491 Briefwahlbezirk;13.09.2020 21:34:53;0;0;0;0;1328;1328;2;1326;440;224;348;139;51;24;6;6;0;21;5;;6;16;40;
0.3;05111000;13.09.2020;Ratswahl NRW;1492;1492 Briefwahlbezirk;13.09.2020 21:18:45;0;0;0;0;912;912;1;911;310;141;250;114;25;13;4;2;1;7;7;;5;18;14;
0.3;05111000;13.09.2020;Ratswahl NRW;1493;1493 Briefwahlbezirk;13.09.2020 21:08:42;0;0;0;0;329;329;4;325;75;59;111;21;18;5;2;2;0;7;1;;2;4;18;
0.3;05111000;13.09.2020;Ratswahl NRW;1494;1494 Briefwahlbezirk;13.09.2020 22:24:45;0;0;0;0;1091;1091;1;1090;358;162;312;125;39;16;3;8;1;8;2;;6;23;27;
0.3;05111000;13.09.2020;Ratswahl NRW;1495;1495 Briefwahlbezirk;13.09.2020 21:44:56;0;0;0;0;1224;1224;6;1218;382;188;328;132;41;26;6;12;0;14;3;;9;22;55;
0.3;05111000;13.09.2020;Ratswahl NRW;1496;1496 Briefwahlbezirk;13.09.2020 22:01:32;0;0;0;0;911;911;3;908;301;86;275;136;23;13;4;7;2;8;3;;5;19;26;
0.3;05111000;13.09.2020;Ratswahl NRW;1501;1501 Ottweilerstraße 20;13.09.2020 19:07:14;1335;403;0;1738;519;0;5;514;124;118;140;25;26;23;7;2;0;9;;;7;14;19;
0.3;05111000;13.09.2020;Ratswahl NRW;1502;1502 Scharnhorststraße 8;16.09.2020 12:17:24;1172;367;0;1539;437;0;0;437;115;111;117;32;12;15;1;1;2;7;;;5;7;12;
0.3;05111000;13.09.2020;Ratswahl NRW;1503;1503 Essener Straße 1;16.09.2020 12:18:14;1080;444;0;1524;467;0;1;466;117;85;132;37;32;16;8;2;1;9;;;4;8;15;
0.3;05111000;13.09.2020;Ratswahl NRW;1504;1504 Essener Straße 1;16.09.2020 12:18:55;1043;330;0;1373;371;0;4;367;90;74;87;29;24;19;3;3;1;12;;;3;9;13;
0.3;05111000;13.09.2020;Ratswahl NRW;1505;1505 Essener Straße 1;16.09.2020 12:19:12;1245;443;0;1688;458;0;2;456;87;113;127;29;30;25;8;4;2;5;;;4;9;13;
0.3;05111000;13.09.2020;Ratswahl NRW;1506;1506 Münsterstraße 156;16.09.2020 12:19:28;1306;401;0;1707;472;0;2;470;115;117;130;45;22;12;3;1;0;4;;;4;7;10;
0.3;05111000;13.09.2020;Ratswahl NRW;1507;1507 Ottweilerstraße 20;16.09.2020 12:19:43;684;315;0;999;240;0;1;239;68;48;57;23;11;11;0;5;0;3;;;4;6;3;
0.3;05111000;13.09.2020;Ratswahl NRW;1508;1508 Münsterstraße 156;16.09.2020 12:19:58;1029;386;0;1415;367;0;2;365;98;98;85;18;20;17;2;1;0;3;;;4;7;12;
0.3;05111000;13.09.2020;Ratswahl NRW;1509;1509 Tersteegenstraße 62;16.09.2020 12:20:21;805;362;0;1167;323;0;4;319;95;52;97;29;15;4;5;2;0;4;;;0;6;10;
0.3;05111000;13.09.2020;Ratswahl NRW;1510;1510 Ottweilerstraße 20;16.09.2020 12:20:51;936;304;0;1240;386;0;2;384;68;125;98;36;20;10;3;1;0;13;;;4;5;1;
0.3;05111000;13.09.2020;Ratswahl NRW;1511;1511 Ottweilerstraße 20;16.09.2020 12:21:19;816;327;0;1143;385;0;4;381;95;75;121;28;13;18;4;2;0;8;;;3;5;9;
0.3;05111000;13.09.2020;Ratswahl NRW;1590;1590 Briefwahlbezirk;13.09.2020 21:31:59;0;0;0;0;339;339;2;337;88;64;96;36;13;8;4;6;1;4;;;3;7;7;
0.3;05111000;13.09.2020;Ratswahl NRW;1591;1591 Briefwahlbezirk;13.09.2020 20:20:22;0;0;0;0;933;933;3;930;246;209;241;81;43;24;5;4;1;12;;;10;27;27;
0.3;05111000;13.09.2020;Ratswahl NRW;1592;1592 Briefwahlbezirk;13.09.2020 20:50:45;0;0;0;0;927;927;2;925;271;189;247;78;42;15;5;8;0;8;;;16;24;22;
0.3;05111000;13.09.2020;Ratswahl NRW;1593;1593 Briefwahlbezirk;13.09.2020 20:43:51;0;0;0;0;299;299;3;296;104;56;59;29;10;12;2;3;0;5;;;1;6;9;
0.3;05111000;13.09.2020;Ratswahl NRW;1594;1594 Briefwahlbezirk;13.09.2020 21:44:37;0;0;0;0;838;838;5;833;278;178;205;74;18;15;8;7;0;6;;;2;21;21;
0.3;05111000;13.09.2020;Ratswahl NRW;1601;1601 Tersteegenstraße 62;16.09.2020 12:21:44;1244;400;0;1644;569;0;6;563;194;103;111;61;19;30;4;1;2;16;;;4;9;9;
0.3;05111000;13.09.2020;Ratswahl NRW;1602;1602 Tersteegenstraße 62;16.09.2020 16:53:38;1179;610;0;1789;613;0;3;610;268;89;114;65;12;18;1;2;2;11;;;3;10;15;
0.3;05111000;13.09.2020;Ratswahl NRW;1603;1603 Rolandstraße 40;16.09.2020 16:53:56;807;567;0;1374;377;0;7;370;132;52;90;54;8;8;3;1;0;8;;;2;6;6;
0.3;05111000;13.09.2020;Ratswahl NRW;1604;1604 Rolandstraße 40;13.09.2020 21:48:19;1227;613;0;1840;687;0;14;673;174;115;230;48;35;17;10;1;1;6;;;2;14;20;
0.3;05111000;13.09.2020;Ratswahl NRW;1605;1605 Rolandstraße 40;16.09.2020 16:54:12;1015;468;0;1483;509;0;6;503;115;96;170;42;20;16;4;3;0;10;;;2;7;18;
0.3;05111000;13.09.2020;Ratswahl NRW;1606;1606 Rolandstraße 40;16.09.2020 16:54:25;988;569;0;1557;593;0;5;588;158;99;206;60;23;13;1;3;0;0;;;0;13;12;
0.3;05111000;13.09.2020;Ratswahl NRW;1690;1690 Briefwahlbezirk;13.09.2020 22:03:46;0;0;0;0;1388;1388;3;1385;642;159;270;192;32;26;6;4;0;24;;;2;9;19;
0.3;05111000;13.09.2020;Ratswahl NRW;1691;1691 Briefwahlbezirk;13.09.2020 21:07:13;0;0;0;0;1434;1434;2;1432;468;243;426;141;50;13;5;13;0;11;;;7;20;35;
0.3;05111000;13.09.2020;Ratswahl NRW;2101;2101 Hubbelrather Straße 13;13.09.2020 19:33:20;1237;256;0;1493;368;0;7;361;54;99;109;;39;16;5;3;3;4;0;;10;12;7;
0.3;05111000;13.09.2020;Ratswahl NRW;2102;2102 Hubbelrather Straße 13;16.09.2020 16:54:48;1113;247;0;1360;320;0;3;317;71;114;72;;22;16;2;0;0;2;2;;3;7;6;
0.3;05111000;13.09.2020;Ratswahl NRW;2103;2103 Hubbelrather Straße 13;16.09.2020 16:55:08;1307;292;0;1599;430;0;2;428;96;114;115;;36;18;1;2;2;6;0;;8;14;16;
0.3;05111000;13.09.2020;Ratswahl NRW;2104;2104 Hubbelrather Straße 13;13.09.2020 20:21:44;970;166;0;1136;240;0;2;238;30;63;64;;30;17;1;5;0;6;2;;5;4;11;
0.3;05111000;13.09.2020;Ratswahl NRW;2105;2105 Hubbelrather Straße 13;16.09.2020 16:55:22;1140;192;0;1332;243;0;2;241;29;45;115;;27;4;3;1;0;1;0;;3;12;1;
0.3;05111000;13.09.2020;Ratswahl NRW;2190;2190 Briefwahlbezirk;13.09.2020 20:26:32;0;0;0;0;433;433;3;430;104;112;122;;31;6;3;2;1;8;1;;9;17;14;
0.3;05111000;13.09.2020;Ratswahl NRW;2191;2191 Briefwahlbezirk;13.09.2020 20:37:33;0;0;0;0;545;545;3;542;119;135;154;;54;15;5;4;2;4;1;;10;18;21;
0.3;05111000;13.09.2020;Ratswahl NRW;2201;2201 Rethelstraße 13;16.09.2020 16:55:40;1296;409;0;1705;461;0;3;458;85;88;142;48;28;19;4;3;1;6;1;;8;11;14;
0.3;05111000;13.09.2020;Ratswahl NRW;2202;2202 Lindenstraße 102;16.09.2020 18:14:23;1156;540;0;1696;597;0;6;591;111;111;223;34;43;13;3;1;0;8;1;;12;13;18;
0.3;05111000;13.09.2020;Ratswahl NRW;2203;2203 Ackerstraße 174;16.09.2020 17:01:05;1259;476;0;1735;623;0;4;619;112;129;217;50;44;7;2;2;0;11;3;;8;15;19;
0.3;05111000;13.09.2020;Ratswahl NRW;2204;2204 Ackerstraße 174;16.09.2020 17:01:33;923;326;0;1249;351;0;4;347;54;71;126;11;38;7;3;3;0;6;1;;5;12;10;
0.3;05111000;13.09.2020;Ratswahl NRW;2205;2205 Karl-Müller-Straße 25;16.09.2020 17:01:51;1119;597;0;1716;669;0;3;666;131;116;279;36;43;13;1;4;1;6;;;11;17;8;
0.3;05111000;13.09.2020;Ratswahl NRW;2206;2206 Flurstraße 59;16.09.2020 17:02:13;1009;273;0;1282;430;0;6;424;84;127;138;;26;13;2;1;1;3;2;;1;18;8;
0.3;05111000;13.09.2020;Ratswahl NRW;2207;2207 Karl-Müller-Straße 25;16.09.2020 17:02:36;1905;958;0;2863;779;0;5;774;239;161;190;83;35;22;4;5;1;4;;;1;18;11;
0.3;05111000;13.09.2020;Ratswahl NRW;2208;2208 Schlüterstraße 18 - 20;13.09.2020 19:17:31;1099;133;0;1232;294;0;7;287;98;66;42;23;18;22;3;1;0;7;;;1;4;2;
0.3;05111000;13.09.2020;Ratswahl NRW;2209;2209 Flurstraße 59;13.09.2020 19:10:19;1082;255;0;1337;311;0;0;311;70;84;69;28;16;17;1;0;1;6;;;2;10;7;
0.3;05111000;13.09.2020;Ratswahl NRW;2210;2210 Schlüterstraße 18 - 20;16.09.2020 17:02:55;1045;141;0;1186;191;0;5;186;40;55;29;12;8;24;4;1;1;6;;;3;2;1;
0.3;05111000;13.09.2020;Ratswahl NRW;2211;2211 Lindenstraße 102;16.09.2020 17:03:18;899;213;0;1112;339;0;4;335;63;97;98;;31;9;2;3;0;7;0;;3;16;6;
0.3;05111000;13.09.2020;Ratswahl NRW;2212;2212 Lindenstraße 102;16.09.2020 17:03:38;1366;397;0;1763;503;0;4;499;86;132;166;;40;10;5;3;1;8;4;;10;23;11;
0.3;05111000;13.09.2020;Ratswahl NRW;2290;2290 Briefwahlbezirk;13.09.2020 20:30:37;0;0;0;0;789;789;5;784;184;134;276;79;35;9;3;2;1;8;1;;11;16;25;
0.3;05111000;13.09.2020;Ratswahl NRW;2291;2291 Briefwahlbezirk;13.09.2020 20:32:58;0;0;0;0;674;674;2;672;126;109;281;52;25;5;2;6;1;5;0;;8;19;33;
0.3;05111000;13.09.2020;Ratswahl NRW;2292;2292 Briefwahlbezirk;13.09.2020 21:40:46;0;0;0;0;506;506;0;506;103;83;202;43;35;2;2;3;0;3;;;3;14;13;
0.3;05111000;13.09.2020;Ratswahl NRW;2293;2293 Briefwahlbezirk;13.09.2020 20:48:28;0;0;0;0;1099;1099;3;1096;367;206;239;132;47;19;6;9;3;16;;;7;27;18;
0.3;05111000;13.09.2020;Ratswahl NRW;2294;2294 Briefwahlbezirk;13.09.2020 18:43:26;0;0;0;0;107;107;1;106;26;30;20;5;6;2;1;3;0;4;;;3;4;2;
0.3;05111000;13.09.2020;Ratswahl NRW;2295;2295 Briefwahlbezirk;13.09.2020 22:27:35;0;0;0;0;742;742;5;737;171;152;277;;51;16;7;1;2;6;2;;6;26;20;
0.3;05111000;13.09.2020;Ratswahl NRW;2301;2301 Münsterstraße 156;16.09.2020 17:04:21;1148;347;0;1495;387;0;5;382;97;82;102;23;29;13;3;3;2;5;2;;3;9;9;
0.3;05111000;13.09.2020;Ratswahl NRW;2302;2302 Münsterstraße 156;13.09.2020 19:49:01;1157;523;0;1680;412;0;11;401;75;89;137;37;12;13;2;0;0;10;0;;5;11;10;
0.3;05111000;13.09.2020;Ratswahl NRW;2303;2303 Graf-Recke-Straße 94;16.09.2020 17:05:11;926;607;0;1533;442;0;3;439;149;67;128;41;5;14;2;2;0;7;1;;6;7;10;
0.3;05111000;13.09.2020;Ratswahl NRW;2304;2304 Paulusplatz 1;16.09.2020 17:05:39;1269;517;0;1786;520;0;4;516;107;109;158;30;33;26;6;3;1;10;2;;5;10;16;
0.3;05111000;13.09.2020;Ratswahl NRW;2305;2305 Paulusplatz 1;13.09.2020 19:55:12;1185;497;0;1682;495;0;7;488;98;122;150;35;23;23;4;2;0;9;0;;6;7;9;
0.3;05111000;13.09.2020;Ratswahl NRW;2306;2306 Lindemannstr. 57;16.09.2020 17:06:01;1075;829;0;1904;541;0;12;529;246;77;102;55;7;15;0;4;0;4;1;;1;4;13;
0.3;05111000;13.09.2020;Ratswahl NRW;2307;2307 Münsterstraße 156;13.09.2020 19:22:27;1125;623;0;1748;474;0;4;470;100;85;167;34;28;14;3;1;1;5;0;;4;12;16;
0.3;05111000;13.09.2020;Ratswahl NRW;2308;2308 Lindemannstraße 57;16.09.2020 17:06:17;1356;617;0;1973;664;0;4;660;199;91;210;63;28;24;6;3;0;6;0;;9;13;8;
0.3;05111000;13.09.2020;Ratswahl NRW;2309;2309 Rethelstraße 13;16.09.2020 17:06:43;1091;517;0;1608;440;0;8;432;104;84;121;36;21;22;2;4;0;2;0;;5;7;24;
0.3;05111000;13.09.2020;Ratswahl NRW;2310;2310 Rethelstraße 13;13.09.2020 20:07:28;1188;469;0;1657;578;0;6;572;190;76;167;65;21;14;1;2;0;7;1;;2;10;16;
0.3;05111000;13.09.2020;Ratswahl NRW;2311;2311 Graf-Recke-Straße 170;16.09.2020 17:07:03;1064;373;0;1437;354;0;4;350;89;80;75;31;24;21;1;4;5;9;;;0;4;7;
0.3;05111000;13.09.2020;Ratswahl NRW;2312;2312 Graf-Recke-Straße 170;13.09.2020 19:52:29;1194;209;0;1403;279;0;2;277;76;68;57;15;26;15;3;0;1;6;;;2;7;1;
0.3;05111000;13.09.2020;Ratswahl NRW;2313;2313 Karl-Müller-Straße 25;16.09.2020 17:07:26;700;385;0;1085;432;0;1;431;157;68;123;49;14;8;0;1;0;1;;;2;2;6;
0.3;05111000;13.09.2020;Ratswahl NRW;2390;2390 Briefwahlbezirk;13.09.2020 22:28:01;0;0;0;0;1264;1264;1;1263;473;204;315;137;32;20;6;6;1;16;4;;17;15;17;
0.3;05111000;13.09.2020;Ratswahl NRW;2391;2391 Briefwahlbezirk;13.09.2020 21:49:00;0;0;0;0;1579;1579;4;1575;590;254;368;165;35;30;8;7;2;21;8;;15;24;48;
0.3;05111000;13.09.2020;Ratswahl NRW;2392;2392 Briefwahlbezirk;13.09.2020 21:25:31;0;0;0;0;532;532;0;532;144;107;169;45;12;11;6;3;0;6;6;;1;9;13;
0.3;05111000;13.09.2020;Ratswahl NRW;2393;2393 Briefwahlbezirk;13.09.2020 21:09:48;0;0;0;0;517;517;1;516;174;65;152;73;16;2;1;2;0;5;0;;4;11;11;
0.3;05111000;13.09.2020;Ratswahl NRW;2394;2394 Briefwahlbezirk;13.09.2020 20:26:46;0;0;0;0;838;838;2;836;235;134;260;89;29;7;7;10;0;11;8;;8;9;29;
0.3;05111000;13.09.2020;Ratswahl NRW;2395;2395 Briefwahlbezirk;13.09.2020 20:18:18;0;0;0;0;477;477;1;476;147;95;105;50;21;17;1;5;2;13;;;1;9;10;
0.3;05111000;13.09.2020;Ratswahl NRW;2396;2396 Briefwahlbezirk;13.09.2020 20:23:01;0;0;0;0;346;346;6;340;161;54;62;33;10;4;0;2;0;3;;;2;2;7;
0.3;05111000;13.09.2020;Ratswahl NRW;3101;3101 Kirchfeldstraße 94;16.09.2020 17:07:54;1100;383;0;1483;363;0;2;361;86;60;110;29;22;23;6;2;0;3;2;;6;6;6;
0.3;05111000;13.09.2020;Ratswahl NRW;3102;3102 Kirchfeldstraße 94;16.09.2020 17:08:10;1348;386;0;1734;510;0;5;505;99;82;162;34;39;18;2;1;0;8;0;;3;26;31;
0.3;05111000;13.09.2020;Ratswahl NRW;3103;3103 Kirchfeldstraße 94;13.09.2020 21:11:39;1281;433;0;1714;444;0;1;443;82;65;143;30;56;15;2;0;0;10;4;;6;17;13;
0.3;05111000;13.09.2020;Ratswahl NRW;3104;3104 Kirchfeldstraße 94;16.09.2020 17:08:29;1218;373;0;1591;439;0;17;422;64;69;161;17;53;10;0;1;0;3;3;;9;23;9;
0.3;05111000;13.09.2020;Ratswahl NRW;3105;3105 Helmholtzstr. 16-18;16.09.2020 17:08:51;1176;445;0;1621;559;0;1;558;92;97;211;37;65;16;3;2;0;5;1;;7;11;11;
0.3;05111000;13.09.2020;Ratswahl NRW;3106;3106 Luisenstraße 73;13.09.2020 19:10:47;1237;379;0;1616;392;0;2;390;77;59;142;31;26;12;3;1;1;5;2;;6;19;6;
0.3;05111000;13.09.2020;Ratswahl NRW;3107;3107 Helmholtzstr. 16-18;16.09.2020 17:09:08;1185;306;0;1491;456;0;5;451;97;75;133;25;69;8;4;0;1;7;0;;4;9;19;
0.3;05111000;13.09.2020;Ratswahl NRW;3108;3108 Luisenstraße 73;16.09.2020 17:09:30;1227;337;0;1564;423;0;3;420;96;87;102;34;30;17;2;2;0;13;0;;8;12;17;
0.3;05111000;13.09.2020;Ratswahl NRW;3109;3109 Luisenstraße 73;16.09.2020 17:09:53;1135;191;0;1326;290;0;2;288;48;54;85;25;30;7;1;1;0;7;0;;5;15;10;
0.3;05111000;13.09.2020;Ratswahl NRW;3190;3190 Briefwahlbezirk;13.09.2020 20:13:51;0;0;0;0;342;342;1;341;73;57;105;37;21;4;5;3;0;4;3;;2;11;16;
0.3;05111000;13.09.2020;Ratswahl NRW;3191;3191 Briefwahlbezirk;13.09.2020 20:18:10;0;0;0;0;1037;1037;0;1037;247;160;366;73;60;14;7;7;0;11;5;;25;21;41;
0.3;05111000;13.09.2020;Ratswahl NRW;3192;3192 Briefwahlbezirk;13.09.2020 22:41:00;0;0;0;0;985;985;5;980;234;132;347;76;77;16;2;5;1;11;4;;22;24;29;
0.3;05111000;13.09.2020;Ratswahl NRW;3193;3193 Briefwahlbezirk;13.09.2020 20:37:52;0;0;0;0;454;454;1;453;129;70;132;34;22;15;1;2;0;5;1;;6;14;22;
0.3;05111000;13.09.2020;Ratswahl NRW;3201;3201 Friedenstraße 29;13.09.2020 20:13:48;1108;518;0;1626;395;0;4;391;86;75;124;43;23;13;3;0;1;9;0;;1;5;8;
0.3;05111000;13.09.2020;Ratswahl NRW;3202;3202 Friedenstraße 29;13.09.2020 19:15:44;1165;427;0;1592;417;0;2;415;76;70;135;53;34;18;1;0;2;5;1;;2;6;12;
0.3;05111000;13.09.2020;Ratswahl NRW;3203;3203 Kronprinzenstraße 107;13.09.2020 20:51:44;1253;464;0;1717;551;0;4;547;134;94;169;30;44;16;6;4;0;8;2;;2;17;21;
0.3;05111000;13.09.2020;Ratswahl NRW;3204;3204 Friedenstraße 29;14.09.2020 17:55:16;1306;493;0;1799;669;0;2;667;130;119;252;43;49;11;6;2;2;7;4;;9;12;21;
0.3;05111000;13.09.2020;Ratswahl NRW;3205;3205 Friedenstraße 29;16.09.2020 17:10:11;1129;509;0;1638;538;0;1;537;93;105;217;45;31;10;1;5;0;11;1;;5;7;6;
0.3;05111000;13.09.2020;Ratswahl NRW;3206;3206 Konkordiastraße 26;13.09.2020 20:36:37;1312;520;0;1832;627;0;3;624;164;102;188;79;24;19;2;2;0;8;2;;2;8;24;
0.3;05111000;13.09.2020;Ratswahl NRW;3207;3207 Florastraße 69;16.09.2020 17:10:29;1201;414;0;1615;538;0;3;535;127;101;182;48;29;7;2;4;1;0;0;;5;13;16;
0.3;05111000;13.09.2020;Ratswahl NRW;3208;3208 Florastraße 69;16.09.2020 17:10:52;1217;438;0;1655;582;0;9;573;113;116;187;50;28;15;5;5;1;8;1;;7;16;21;
0.3;05111000;13.09.2020;Ratswahl NRW;3209;3209 Fürstenwall 100;13.09.2020 19:22:23;1220;423;0;1643;517;0;4;513;115;97;164;45;32;16;6;2;0;3;0;;6;12;15;
0.3;05111000;13.09.2020;Ratswahl NRW;3290;3290 Briefwahlbezirk;13.09.2020 21:25:09;0;0;0;0;1281;1281;8;1273;350;204;392;114;67;15;10;11;1;18;5;;9;29;48;
0.3;05111000;13.09.2020;Ratswahl NRW;3291;3291 Briefwahlbezirk;13.09.2020 21:49:32;0;0;0;0;447;447;0;447;121;74;145;36;28;8;2;0;0;12;1;;1;7;12;
0.3;05111000;13.09.2020;Ratswahl NRW;3292;3292 Briefwahlbezirk;13.09.2020 20:44:28;0;0;0;0;877;877;1;876;248;112;268;123;41;20;5;6;0;9;2;;8;20;14;
0.3;05111000;13.09.2020;Ratswahl NRW;3293;3293 Briefwahlbezirk;13.09.2020 20:38:18;0;0;0;0;1131;1131;2;1129;293;175;355;130;50;14;3;8;0;13;4;;12;34;38;
0.3;05111000;13.09.2020;Ratswahl NRW;3301;3301 Friedenstraße 29;13.09.2020 18:18:27;58;11;0;69;14;0;0;14;0;4;3;2;0;4;0;0;0;1;0;;0;0;0;
0.3;05111000;13.09.2020;Ratswahl NRW;3401;3401 Heinsenstraße 21;13.09.2020 19:33:30;1288;604;0;1892;676;0;7;669;323;78;129;77;11;13;5;5;1;5;3;;1;12;6;
0.3;05111000;13.09.2020;Ratswahl NRW;3402;3402 Heinsenstraße 21;16.09.2020 17:11:22;1155;641;0;1796;635;0;1;634;290;93;121;65;16;17;2;1;1;7;3;;4;6;8;
0.3;05111000;13.09.2020;Ratswahl NRW;3490;3490 Briefwahlbezirk;13.09.2020 20:32:19;0;0;0;0;1135;1135;1;1134;541;120;204;161;28;13;4;7;0;9;3;;4;20;20;
0.3;05111000;13.09.2020;Ratswahl NRW;3501;3501 Fleher Straße 213;13.09.2020 20:37:15;1349;659;0;2008;617;0;7;610;275;74;142;51;16;21;3;7;0;6;;;1;4;9;1
0.3;05111000;13.09.2020;Ratswahl NRW;3590;3590 Briefwahlbezirk;13.09.2020 21:06:26;0;0;0;0;612;612;0;612;351;62;108;39;10;11;3;3;2;4;;;2;9;6;2
0.3;05111000;13.09.2020;Ratswahl NRW;3601;3601 Suitbertusstraße 15;16.09.2020 17:14:30;1223;404;0;1627;612;0;0;612;121;116;180;48;56;21;4;5;1;13;4;;9;9;25;
0.3;05111000;13.09.2020;Ratswahl NRW;3602;3602 Weberstraße 3;13.09.2020 19:43:13;1052;576;0;1628;447;0;2;445;88;75;158;24;36;12;1;2;0;5;0;;9;13;22;
0.3;05111000;13.09.2020;Ratswahl NRW;3603;3603 Im Dahlacker 15;16.09.2020 17:15:09;1181;487;0;1668;601;0;4;597;133;139;165;44;43;27;6;5;5;6;1;;6;7;10;
0.3;05111000;13.09.2020;Ratswahl NRW;3604;3604 Im Dahlacker 15;16.09.2020 17:42:29;1370;435;0;1805;569;0;9;560;119;119;198;19;30;26;5;1;0;11;3;;5;18;6;
0.3;05111000;13.09.2020;Ratswahl NRW;3605;3605 Suitbertusstraße 163 - 165;16.09.2020 17:42:47;1362;398;0;1760;586;0;10;576;90;103;196;49;61;16;2;1;5;8;2;;9;18;16;
0.3;05111000;13.09.2020;Ratswahl NRW;3606;3606 Weberstraße 3;16.09.2020 17:43:43;1435;599;0;2034;574;0;2;572;102;88;212;54;40;17;4;1;0;5;2;;10;20;17;
0.3;05111000;13.09.2020;Ratswahl NRW;3607;3607 Weberstraße 3;16.09.2020 17:43:56;1043;446;0;1489;419;0;1;418;75;58;143;41;39;17;3;4;1;4;0;;6;7;20;
0.3;05111000;13.09.2020;Ratswahl NRW;3608;3608 Räuscherweg 40;16.09.2020 17:46:15;1066;542;0;1608;511;0;8;503;179;69;135;38;22;16;5;2;0;3;;;9;14;9;2
0.3;05111000;13.09.2020;Ratswahl NRW;3609;3609 Räuscherweg 40;13.09.2020 20:07:48;1210;663;0;1873;680;0;7;673;246;79;204;59;25;25;1;1;1;5;;;3;12;9;3
0.3;05111000;13.09.2020;Ratswahl NRW;3610;3610 Im Dahlacker 15;16.09.2020 17:46:25;1106;503;0;1609;505;0;7;498;139;96;121;54;28;19;3;4;1;9;;;3;12;8;1
0.3;05111000;13.09.2020;Ratswahl NRW;3611;3611 Suitbertusstraße 15;13.09.2020 20:57:16;1222;541;0;1763;532;0;3;529;130;71;182;42;30;19;1;5;2;4;;;3;15;22;3
0.3;05111000;13.09.2020;Ratswahl NRW;3612;3612 Färberstraße 40;13.09.2020 20:10:13;1179;409;0;1588;528;0;10;518;108;95;189;34;30;21;3;3;0;3;1;;5;11;15;
0.3;05111000;13.09.2020;Ratswahl NRW;3613;3613 Redinghovenstraße 16;16.09.2020 17:46:36;1113;328;0;1441;315;0;4;311;59;63;85;21;27;27;2;2;1;3;;;4;8;9;
0.3;05111000;13.09.2020;Ratswahl NRW;3614;3614 Suitbertusstraße 163 - 165;16.09.2020 17:46:44;1438;541;0;1979;448;0;2;446;82;105;126;47;26;15;3;1;1;4;;;4;16;16;
0.3;05111000;13.09.2020;Ratswahl NRW;3615;3615 Gotenstraße 20;16.09.2020 17:46:52;1064;362;0;1426;527;0;3;524;118;108;170;35;32;20;1;2;0;10;;;4;13;11;
0.3;05111000;13.09.2020;Ratswahl NRW;3616;3616 Suitbertusstraße 163-165;16.09.2020 17:47:02;1329;367;0;1696;399;0;0;399;61;85;127;30;37;18;0;3;0;6;;;3;16;13;
0.3;05111000;13.09.2020;Ratswahl NRW;3617;3617 Gotenstraße 20;13.09.2020 19:42:29;1080;223;0;1303;287;0;4;283;65;50;92;16;18;15;1;3;0;5;;;2;10;6;
0.3;05111000;13.09.2020;Ratswahl NRW;3618;3618 Redinghovenstraße 16;16.09.2020 17:47:10;1160;346;0;1506;282;0;3;279;57;36;102;16;29;3;3;2;0;1;;;7;10;13;
0.3;05111000;13.09.2020;Ratswahl NRW;3619;3619 Gotenstraße 20;16.09.2020 17:47:20;964;602;0;1566;402;0;4;398;124;59;104;42;14;20;2;5;0;1;;;1;7;19;
0.3;05111000;13.09.2020;Ratswahl NRW;3690;3690 Briefwahlbezirk;13.09.2020 21:50:43;0;0;0;0;376;376;2;374;91;69;129;27;15;10;1;5;0;2;0;;2;11;12;
0.3;05111000;13.09.2020;Ratswahl NRW;3691;3691 Briefwahlbezirk;13.09.2020 22:36:43;0;0;0;0;1332;1332;5;1327;319;227;439;112;82;41;10;6;4;18;3;;20;16;30;
0.3;05111000;13.09.2020;Ratswahl NRW;3692;3692 Briefwahlbezirk;13.09.2020 21:51:27;0;0;0;0;1282;1282;3;1279;309;172;445;126;66;25;5;15;0;21;4;;12;28;51;
0.3;05111000;13.09.2020;Ratswahl NRW;3693;3693 Briefwahlbezirk;13.09.2020 20:36:03;0;0;0;0;395;395;0;395;79;71;132;38;13;9;2;6;0;3;5;;5;12;20;
0.3;05111000;13.09.2020;Ratswahl NRW;3694;3694 Briefwahlbezirk;13.09.2020 22:19:05;0;0;0;0;1576;1576;6;1570;653;178;389;145;52;43;6;13;1;29;;;7;19;30;5
0.3;05111000;13.09.2020;Ratswahl NRW;3695;3695 Briefwahlbezirk;13.09.2020 22:11:16;0;0;0;0;494;494;0;494;139;50;172;52;16;11;2;4;0;4;;;8;12;22;2
0.3;05111000;13.09.2020;Ratswahl NRW;3696;3696 Briefwahlbezirk;13.09.2020 22:00:54;0;0;0;0;1096;1096;6;1090;328;194;324;88;50;26;2;4;0;10;;;16;15;33;
0.3;05111000;13.09.2020;Ratswahl NRW;3697;3697 Briefwahlbezirk;13.09.2020 20:08:16;0;0;0;0;864;864;4;860;257;121;223;85;55;28;6;8;0;11;;;14;34;18;
0.3;05111000;13.09.2020;Ratswahl NRW;3698;3698 Briefwahlbezirk;13.09.2020 21:31:42;0;0;0;0;550;550;1;549;195;93;130;54;16;22;3;1;0;6;;;6;10;13;
0.3;05111000;13.09.2020;Ratswahl NRW;3701;3701 Sonnenstraße 10;16.09.2020 17:47:29;1236;351;0;1587;535;0;14;521;75;84;213;23;40;18;4;1;0;9;1;;7;32;14;
0.3;05111000;13.09.2020;Ratswahl NRW;3702;3702 Sonnenstraße 10;16.09.2020 17:47:37;1206;322;0;1528;443;0;2;441;78;69;162;27;39;21;3;2;2;6;1;;5;15;11;
0.3;05111000;13.09.2020;Ratswahl NRW;3703;3703 Ellerstraße 84;13.09.2020 18:49:04;976;192;0;1168;207;0;1;206;22;43;70;7;25;16;1;0;0;3;1;;2;12;4;
0.3;05111000;13.09.2020;Ratswahl NRW;3704;3704 Ellerstraße 84;16.09.2020 17:47:46;1145;281;0;1426;347;0;3;344;53;64;115;28;23;18;2;1;2;7;2;;3;15;11;
0.3;05111000;13.09.2020;Ratswahl NRW;3705;3705 Höhenstraße 5;16.09.2020 17:47:55;1025;179;0;1204;261;0;7;254;34;57;76;8;29;11;1;0;1;5;2;;9;12;9;
0.3;05111000;13.09.2020;Ratswahl NRW;3706;3706 Höhenstraße 5;16.09.2020 17:12:06;1207;293;0;1500;371;0;3;368;69;90;103;18;30;19;3;3;2;5;1;;3;15;7;
0.3;05111000;13.09.2020;Ratswahl NRW;3707;3707 Höhenstraße 5;16.09.2020 17:48:17;1035;307;0;1342;290;0;3;287;65;67;80;14;21;16;4;1;1;3;2;;0;7;6;
0.3;05111000;13.09.2020;Ratswahl NRW;3708;3708 Siegburger Straße 38;16.09.2020 17:48:26;966;256;0;1222;387;0;5;382;116;92;79;20;16;26;3;6;3;6;;;6;6;3;
0.3;05111000;13.09.2020;Ratswahl NRW;3709;3709 Schmiedestraße 25;16.09.2020 17:48:34;1082;330;0;1412;302;0;3;299;55;55;102;11;24;17;3;3;0;3;;;4;12;10;
0.3;05111000;13.09.2020;Ratswahl NRW;3710;3710 Schmiedestraße 25;16.09.2020 17:48:43;1507;310;0;1817;371;0;9;362;61;77;117;18;27;19;2;7;0;5;;;4;14;11;
0.3;05111000;13.09.2020;Ratswahl NRW;3711;3711 Schmiedestraße 25;13.09.2020 20:26:37;1239;318;0;1557;336;0;3;333;56;87;89;17;18;28;2;3;0;3;;;4;13;13;
0.3;05111000;13.09.2020;Ratswahl NRW;3712;3712 Schmiedestraße 25;16.09.2020 17:49:02;1056;269;0;1325;352;0;3;349;55;76;109;19;29;23;2;6;1;5;;;1;9;14;
0.3;05111000;13.09.2020;Ratswahl NRW;3713;3713 Schmiedestraße 25;16.09.2020 17:49:12;1029;281;0;1310;320;0;3;317;37;84;110;13;20;12;3;3;1;6;;;4;15;9;
0.3;05111000;13.09.2020;Ratswahl NRW;3714;3714 Schmiedestraße 25;16.09.2020 17:49:21;1124;167;0;1291;245;0;3;242;37;57;73;12;20;4;0;5;0;8;;;12;9;5;
0.3;05111000;13.09.2020;Ratswahl NRW;3715;3715 Bingener Weg 10;16.09.2020 17:49:31;580;219;0;799;266;0;2;264;92;56;54;16;10;14;1;2;2;5;;;5;4;3;
0.3;05111000;13.09.2020;Ratswahl NRW;3790;3790 Briefwahlbezirk;13.09.2020 20:15:39;0;0;0;0;769;769;1;768;145;134;306;46;48;19;6;4;1;8;4;;9;16;22;
0.3;05111000;13.09.2020;Ratswahl NRW;3791;3791 Briefwahlbezirk;13.09.2020 20:03:21;0;0;0;0;942;942;2;940;187;180;332;49;49;24;10;6;3;12;5;;21;29;33;
0.3;05111000;13.09.2020;Ratswahl NRW;3792;3792 Briefwahlbezirk;13.09.2020 21:54:30;0;0;0;0;505;505;1;504;143;88;139;30;25;15;3;7;2;10;;;10;19;13;
0.3;05111000;13.09.2020;Ratswahl NRW;3793;3793 Briefwahlbezirk;13.09.2020 20:41:39;0;0;0;0;826;826;4;822;185;156;246;65;50;28;6;5;2;15;;;11;26;27;
0.3;05111000;13.09.2020;Ratswahl NRW;3794;3794 Briefwahlbezirk;13.09.2020 20:21:07;0;0;0;0;603;603;5;598;172;105;163;40;25;19;7;9;2;7;;;7;21;21;
0.3;05111000;13.09.2020;Ratswahl NRW;3801;3801 Fleher Straße 213;13.09.2020 20:15:08;878;373;0;1251;497;0;5;492;215;79;111;36;23;18;0;1;0;3;;;1;5;0;0
0.3;05111000;13.09.2020;Ratswahl NRW;3802;3802 Fleher Straße 213;16.09.2020 17:49:38;769;303;0;1072;422;0;1;421;174;62;97;26;16;26;2;1;3;5;;;1;5;2;1
0.3;05111000;13.09.2020;Ratswahl NRW;3890;3890 Briefwahlbezirk;13.09.2020 20:34:58;0;0;0;0;624;624;2;622;295;64;138;62;7;14;2;3;0;9;;;0;16;7;5
0.3;05111000;13.09.2020;Ratswahl NRW;4101;4101 Cimbernstraße 24;16.09.2020 17:49:48;959;710;0;1669;494;0;4;490;173;45;144;67;13;14;3;1;0;8;;;5;5;12;
0.3;05111000;13.09.2020;Ratswahl NRW;4102;4102 Cimbernstraße 24;16.09.2020 17:49:56;994;598;0;1592;564;0;0;564;216;69;141;75;10;21;0;0;1;4;;;9;5;13;
0.3;05111000;13.09.2020;Ratswahl NRW;4103;4103 Niederkasseler Straße 36;13.09.2020 20:00:24;1027;569;0;1596;523;0;4;519;173;68;156;69;10;15;2;1;0;5;;;9;3;8;
0.3;05111000;13.09.2020;Ratswahl NRW;4104;4104 Salierstraße 37;16.09.2020 17:50:08;936;660;0;1596;484;0;2;482;167;55;126;67;19;12;1;1;0;5;;;8;4;17;
0.3;05111000;13.09.2020;Ratswahl NRW;4105;4105 Salierstraße 37;16.09.2020 17:50:17;1068;594;0;1662;636;0;2;634;262;59;152;87;11;17;1;4;1;8;;;7;2;23;
0.3;05111000;13.09.2020;Ratswahl NRW;4106;4106 Hansaallee 90;16.09.2020 17:50:25;834;430;0;1264;347;0;6;341;124;56;88;34;4;10;1;3;0;2;;;6;4;9;
0.3;05111000;13.09.2020;Ratswahl NRW;4107;4107 Hansaallee 90;16.09.2020 17:50:33;841;536;0;1377;408;0;3;405;145;39;136;43;9;6;5;3;0;1;;;5;4;9;
0.3;05111000;13.09.2020;Ratswahl NRW;4108;4108 Cimbernstraße 24;16.09.2020 17:50:43;755;427;0;1182;369;0;3;366;117;41;107;58;14;13;0;2;0;3;;;4;;7;
0.3;05111000;13.09.2020;Ratswahl NRW;4109;4109 Hansaallee 90;16.09.2020 17:51:03;1000;457;0;1457;523;0;8;515;212;64;106;67;18;20;0;4;0;13;;;9;;2;
0.3;05111000;13.09.2020;Ratswahl NRW;4110;4110 Hansaallee 90;16.09.2020 17:51:18;793;446;0;1239;424;0;6;418;142;63;113;47;16;21;2;3;0;3;;;4;;4;
0.3;05111000;13.09.2020;Ratswahl NRW;4190;4190 Briefwahlbezirk;13.09.2020 22:52:03;0;0;0;0;1696;1696;4;1692;776;136;404;219;37;29;3;8;0;20;;;14;19;27;
0.3;05111000;13.09.2020;Ratswahl NRW;4191;4191 Briefwahlbezirk;13.09.2020 21:31:18;0;0;0;0;1119;1119;0;1119;545;98;242;145;15;18;0;8;0;6;;;6;9;27;
0.3;05111000;13.09.2020;Ratswahl NRW;4192;4192 Briefwahlbezirk;13.09.2020 22:06:15;0;0;0;0;854;854;0;854;380;104;182;106;13;11;1;5;0;9;;;15;15;13;
0.3;05111000;13.09.2020;Ratswahl NRW;4193;4193 Briefwahlbezirk;13.09.2020 21:24:03;0;0;0;0;817;817;1;816;356;95;164;118;23;17;1;5;0;9;;;16;;12;
0.3;05111000;13.09.2020;Ratswahl NRW;4194;4194 Briefwahlbezirk;13.09.2020 19:51:30;0;0;0;0;391;391;0;391;144;55;102;52;12;10;0;3;0;2;;;7;;4;
0.3;05111000;13.09.2020;Ratswahl NRW;4201;4201 Heerdter Landstraße 186;13.09.2020 19:30:37;1313;265;0;1578;310;0;3;307;90;73;69;18;12;14;1;2;1;8;;;1;15;3;
0.3;05111000;13.09.2020;Ratswahl NRW;4202;4202 Heerdter Landstraße 186;16.09.2020 17:12:31;1222;213;0;1435;406;0;7;399;121;130;68;22;20;22;4;1;0;7;;;2;2;0;
0.3;05111000;13.09.2020;Ratswahl NRW;4203;4203 Pestalozzistraße 30;16.09.2020 17:51:39;1062;389;0;1451;450;0;10;440;176;68;106;32;12;19;3;4;0;5;;;3;8;4;
0.3;05111000;13.09.2020;Ratswahl NRW;4204;4204 Pestalozzistraße 30;16.09.2020 17:51:48;1437;538;0;1975;498;0;3;495;155;96;130;40;17;17;4;3;2;9;;;6;6;10;
0.3;05111000;13.09.2020;Ratswahl NRW;4205;4205 Pestalozzistraße 30;16.09.2020 17:51:59;1132;497;0;1629;419;0;5;414;158;69;94;42;18;10;1;1;0;5;;;2;4;10;
0.3;05111000;13.09.2020;Ratswahl NRW;4290;4290 Briefwahlbezirk;13.09.2020 21:10:01;0;0;0;0;262;262;2;260;107;41;49;21;11;11;4;1;0;3;;;2;9;1;
0.3;05111000;13.09.2020;Ratswahl NRW;4291;4291 Briefwahlbezirk;13.09.2020 20:34:17;0;0;0;0;1027;1027;6;1021;415;220;194;92;17;20;13;2;0;11;;;11;14;12;
0.3;05111000;13.09.2020;Ratswahl NRW;4292;4292 Briefwahlbezirk;13.09.2020 20:56:16;0;0;0;0;427;427;2;425;169;75;103;38;11;8;2;6;0;4;;;2;6;1;
0.3;05111000;13.09.2020;Ratswahl NRW;4301;4301 Wickrather Straße 31;16.09.2020 17:52:08;879;570;0;1449;472;0;5;467;209;44;114;45;12;16;1;9;0;10;;;2;;5;
0.3;05111000;13.09.2020;Ratswahl NRW;4302;4302 Wickrather Straße 31;16.09.2020 17:52:27;846;512;0;1358;415;0;7;408;177;83;84;17;18;13;3;1;0;5;;;2;;5;
0.3;05111000;13.09.2020;Ratswahl NRW;4303;4303 Wickrather Straße 31;16.09.2020 17:52:37;933;307;0;1240;368;0;1;367;128;65;87;38;8;14;3;1;0;10;;;5;;8;
0.3;05111000;13.09.2020;Ratswahl NRW;4304;4304 Wickrather Straße 31;13.09.2020 18:57:59;1095;348;0;1443;373;0;11;362;123;69;81;36;13;21;3;1;1;7;;;3;;4;
0.3;05111000;13.09.2020;Ratswahl NRW;4390;4390 Briefwahlbezirk;13.09.2020 22:40:06;0;0;0;0;993;993;3;990;492;149;181;95;16;16;2;4;3;12;;;6;;14;
0.3;05111000;13.09.2020;Ratswahl NRW;4391;4391 Briefwahlbezirk;13.09.2020 21:45:23;0;0;0;0;597;597;0;597;199;95;144;73;18;17;3;7;1;17;;;9;;14;
0.3;05111000;13.09.2020;Ratswahl NRW;4401;4401 Niederkasseler Straße 36;16.09.2020 17:52:51;665;438;0;1103;370;0;0;370;146;54;81;49;9;14;1;3;0;2;;;0;2;9;
0.3;05111000;13.09.2020;Ratswahl NRW;4402;4402 Niederkasseler Straße 36;16.09.2020 17:52:59;802;449;0;1251;436;0;0;436;200;43;93;52;6;17;3;0;0;6;;;8;2;6;
0.3;05111000;13.09.2020;Ratswahl NRW;4403;4403 Schorlemerstraße 99;14.09.2020 18:01:17;1148;585;0;1733;623;0;3;620;267;55;119;117;11;22;2;3;2;6;;;3;;13;
0.3;05111000;13.09.2020;Ratswahl NRW;4490;4490 Briefwahlbezirk;13.09.2020 20:02:59;0;0;0;0;803;803;0;803;410;69;139;119;15;16;0;5;0;5;;;6;5;14;
0.3;05111000;13.09.2020;Ratswahl NRW;4491;4491 Briefwahlbezirk;13.09.2020 22:00:33;0;0;0;0;540;540;0;540;268;50;76;114;5;17;3;3;1;1;;;0;;2;
0.3;05111000;13.09.2020;Ratswahl NRW;5101;5101 Beckbuschstraße 2;16.09.2020 17:53:15;866;543;0;1409;531;0;8;523;240;34;91;95;7;24;4;5;0;8;;;3;3;9;
0.3;05111000;13.09.2020;Ratswahl NRW;5102;5102 Koetschaustraße 36;16.09.2020 17:53:23;988;491;0;1479;512;0;3;509;183;81;105;61;19;22;2;5;0;7;;;2;16;6;
0.3;05111000;13.09.2020;Ratswahl NRW;5103;5103 Farnweg 10;16.09.2020 17:53:30;972;446;0;1418;555;0;5;550;209;79;127;49;15;29;3;5;1;12;;;7;7;7;
0.3;05111000;13.09.2020;Ratswahl NRW;5190;5190 Briefwahlbezirk;13.09.2020 21:26:38;0;0;0;0;1323;1323;5;1318;636;157;219;181;21;27;6;16;0;17;;;8;13;17;
0.3;05111000;13.09.2020;Ratswahl NRW;5201;5201 Im Grund 78;16.09.2020 17:53:43;1084;439;0;1523;575;0;3;572;255;61;130;70;18;12;1;4;0;6;;;1;6;8;
0.3;05111000;13.09.2020;Ratswahl NRW;5202;5202 Im Grund 78;16.09.2020 17:53:55;1186;425;0;1611;545;0;3;542;231;66;105;48;27;24;1;10;0;14;;;1;6;9;
0.3;05111000;13.09.2020;Ratswahl NRW;5290;5290 Briefwahlbezirk;13.09.2020 21:52:03;0;0;0;0;795;795;27;768;377;64;149;90;15;25;6;12;1;11;;;4;5;9;
0.3;05111000;13.09.2020;Ratswahl NRW;5301;5301 Kalkumer Schloßallee 28;13.09.2020 19:06:18;800;447;0;1247;453;0;8;445;193;54;102;40;7;25;0;6;0;4;;;1;8;5;
0.3;05111000;13.09.2020;Ratswahl NRW;5302;5302 Fliednerstraße 32;16.09.2020 17:54:06;1052;466;0;1518;499;0;2;497;192;69;133;51;15;12;2;0;0;7;;;6;3;7;
0.3;05111000;13.09.2020;Ratswahl NRW;5303;5303 Fliednerstraße 32;16.09.2020 17:54:14;1011;517;0;1528;528;0;4;524;196;60;133;75;15;14;2;2;0;6;;;4;5;12;
0.3;05111000;13.09.2020;Ratswahl NRW;5304;5304 Fliednerstraße 32;16.09.2020 17:54:22;916;528;0;1444;419;0;2;417;188;44;79;61;7;14;1;5;0;5;;;2;3;8;
0.3;05111000;13.09.2020;Ratswahl NRW;5390;5390 Briefwahlbezirk;13.09.2020 20:07:20;0;0;0;0;414;414;16;398;220;28;71;47;6;6;1;1;0;5;;;0;2;11;
0.3;05111000;13.09.2020;Ratswahl NRW;5391;5391 Briefwahlbezirk;13.09.2020 23:40:40;0;0;0;0;1357;1357;4;1353;619;145;298;187;17;34;3;6;0;11;;;3;8;22;
0.3;05111000;13.09.2020;Ratswahl NRW;5401;5401 Grenzweg 12;16.09.2020 17:54:31;867;653;0;1520;484;0;0;484;271;39;108;49;0;10;0;2;0;1;;;0;2;2;
0.3;05111000;13.09.2020;Ratswahl NRW;5402;5402 Grenzweg 12;16.09.2020 17:54:39;1036;582;0;1618;525;0;1;524;237;63;126;49;10;11;2;8;0;5;;;2;5;6;
0.3;05111000;13.09.2020;Ratswahl NRW;5403;5403 Grenzweg 12;16.09.2020 17:54:48;1038;397;0;1435;514;0;5;509;204;119;91;36;12;13;0;3;2;4;;;5;7;13;
0.3;05111000;13.09.2020;Ratswahl NRW;5404;5404 Grenzweg 12;16.09.2020 17:54:59;929;484;0;1413;403;0;3;400;142;76;107;33;7;8;2;10;0;1;;;1;5;8;
0.3;05111000;13.09.2020;Ratswahl NRW;5490;5490 Briefwahlbezirk;13.09.2020 22:36:08;0;0;0;0;1489;1489;6;1483;757;152;271;216;11;17;5;7;1;17;;;4;14;11;
0.3;05111000;13.09.2020;Ratswahl NRW;5491;5491 Briefwahlbezirk;13.09.2020 19:57:07;0;0;0;0;416;416;0;416;180;51;120;43;2;9;1;0;0;6;;;0;1;3;
0.3;05111000;13.09.2020;Ratswahl NRW;5501;5501 Am Litzgraben 28A;16.09.2020 17:55:09;1030;772;0;1802;506;0;2;504;241;62;125;33;8;11;3;3;0;5;;;2;8;3;
0.3;05111000;13.09.2020;Ratswahl NRW;5502;5502 Am Litzgraben 28A;16.09.2020 17:55:18;991;680;0;1671;576;0;6;570;287;40;137;50;10;12;3;5;0;4;;;5;10;7;
0.3;05111000;13.09.2020;Ratswahl NRW;5503;5503 Am Litzgraben 28A;16.09.2020 17:55:29;997;620;0;1617;527;0;5;522;276;38;111;40;9;15;0;8;0;5;;;0;16;4;
0.3;05111000;13.09.2020;Ratswahl NRW;5590;5590 Briefwahlbezirk;14.09.2020 01:22:27;0;0;0;0;1373;1373;0;1373;803;105;238;131;8;31;0;13;4;14;;;2;14;10;
0.3;05111000;13.09.2020;Ratswahl NRW;5591;5591 Briefwahlbezirk;13.09.2020 21:18:33;0;0;0;0;575;575;0;575;356;31;95;43;11;11;4;3;1;10;;;0;5;5;
0.3;05111000;13.09.2020;Ratswahl NRW;5601;5601 Fliednerstraße 32;16.09.2020 17:55:41;860;659;0;1519;480;0;1;479;208;27;160;32;16;9;0;3;1;2;;;6;8;7;
0.3;05111000;13.09.2020;Ratswahl NRW;5690;5690 Briefwahlbezirk;13.09.2020 23:32:53;0;0;0;0;600;600;4;596;340;31;144;42;8;7;2;7;1;4;;;1;7;2;
0.3;05111000;13.09.2020;Ratswahl NRW;6101;6101 Krahnenburgstraße 15;13.09.2020 19:15:55;1026;355;0;1381;451;0;5;446;144;78;91;51;18;36;4;3;0;8;5;;5;;3;
0.3;05111000;13.09.2020;Ratswahl NRW;6102;6102 Krahnenburgstraße 15;13.09.2020 19:18:25;914;255;0;1169;262;0;2;260;72;81;31;19;19;24;2;4;2;1;4;;1;;0;
0.3;05111000;13.09.2020;Ratswahl NRW;6103;6103 Krahnenburgstraße 15;13.09.2020 19:38:02;1002;257;0;1259;413;0;6;407;113;105;72;28;24;39;4;3;2;6;9;;0;;2;
0.3;05111000;13.09.2020;Ratswahl NRW;6190;6190 Briefwahlbezirk;13.09.2020 23:52:05;0;0;0;0;332;332;0;332;133;48;56;38;20;25;3;2;0;4;2;;1;;0;
0.3;05111000;13.09.2020;Ratswahl NRW;6191;6191 Briefwahlbezirk;13.09.2020 22:18:02;0;0;0;0;478;478;19;459;157;122;71;30;25;29;4;4;0;5;3;;4;;5;
0.3;05111000;13.09.2020;Ratswahl NRW;6201;6201 An der Golzheimer Heide 120;16.09.2020 17:56:01;970;553;0;1523;569;0;5;564;244;71;119;53;21;29;1;1;0;14;3;;5;;3;
0.3;05111000;13.09.2020;Ratswahl NRW;6202;6202 An der Golzheimer Heide 120;16.09.2020 17:56:09;1007;608;0;1615;579;0;25;554;177;118;148;37;11;19;7;6;0;13;6;;5;;7;
0.3;05111000;13.09.2020;Ratswahl NRW;6203;6203 Eckenerstraße 1;16.09.2020 17:56:17;1350;483;0;1833;522;0;7;515;201;100;84;50;18;24;4;5;1;10;6;;2;;10;
0.3;05111000;13.09.2020;Ratswahl NRW;6204;6204 An der Golzheimer Heide 120;13.09.2020 19:13:00;1115;461;0;1576;374;0;3;371;140;54;68;27;12;25;7;9;4;13;5;;1;;6;
0.3;05111000;13.09.2020;Ratswahl NRW;6205;6205 An der Golzheimer Heide 120;16.09.2020 17:56:36;1192;451;0;1643;401;0;7;394;110;99;65;32;13;37;4;5;4;8;6;;1;;10;
0.3;05111000;13.09.2020;Ratswahl NRW;6206;6206 An der Golzheimer Heide 120;16.09.2020 17:56:44;1166;460;0;1626;387;0;12;375;117;105;54;31;15;27;9;3;1;7;2;;1;;3;
0.3;05111000;13.09.2020;Ratswahl NRW;6207;6207 Unterrather Straße 76;13.09.2020 19:29:10;918;371;0;1289;400;0;6;394;160;84;68;20;21;20;3;0;1;8;5;;0;;4;
0.3;05111000;13.09.2020;Ratswahl NRW;6208;6208 Unterrather Straße 76;13.09.2020 20:03:21;1022;527;0;1549;414;0;7;407;142;76;94;36;10;20;4;4;0;8;3;;2;;8;
0.3;05111000;13.09.2020;Ratswahl NRW;6209;6209 Unterrather Straße 76;13.09.2020 19:06:37;1117;318;0;1435;318;0;6;312;108;72;66;27;10;15;4;0;1;2;0;;2;;5;
0.3;05111000;13.09.2020;Ratswahl NRW;6210;6210 Unterrather Straße 76;16.09.2020 17:56:54;1152;450;0;1602;485;0;6;479;147;96;105;45;20;34;6;4;2;7;2;;3;;8;
0.3;05111000;13.09.2020;Ratswahl NRW;6211;6211 Krahnenburgstraße 15;14.09.2020 00:39:36;1044;279;0;1323;342;0;4;338;85;84;70;26;20;27;5;6;1;6;1;;3;;4;
0.3;05111000;13.09.2020;Ratswahl NRW;6290;6290 Briefwahlbezirk;13.09.2020 22:52:26;0;0;0;0;1907;1907;5;1902;794;292;388;193;45;68;20;18;3;29;13;;14;;25;
0.3;05111000;13.09.2020;Ratswahl NRW;6291;6291 Briefwahlbezirk;13.09.2020 22:16:36;0;0;0;0;1139;1139;5;1134;466;197;194;105;48;40;10;17;1;31;8;;5;;12;
0.3;05111000;13.09.2020;Ratswahl NRW;6292;6292 Briefwahlbezirk;13.09.2020 21:16:34;0;0;0;0;1174;1174;44;1130;479;176;200;131;31;41;10;15;1;18;7;;3;;18;
0.3;05111000;13.09.2020;Ratswahl NRW;6293;6293 Briefwahlbezirk;13.09.2020 18:33:44;0;0;0;0;261;261;0;261;86;71;48;21;11;8;4;1;0;5;4;;2;;0;
0.3;05111000;13.09.2020;Ratswahl NRW;6301;6301 Rather Kreuzweg 21;13.09.2020 19:20:01;712;260;0;972;258;0;3;255;76;47;54;15;19;24;2;2;0;7;3;;2;;4;
0.3;05111000;13.09.2020;Ratswahl NRW;6302;6302 Rather Kreuzweg 21;16.09.2020 17:57:02;1324;135;0;1459;283;0;4;279;85;69;30;6;29;20;4;8;0;7;2;;2;14;3;
0.3;05111000;13.09.2020;Ratswahl NRW;6303;6303 Rather Kreuzweg 21;13.09.2020 19:44:54;1289;237;0;1526;336;0;7;329;101;104;49;10;12;22;1;0;1;4;4;;3;13;5;
0.3;05111000;13.09.2020;Ratswahl NRW;6304;6304 Rather Kreuzweg 21;13.09.2020 19:26:57;1252;209;0;1461;230;0;4;226;56;55;40;17;15;18;2;2;0;7;2;;4;4;4;
0.3;05111000;13.09.2020;Ratswahl NRW;6305;6305 Sankt-Franziskus-Straße 121;16.09.2020 17:57:16;1226;293;0;1519;272;0;9;263;67;62;50;23;8;18;6;4;4;6;1;;1;9;4;
0.3;05111000;13.09.2020;Ratswahl NRW;6306;6306 Sankt-Franziskus-Straße 121;16.09.2020 17:58:29;1109;387;0;1496;362;0;5;357;117;79;67;19;24;16;3;8;0;7;0;;3;7;7;
0.3;05111000;13.09.2020;Ratswahl NRW;6307;6307 Max-Halbe-Straße 14;13.09.2020 19:03:36;1332;282;0;1614;210;0;4;206;49;56;46;18;7;9;2;3;0;4;1;;1;7;3;
0.3;05111000;13.09.2020;Ratswahl NRW;6308;6308 Rather Markt 2;16.09.2020 17:58:40;1138;338;0;1476;475;0;5;470;155;107;87;35;22;24;7;2;0;7;2;;2;13;7;
0.3;05111000;13.09.2020;Ratswahl NRW;6309;6309 Rather Markt 2;16.09.2020 17:58:51;938;476;0;1414;437;0;2;435;191;67;74;36;18;24;4;1;0;5;0;;3;10;2;
0.3;05111000;13.09.2020;Ratswahl NRW;6310;6310 Sankt-Franziskus-Straße 121;16.09.2020 17:59:13;558;51;0;609;103;0;2;101;30;19;11;6;11;15;1;0;1;3;1;;0;3;0;
0.3;05111000;13.09.2020;Ratswahl NRW;6390;6390 Briefwahlbezirk;13.09.2020 19:18:54;0;0;0;0;233;233;0;233;96;41;48;19;3;3;5;2;1;7;2;;1;;5;
0.3;05111000;13.09.2020;Ratswahl NRW;6391;6391 Briefwahlbezirk;13.09.2020 20:34:52;0;0;0;0;503;503;4;499;180;126;70;30;34;21;4;1;2;9;1;;2;12;7;
0.3;05111000;13.09.2020;Ratswahl NRW;6392;6392 Briefwahlbezirk;13.09.2020 22:03:37;0;0;0;0;1172;1172;7;1165;399;233;239;93;48;50;10;14;0;25;12;;7;26;9;
0.3;05111000;13.09.2020;Ratswahl NRW;6393;6393 Briefwahlbezirk;13.09.2020 22:01:53;0;0;0;0;487;487;1;486;228;58;93;51;16;16;0;2;0;5;0;;1;13;3;
0.3;05111000;13.09.2020;Ratswahl NRW;6401;6401 Wrangelstraße 40;16.09.2020 17:59:22;1061;234;0;1295;232;0;2;230;64;58;59;17;17;;3;2;0;6;;;0;4;0;
0.3;05111000;13.09.2020;Ratswahl NRW;6402;6402 Wrangelstraße 40;16.09.2020 17:59:33;1249;200;0;1449;247;0;10;237;51;74;41;21;22;;2;6;3;7;;;2;5;3;
0.3;05111000;13.09.2020;Ratswahl NRW;6403;6403 Wrangelstraße 40;16.09.2020 17:59:41;1208;207;0;1415;355;0;4;351;96;89;66;34;13;;3;6;11;12;;;0;15;6;
0.3;05111000;13.09.2020;Ratswahl NRW;6404;6404 Wrangelstraße 40;16.09.2020 17:59:48;1193;254;0;1447;421;0;4;417;120;126;78;24;17;;2;20;10;7;;;2;7;4;
0.3;05111000;13.09.2020;Ratswahl NRW;6405;6405 Max-Halbe-Straße 14;16.09.2020 17:59:58;897;367;0;1264;474;0;6;468;178;84;116;36;17;;1;6;9;7;;;0;5;9;
0.3;05111000;13.09.2020;Ratswahl NRW;6406;6406 Max-Halbe-Straße 14;16.09.2020 18:00:06;905;347;0;1252;471;0;5;466;163;86;115;44;12;;2;12;6;7;;;2;10;7;
0.3;05111000;13.09.2020;Ratswahl NRW;6407;6407 Herchenbachstraße 2;16.09.2020 18:00:14;948;451;0;1399;501;0;1;500;201;81;114;52;12;;4;6;6;6;;;5;5;8;
0.3;05111000;13.09.2020;Ratswahl NRW;6408;6408 Herchenbachstraße 2;16.09.2020 18:00:23;880;405;0;1285;491;0;0;491;132;53;158;118;6;;0;3;2;3;;;1;3;12;
0.3;05111000;13.09.2020;Ratswahl NRW;6409;6409 Graf-Recke-Straße 170;16.09.2020 17:13:08;948;284;0;1232;367;0;2;365;121;71;79;45;15;;1;7;6;8;;;2;5;5;
0.3;05111000;13.09.2020;Ratswahl NRW;6490;6490 Briefwahlbezirk;13.09.2020 20:46:51;0;0;0;0;389;389;2;387;127;92;72;31;18;;9;4;0;14;;;1;13;6;
0.3;05111000;13.09.2020;Ratswahl NRW;6491;6491 Briefwahlbezirk;13.09.2020 21:07:19;0;0;0;0;750;750;0;750;270;133;160;79;35;;6;11;13;13;;;7;14;9;
0.3;05111000;13.09.2020;Ratswahl NRW;6492;6492 Briefwahlbezirk;13.09.2020 21:57:34;0;0;0;0;1348;1348;1;1347;515;179;310;206;27;;12;15;10;30;;;7;15;21;
0.3;05111000;13.09.2020;Ratswahl NRW;7101;7101 Benderstraße 78;16.09.2020 18:02:32;986;519;0;1505;630;0;4;626;199;71;210;84;17;12;5;4;0;4;2;;6;8;4;
0.3;05111000;13.09.2020;Ratswahl NRW;7102;7102 Unter den Eichen 95;16.09.2020 18:02:42;1058;473;0;1531;555;0;5;550;139;116;149;51;24;13;7;13;0;5;5;;5;16;7;
0.3;05111000;13.09.2020;Ratswahl NRW;7103;7103 Benderstraße 78;16.09.2020 18:02:52;987;401;0;1388;472;0;6;466;114;98;137;23;32;20;2;7;1;7;4;;5;9;7;
0.3;05111000;13.09.2020;Ratswahl NRW;7104;7104 Am Poth 60;16.09.2020 18:03:00;1095;484;0;1579;501;0;8;493;145;79;166;46;12;14;2;7;2;8;0;;2;6;4;
0.3;05111000;13.09.2020;Ratswahl NRW;7105;7105 Gräulinger Straße 15;16.09.2020 18:03:07;1168;520;0;1688;533;0;8;525;146;116;124;50;21;25;8;3;2;4;4;;3;10;9;
0.3;05111000;13.09.2020;Ratswahl NRW;7106;7106 Unter den Eichen 26;16.09.2020 18:03:15;994;516;0;1510;452;0;6;446;146;91;88;38;32;18;3;4;0;5;3;;6;9;3;
0.3;05111000;13.09.2020;Ratswahl NRW;7107;7107 Unter den Eichen 26;16.09.2020 18:03:23;1163;362;0;1525;486;0;6;480;109;99;119;51;23;31;6;6;0;16;3;;0;13;4;
0.3;05111000;13.09.2020;Ratswahl NRW;7108;7108 Schönaustraße 25;16.09.2020 18:03:32;1134;419;0;1553;555;0;8;547;142;113;160;38;19;25;5;7;1;9;6;;4;11;7;
0.3;05111000;13.09.2020;Ratswahl NRW;7109;7109 Diepenstraße 24;16.09.2020 18:03:40;1421;472;0;1893;487;0;8;479;146;108;77;53;11;48;8;5;2;3;2;;5;8;3;
0.3;05111000;13.09.2020;Ratswahl NRW;7110;7110 Lohbachweg 18;16.09.2020 18:03:48;979;471;0;1450;525;0;5;520;168;104;134;61;8;22;2;1;1;4;1;;1;9;4;
0.3;05111000;13.09.2020;Ratswahl NRW;7111;7111 Lohbachweg 16;16.09.2020 18:03:58;1213;490;0;1703;503;0;4;499;128;80;145;36;23;39;2;3;1;16;6;;6;9;5;
0.3;05111000;13.09.2020;Ratswahl NRW;7112;7112 Heyestraße 91;16.09.2020 18:04:07;1037;421;0;1458;364;0;5;359;84;78;85;46;17;20;2;0;1;3;4;;2;15;2;
0.3;05111000;13.09.2020;Ratswahl NRW;7113;7113 Heyestraße 91;16.09.2020 18:04:16;936;221;0;1157;299;0;4;295;54;71;57;40;11;37;5;1;2;3;4;;3;4;3;
0.3;05111000;13.09.2020;Ratswahl NRW;7114;7114 Heyestraße 91;16.09.2020 18:04:24;1168;224;0;1392;391;0;14;377;71;69;80;81;13;25;2;3;2;6;1;;4;14;6;
0.3;05111000;13.09.2020;Ratswahl NRW;7115;7115 Kamperweg 291;16.09.2020 18:04:34;1473;383;0;1856;570;0;13;557;175;138;95;63;25;38;2;3;1;6;1;;1;8;1;
0.3;05111000;13.09.2020;Ratswahl NRW;7190;7190 Briefwahlbezirk;13.09.2020 22:45:54;0;0;0;0;1239;1239;4;1235;393;206;353;113;46;34;6;24;0;5;8;;11;23;13;
0.3;05111000;13.09.2020;Ratswahl NRW;7191;7191 Briefwahlbezirk;13.09.2020 20:46:14;0;0;0;0;1293;1293;2;1291;413;249;320;114;53;38;10;14;2;13;11;;15;32;7;
0.3;05111000;13.09.2020;Ratswahl NRW;7192;7192 Briefwahlbezirk;13.09.2020 21:27:56;0;0;0;0;378;378;0;378;94;89;93;40;18;4;4;11;2;6;0;;6;7;4;
0.3;05111000;13.09.2020;Ratswahl NRW;7193;7193 Briefwahlbezirk;13.09.2020 22:56:31;0;0;0;0;1313;1313;3;1310;439;198;314;213;38;37;2;6;0;14;10;;12;18;9;
0.3;05111000;13.09.2020;Ratswahl NRW;7194;7194 Briefwahlbezirk;14.09.2020 00:16:45;0;0;0;0;1040;1040;2;1038;297;194;246;132;42;41;13;3;0;15;12;;13;18;12;
0.3;05111000;13.09.2020;Ratswahl NRW;7195;7195 Briefwahlbezirk;13.09.2020 21:33:40;0;0;0;0;569;569;9;560;179;112;111;71;18;11;4;5;3;13;4;;8;14;7;
0.3;05111000;13.09.2020;Ratswahl NRW;7201;7201 Graf-Recke-Straße 94;16.09.2020 18:04:41;1003;543;0;1546;513;0;8;505;155;90;129;71;8;24;9;2;0;3;1;1;2;4;4;2
0.3;05111000;13.09.2020;Ratswahl NRW;7202;7202 Grafenberger Allee 384;16.09.2020 18:04:52;1057;418;0;1475;564;0;4;560;148;123;139;73;16;17;1;8;1;5;3;1;3;12;8;2
0.3;05111000;13.09.2020;Ratswahl NRW;7203;7203 Grafenberger Allee 384;16.09.2020 18:04:59;1043;447;0;1490;513;0;5;508;141;69;152;65;16;21;4;4;0;5;4;0;8;8;9;2
0.3;05111000;13.09.2020;Ratswahl NRW;7290;7290 Briefwahlbezirk;13.09.2020 21:34:30;0;0;0;0;1273;1273;6;1267;448;168;312;196;32;21;8;11;1;9;6;1;15;22;15;2
0.3;05111000;13.09.2020;Ratswahl NRW;7301;7301 Grafenberger Allee 384;16.09.2020 18:05:08;835;330;0;1165;347;0;3;344;134;38;78;56;10;7;1;0;0;3;0;0;4;4;5;4
0.3;05111000;13.09.2020;Ratswahl NRW;7302;7302 Am Poth 60;16.09.2020 18:05:22;520;404;0;924;279;0;0;279;93;26;55;72;5;11;1;2;2;2;2;0;2;2;4;0
0.3;05111000;13.09.2020;Ratswahl NRW;7303;7303 Gräulinger Straße 15;16.09.2020 18:05:37;974;608;0;1582;524;0;0;524;184;85;121;56;21;22;7;4;0;6;2;;6;9;1;
0.3;05111000;13.09.2020;Ratswahl NRW;7304;7304 Am Mergelsberg 1;16.09.2020 18:05:44;610;358;0;968;230;0;1;229;79;34;53;33;8;9;0;1;0;5;3;0;0;0;3;1
0.3;05111000;13.09.2020;Ratswahl NRW;7305;7305 Am Poth 60;13.09.2020 18:57:26;956;554;0;1510;401;0;5;396;109;67;113;44;10;23;3;4;1;5;2;0;1;8;6;0
0.3;05111000;13.09.2020;Ratswahl NRW;7390;7390 Briefwahlbezirk;13.09.2020 23:37:06;0;0;0;0;1502;1502;6;1496;626;177;299;264;21;36;3;2;5;22;16;1;3;9;10;2
0.3;05111000;13.09.2020;Ratswahl NRW;7391;7391 Briefwahlbezirk;13.09.2020 22:01:29;0;0;0;0;572;572;1;571;231;83;126;53;13;20;3;10;0;9;2;;3;11;7;
0.3;05111000;13.09.2020;Ratswahl NRW;7401;7401 Dorfstraße 20;13.09.2020 19:40:28;826;504;0;1330;487;0;6;481;232;40;98;61;13;15;3;3;0;4;1;0;1;7;3;0
0.3;05111000;13.09.2020;Ratswahl NRW;7490;7490 Briefwahlbezirk;13.09.2020 21:50:49;0;0;0;0;455;455;0;455;226;32;90;63;11;5;2;7;2;1;6;0;6;4;0;0
0.3;05111000;13.09.2020;Ratswahl NRW;7501;7501 Am Mergelsberg 1;16.09.2020 18:05:55;1143;420;0;1563;586;0;6;580;191;94;125;58;21;36;3;4;2;22;5;0;1;6;4;8
0.3;05111000;13.09.2020;Ratswahl NRW;7590;7590 Briefwahlbezirk;13.09.2020 21:56:08;0;0;0;0;374;374;0;374;143;44;79;38;12;10;4;6;2;13;6;0;2;10;1;4
0.3;05111000;13.09.2020;Ratswahl NRW;8101;8101 Kempgensweg 65;16.09.2020 18:06:18;1147;346;0;1493;317;0;5;312;90;95;58;23;20;11;1;2;1;4;;;0;5;2;
0.3;05111000;13.09.2020;Ratswahl NRW;8102;8102 Kempgensweg 65;13.09.2020 19:18:34;1300;176;0;1476;419;0;6;413;83;175;55;24;25;23;1;3;1;6;;;4;10;3;
0.3;05111000;13.09.2020;Ratswahl NRW;8103;8103 Leuthenstraße 50;16.09.2020 18:06:26;1312;275;0;1587;382;0;5;377;83;142;55;19;14;38;3;1;2;6;;;2;10;2;
0.3;05111000;13.09.2020;Ratswahl NRW;8104;8104 Kempgensweg 65;16.09.2020 18:06:34;1150;157;0;1307;203;0;6;197;55;64;31;7;12;11;1;0;0;4;;;2;5;5;
0.3;05111000;13.09.2020;Ratswahl NRW;8105;8105 Am Hackenbruch 35;16.09.2020 18:06:43;1032;239;0;1271;341;0;4;337;66;149;39;14;18;28;2;0;2;10;;;0;9;0;
0.3;05111000;13.09.2020;Ratswahl NRW;8190;8190 Briefwahlbezirk;13.09.2020 22:56:08;0;0;0;0;1064;1064;3;1061;294;325;198;64;54;48;5;6;2;18;;;8;20;19;
0.3;05111000;13.09.2020;Ratswahl NRW;8201;8201 Leuthenstraße 50;16.09.2020 18:06:52;1068;248;0;1316;376;0;6;370;74;150;75;12;14;18;4;2;1;9;;;2;8;1;
0.3;05111000;13.09.2020;Ratswahl NRW;8202;8202 Leuthenstraße 50;16.09.2020 18:07:00;835;158;0;993;257;0;3;254;58;96;47;9;11;20;1;0;0;1;;;4;5;2;
0.3;05111000;13.09.2020;Ratswahl NRW;8203;8203 Am Hackenbruch 35;13.09.2020 18:52:05;1048;216;0;1264;274;0;5;269;70;70;43;16;17;22;2;1;1;8;;;5;8;6;
0.3;05111000;13.09.2020;Ratswahl NRW;8204;8204 Richardstraße 14;16.09.2020 18:07:10;1093;222;0;1315;361;0;5;356;109;117;55;20;18;;3;4;3;9;1;;3;9;5;
0.3;05111000;13.09.2020;Ratswahl NRW;8205;8205 Am Hackenbruch 35;16.09.2020 18:07:17;1043;188;0;1231;321;0;6;315;88;102;53;19;19;;2;3;7;6;5;;1;7;3;
0.3;05111000;13.09.2020;Ratswahl NRW;8206;8206 Richardstraße 14;13.09.2020 19:19:56;984;158;0;1142;224;0;0;224;75;90;14;11;7;;4;4;4;7;0;;3;5;0;
0.3;05111000;13.09.2020;Ratswahl NRW;8207;8207 Gumbertstraße 191;16.09.2020 18:07:25;1179;335;0;1514;501;0;4;497;156;133;89;35;34;;1;9;7;10;3;;1;14;5;
0.3;05111000;13.09.2020;Ratswahl NRW;8208;8208 Gumbertstraße 191;16.09.2020 17:13:23;1125;297;0;1422;341;0;8;333;100;89;67;19;21;;3;6;8;2;0;;2;10;6;
0.3;05111000;13.09.2020;Ratswahl NRW;8209;8209 Gumbertstraße 191;16.09.2020 18:07:45;1009;216;0;1225;256;0;3;253;59;76;47;16;19;;2;6;4;7;2;;5;8;2;
0.3;05111000;13.09.2020;Ratswahl NRW;8210;8210 Deutzer Straße 102;16.09.2020 17:13:43;1406;305;0;1711;427;0;10;417;136;99;73;19;26;33;1;10;1;6;2;;2;6;3;
0.3;05111000;13.09.2020;Ratswahl NRW;8211;8211 Bingener Weg 10;13.09.2020 19:33:02;1228;216;0;1444;403;0;11;392;105;142;69;17;19;20;0;4;0;5;3;;2;5;1;
0.3;05111000;13.09.2020;Ratswahl NRW;8212;8212 Bingener Weg 10;13.09.2020 19:31:11;1025;396;0;1421;425;0;1;424;165;86;88;20;19;19;3;4;0;3;2;;6;7;2;
0.3;05111000;13.09.2020;Ratswahl NRW;8213;8213 Bernburger Straße 44;16.09.2020 18:07:57;1265;242;0;1507;373;0;3;370;102;75;72;19;24;29;1;8;1;11;3;;6;12;7;
0.3;05111000;13.09.2020;Ratswahl NRW;8214;8214 Bernburger Straße 44;16.09.2020 18:08:05;1140;504;0;1644;425;0;3;422;134;97;77;37;12;30;5;5;2;7;2;;3;5;6;
0.3;05111000;13.09.2020;Ratswahl NRW;8215;8215 Deutzer Straße 102;13.09.2020 19:00:16;799;104;0;903;233;0;4;229;88;47;24;13;10;26;5;3;2;2;0;;2;2;5;
0.3;05111000;13.09.2020;Ratswahl NRW;8216;8216 Fuldaer Straße 33;13.09.2020 19:46:17;959;210;0;1169;297;0;9;288;108;62;44;17;18;19;2;2;1;6;2;;1;3;3;
0.3;05111000;13.09.2020;Ratswahl NRW;8217;8217 Fuldaer Straße 33;13.09.2020 19:21:39;984;296;0;1280;390;0;3;387;128;101;63;21;22;21;3;2;1;5;2;;4;10;4;
0.3;05111000;13.09.2020;Ratswahl NRW;8290;8290 Briefwahlbezirk;14.09.2020 00:58:00;0;0;0;0;542;542;4;538;163;140;105;38;19;29;4;1;1;9;;;4;13;12;
0.3;05111000;13.09.2020;Ratswahl NRW;8291;8291 Briefwahlbezirk;14.09.2020 00:14:39;0;0;0;0;824;824;28;796;253;197;149;69;39;;4;14;11;12;9;;6;21;12;
0.3;05111000;13.09.2020;Ratswahl NRW;8292;8292 Briefwahlbezirk;13.09.2020 22:07:21;0;0;0;0;436;436;1;435;148;100;90;33;18;;5;4;6;8;6;;3;8;6;
0.3;05111000;13.09.2020;Ratswahl NRW;8293;8293 Briefwahlbezirk;13.09.2020 22:37:27;0;0;0;0;1043;1043;6;1037;371;237;193;63;32;51;5;14;2;26;9;;8;19;7;
0.3;05111000;13.09.2020;Ratswahl NRW;8294;8294 Briefwahlbezirk;13.09.2020 22:12:55;0;0;0;0;1033;1033;2;1031;429;183;205;80;33;35;3;12;1;12;4;;10;12;12;
0.3;05111000;13.09.2020;Ratswahl NRW;8301;8301 Arnstadter Weg 6-16;16.09.2020 18:08:16;1194;552;0;1746;608;0;4;604;193;162;99;42;14;46;0;10;0;15;2;;5;13;3;
0.3;05111000;13.09.2020;Ratswahl NRW;8302;8302 Kamper Weg 291;16.09.2020 18:08:25;1030;450;0;1480;433;0;1;432;150;78;95;33;19;24;0;6;0;9;1;;7;5;5;
0.3;05111000;13.09.2020;Ratswahl NRW;8303;8303 Arnstadter Weg 6-16;16.09.2020 18:08:32;1042;581;0;1623;532;0;2;530;154;113;130;39;21;29;3;6;2;9;0;;3;14;7;
0.3;05111000;13.09.2020;Ratswahl NRW;8304;8304 Vennhauser Allee 167;16.09.2020 18:08:40;1261;450;0;1711;510;0;7;503;167;132;90;38;22;;0;7;19;10;0;;4;12;2;
0.3;05111000;13.09.2020;Ratswahl NRW;8305;8305 Vennhauser Allee 167;16.09.2020 18:08:50;1167;531;0;1698;512;0;9;503;177;116;111;35;24;;3;6;4;7;3;;4;6;7;
0.3;05111000;13.09.2020;Ratswahl NRW;8390;8390 Briefwahlbezirk;14.09.2020 00:00:57;0;0;0;0;925;925;4;921;325;227;163;85;24;33;6;12;1;15;3;;11;9;7;
0.3;05111000;13.09.2020;Ratswahl NRW;8391;8391 Briefwahlbezirk;13.09.2020 21:00:08;0;0;0;0;531;531;4;527;192;109;125;40;15;19;2;9;0;8;0;;1;5;2;
0.3;05111000;13.09.2020;Ratswahl NRW;8392;8392 Briefwahlbezirk;13.09.2020 23:41:56;0;0;0;0;899;899;5;894;343;204;177;70;33;;6;8;10;10;3;;9;14;7;
0.3;05111000;13.09.2020;Ratswahl NRW;8401;8401 Brorsstraße 5;16.09.2020 18:08:59;913;617;0;1530;411;0;13;398;162;64;86;28;11;16;1;10;1;6;2;;3;5;3;
0.3;05111000;13.09.2020;Ratswahl NRW;8402;8402 Brorsstraße 5;13.09.2020 19:43:04;992;554;0;1546;465;0;10;455;159;86;107;37;10;27;3;3;2;6;1;;5;4;5;
0.3;05111000;13.09.2020;Ratswahl NRW;8403;8403 Brorsstraße 5;13.09.2020 20:34:53;1141;594;0;1735;555;0;8;547;231;81;114;52;16;21;4;2;1;8;5;;2;8;2;
0.3;05111000;13.09.2020;Ratswahl NRW;8404;8404 Brorsstraße 5;16.09.2020 18:09:08;958;549;0;1507;396;0;0;396;138;67;89;36;11;27;6;1;2;7;1;;3;7;1;
0.3;05111000;13.09.2020;Ratswahl NRW;8490;8490 Briefwahlbezirk;13.09.2020 23:16:42;0;0;0;0;1600;1600;2;1598;694;207;337;164;28;54;10;21;2;23;5;;19;19;15;
0.3;05111000;13.09.2020;Ratswahl NRW;8491;8491 Briefwahlbezirk;13.09.2020 22:42:58;0;0;0;0;512;512;22;490;252;80;79;40;5;10;0;3;0;8;3;;3;5;2;
0.3;05111000;13.09.2020;Ratswahl NRW;9101;9101 Siegburger Straße 149;13.09.2020 19:37:34;1233;399;0;1632;514;0;4;510;185;102;100;31;22;25;3;4;0;10;;;8;8;12;
0.3;05111000;13.09.2020;Ratswahl NRW;9102;9102 Bernburger Straße 44;16.09.2020 18:09:28;1000;581;0;1581;349;0;12;337;93;71;89;22;8;12;6;2;4;2;;;10;10;8;
0.3;05111000;13.09.2020;Ratswahl NRW;9103;9103 Rheindorfer Weg 20;13.09.2020 19:55:32;1180;492;0;1672;601;0;4;597;210;118;138;39;18;24;3;4;0;13;;;5;14;11;
0.3;05111000;13.09.2020;Ratswahl NRW;9104;9104 Lützenkircher Straße 2;16.09.2020 18:09:38;1188;373;0;1561;414;0;5;409;123;86;88;19;23;22;8;3;0;8;;;12;12;5;
0.3;05111000;13.09.2020;Ratswahl NRW;9105;9105 Werstener Friedhofstraße 10;16.09.2020 18:09:46;1218;391;0;1609;427;0;4;423;132;71;88;37;25;33;3;2;2;6;;;5;13;6;
0.3;05111000;13.09.2020;Ratswahl NRW;9106;9106 Lützenkircher Straße 2;14.09.2020 00:15:57;1129;523;0;1652;482;0;4;478;140;92;115;29;17;20;1;5;1;11;;;14;14;19;
0.3;05111000;13.09.2020;Ratswahl NRW;9107;9107 Rheindorfer Weg 20;14.09.2020 00:11:16;1024;606;0;1630;535;0;6;529;171;92;166;27;14;17;6;0;1;11;;;12;7;5;
0.3;05111000;13.09.2020;Ratswahl NRW;9108;9108 Rheindorfer Weg 20;16.09.2020 18:09:57;968;597;0;1565;504;0;4;500;170;59;158;32;15;22;3;4;0;3;;;5;16;13;
0.3;05111000;13.09.2020;Ratswahl NRW;9109;9109 Am Massenberger Kamp 45;13.09.2020 19:43:03;1097;363;0;1460;405;0;6;399;111;85;89;32;18;17;3;4;2;11;;;5;14;8;
0.3;05111000;13.09.2020;Ratswahl NRW;9110;9110 Am Massenberger Kamp 45;13.09.2020 19:53:13;1284;243;0;1527;279;0;6;273;82;89;37;19;10;14;2;2;3;3;;;1;7;4;
0.3;05111000;13.09.2020;Ratswahl NRW;9111;9111 Lützenkircher Straße 2;16.09.2020 18:10:05;1301;243;0;1544;370;0;8;362;93;107;66;22;20;21;5;3;0;5;;;3;12;5;
0.3;05111000;13.09.2020;Ratswahl NRW;9112;9112 Werstener Friedhofstraße 10;13.09.2020 20:25:46;1278;221;0;1499;375;0;3;372;126;80;57;29;16;34;3;5;3;11;;;1;5;2;
0.3;05111000;13.09.2020;Ratswahl NRW;9113;9113 Werstener Friedhofstraße 10;16.09.2020 18:10:14;1177;302;0;1479;398;0;4;394;145;69;55;31;23;33;6;3;1;8;;;3;13;4;
0.3;05111000;13.09.2020;Ratswahl NRW;9190;9190 Briefwahlbezirk;13.09.2020 22:39:51;0;0;0;0;1307;1307;5;1302;473;315;252;85;44;47;7;3;0;18;;;18;24;16;
0.3;05111000;13.09.2020;Ratswahl NRW;9191;9191 Briefwahlbezirk;13.09.2020 22:33:39;0;0;0;0;1303;1303;13;1290;546;206;277;97;42;32;8;10;1;16;;;13;28;14;
0.3;05111000;13.09.2020;Ratswahl NRW;9192;9192 Briefwahlbezirk;13.09.2020 20:57:55;0;0;0;0;493;493;0;493;207;73;121;46;13;10;1;0;0;5;;;8;4;5;
0.3;05111000;13.09.2020;Ratswahl NRW;9193;9193 Briefwahlbezirk;13.09.2020 21:36:04;0;0;0;0;875;875;9;866;296;187;170;78;42;19;7;14;0;8;;;17;22;6;
0.3;05111000;13.09.2020;Ratswahl NRW;9194;9194 Briefwahlbezirk;13.09.2020 20:14:32;0;0;0;0;602;602;2;600;213;126;86;70;28;36;2;2;1;11;;;8;14;3;
0.3;05111000;13.09.2020;Ratswahl NRW;9201;9201 Steinkaul 27;16.09.2020 18:10:23;1046;505;0;1551;651;0;5;646;349;58;102;70;11;22;4;4;1;3;2;;5;6;9;
0.3;05111000;13.09.2020;Ratswahl NRW;9290;9290 Briefwahlbezirk;13.09.2020 23:27:51;0;0;0;0;462;462;1;461;251;43;86;54;5;5;3;2;0;2;0;;4;4;2;
0.3;05111000;13.09.2020;Ratswahl NRW;9301;9301 Itterstraße 16;13.09.2020 20:02:42;1181;247;0;1428;292;0;3;289;106;66;41;18;11;18;4;2;1;12;;;2;6;2;
0.3;05111000;13.09.2020;Ratswahl NRW;9302;9302 Itterstraße 16;16.09.2020 18:10:32;902;371;0;1273;404;0;4;400;133;77;79;37;13;28;6;7;1;5;3;;3;4;4;
0.3;05111000;13.09.2020;Ratswahl NRW;9303;9303 Itterstraße 16;16.09.2020 18:10:47;1040;235;0;1275;320;0;21;299;87;75;49;18;17;25;3;2;2;5;0;;1;8;7;
0.3;05111000;13.09.2020;Ratswahl NRW;9304;9304 Itterstraße 16;16.09.2020 18:11:10;898;307;0;1205;320;0;4;316;111;70;52;15;13;21;6;2;0;8;1;;3;7;7;
0.3;05111000;13.09.2020;Ratswahl NRW;9305;9305 Walther-Rathenau-Straße 15;13.09.2020 19:50:47;999;139;0;1138;261;0;9;252;55;91;33;13;9;25;4;3;1;3;5;;2;6;2;
0.3;05111000;13.09.2020;Ratswahl NRW;9306;9306 Walther-Rathenau-Straße 15;13.09.2020 19:53:58;988;120;0;1108;273;0;5;268;51;85;44;19;17;23;1;2;3;5;1;;4;10;3;
0.3;05111000;13.09.2020;Ratswahl NRW;9307;9307 Walther-Rathenau-Straße 15;13.09.2020 20:07:42;1097;140;0;1237;306;0;11;295;72;83;43;20;9;25;1;0;1;14;2;;1;18;6;
0.3;05111000;13.09.2020;Ratswahl NRW;9390;9390 Briefwahlbezirk;13.09.2020 20:07:46;0;0;0;0;220;220;0;220;78;48;40;25;4;11;2;3;0;1;;;5;2;1;
0.3;05111000;13.09.2020;Ratswahl NRW;9391;9391 Briefwahlbezirk;13.09.2020 21:27:30;0;0;0;0;819;819;3;816;324;165;142;81;16;31;8;1;4;11;5;;8;15;5;
0.3;05111000;13.09.2020;Ratswahl NRW;9392;9392 Briefwahlbezirk;13.09.2020 20:59:43;0;0;0;0;353;353;3;350;97;85;69;35;20;12;1;3;4;3;1;;3;14;3;
0.3;05111000;13.09.2020;Ratswahl NRW;9401;9401 Buchenstraße 16;16.09.2020 18:11:19;946;201;0;1147;321;0;7;314;98;108;29;15;7;22;3;3;3;10;1;;2;5;8;
0.3;05111000;13.09.2020;Ratswahl NRW;9402;9402 Buchenstraße 16;16.09.2020 18:11:28;1105;203;0;1308;290;0;5;285;65;81;53;14;10;36;5;0;0;4;0;;1;14;2;
0.3;05111000;13.09.2020;Ratswahl NRW;9490;9490 Briefwahlbezirk;13.09.2020 22:45:27;0;0;0;0;323;323;3;320;101;89;37;37;13;13;0;6;0;4;1;;4;9;6;
0.3;05111000;13.09.2020;Ratswahl NRW;9501;9501 Benrodestraße 46;16.09.2020 18:11:38;884;516;0;1400;439;0;2;437;176;70;82;41;16;17;1;9;0;2;1;;1;7;14;
0.3;05111000;13.09.2020;Ratswahl NRW;9502;9502 Hospitalstraße 45;16.09.2020 18:11:46;1042;439;0;1481;574;0;4;570;150;132;162;26;22;26;1;6;2;7;2;;6;16;12;
0.3;05111000;13.09.2020;Ratswahl NRW;9503;9503 Hospitalstraße 45;13.09.2020 19:09:39;1065;375;0;1440;382;0;8;374;102;82;73;30;22;20;4;6;3;8;0;;10;10;4;
0.3;05111000;13.09.2020;Ratswahl NRW;9504;9504 Brucknerstraße 19;16.09.2020 18:11:55;949;383;0;1332;343;0;2;341;89;75;71;20;28;19;5;5;0;6;1;;0;15;7;
0.3;05111000;13.09.2020;Ratswahl NRW;9505;9505 Benrodestraße 46;14.09.2020 17:49:37;1059;355;0;1414;443;0;4;439;117;108;98;33;9;26;3;8;3;11;3;;3;10;7;
0.3;05111000;13.09.2020;Ratswahl NRW;9506;9506 Brucknerstraße 19;16.09.2020 18:12:04;1066;509;0;1575;666;0;1;665;278;113;155;59;8;12;0;6;0;5;2;;6;13;8;
0.3;05111000;13.09.2020;Ratswahl NRW;9507;9507 Einsiedelstraße 25;13.09.2020 19:39:05;1063;237;0;1300;443;0;4;439;130;96;91;28;20;31;3;12;1;6;;;9;7;5;
0.3;05111000;13.09.2020;Ratswahl NRW;9508;9508 Telleringstraße 56;16.09.2020 18:12:12;1054;270;0;1324;423;0;8;415;137;96;78;23;15;30;0;11;2;8;;;4;8;3;
0.3;05111000;13.09.2020;Ratswahl NRW;9509;9509 Telleringstraße 56;16.09.2020 18:12:20;1263;329;0;1592;468;0;4;464;143;92;108;22;19;27;6;9;0;8;;;8;13;9;
0.3;05111000;13.09.2020;Ratswahl NRW;9590;9590 Briefwahlbezirk;13.09.2020 21:37:17;0;0;0;0;843;843;5;838;361;137;155;92;23;21;4;8;0;11;1;;4;10;11;
0.3;05111000;13.09.2020;Ratswahl NRW;9591;9591 Briefwahlbezirk;13.09.2020 21:02:51;0;0;0;0;988;988;36;952;347;187;167;79;39;25;2;13;2;19;5;;8;26;33;
0.3;05111000;13.09.2020;Ratswahl NRW;9592;9592 Briefwahlbezirk;13.09.2020 20:48:28;0;0;0;0;441;441;1;440;214;53;89;39;8;9;3;1;0;5;2;;4;1;12;
0.3;05111000;13.09.2020;Ratswahl NRW;9593;9593 Briefwahlbezirk;13.09.2020 20:56:56;0;0;0;0;726;726;22;704;264;129;166;44;23;19;6;16;6;12;;;5;5;9;
0.3;05111000;13.09.2020;Ratswahl NRW;9601;9601 Garather Straße 16;13.09.2020 18:54:26;619;210;0;829;168;0;3;165;70;34;22;9;6;12;2;1;0;4;1;;0;2;2;
0.3;05111000;13.09.2020;Ratswahl NRW;9602;9602 Garather Straße 16;16.09.2020 18:12:30;1060;500;0;1560;617;0;15;602;193;112;125;59;19;35;2;3;5;12;8;;14;8;7;
0.3;05111000;13.09.2020;Ratswahl NRW;9603;9603 Urdenbacher Allee 91;16.09.2020 18:12:37;1060;549;0;1609;602;0;7;595;203;113;135;46;18;32;0;6;2;5;6;;7;13;9;
0.3;05111000;13.09.2020;Ratswahl NRW;9604;9604 Garather Straße 16;13.09.2020 20:10:09;982;577;0;1559;448;0;8;440;198;88;75;25;11;20;1;3;1;3;0;;6;4;5;
0.3;05111000;13.09.2020;Ratswahl NRW;9605;9605 Theodor-Litt-Straße 2;16.09.2020 18:12:46;1158;286;0;1444;427;0;6;421;121;111;57;29;23;41;1;10;2;4;6;;2;5;9;
0.3;05111000;13.09.2020;Ratswahl NRW;9606;9606 Urdenbacher Allee 91;16.09.2020 18:14:53;937;524;0;1461;586;0;6;580;212;120;131;55;9;25;0;3;0;5;2;;4;11;3;
0.3;05111000;13.09.2020;Ratswahl NRW;9690;9690 Briefwahlbezirk;13.09.2020 21:20:33;0;0;0;0;1110;1110;7;1103;524;180;184;97;15;32;5;10;1;11;8;;9;11;16;
0.3;05111000;13.09.2020;Ratswahl NRW;9691;9691 Briefwahlbezirk;13.09.2020 20:51:33;0;0;0;0;1215;1215;3;1212;533;180;245;123;26;38;4;8;1;9;2;;10;14;19;
0.3;05111000;13.09.2020;Ratswahl NRW;9701;9701 Steinkaul 27;13.09.2020 20:36:38;1176;682;0;1858;659;0;6;653;316;57;177;46;11;26;2;0;1;7;1;;1;3;5;
0.3;05111000;13.09.2020;Ratswahl NRW;9790;9790 Briefwahlbezirk;13.09.2020 21:43:47;0;0;0;0;631;631;0;631;332;75;124;59;9;7;1;2;1;7;2;;3;8;1;
0.3;05111000;13.09.2020;Ratswahl NRW;9801;9801 Schillstraße 7;13.09.2020 19:18:51;1018;155;0;1173;207;0;3;204;69;52;20;11;16;19;2;1;2;2;1;;1;4;4;
0.3;05111000;13.09.2020;Ratswahl NRW;9802;9802 Fürstenberger Straße 10;13.09.2020 20:02:59;1500;157;0;1657;237;0;6;231;86;81;17;7;13;15;0;0;2;7;;;1;1;1;
0.3;05111000;13.09.2020;Ratswahl NRW;9803;9803 Fürstenberger Straße 10;16.09.2020 18:12:56;1385;115;0;1500;312;0;7;305;82;88;24;17;23;45;1;5;2;12;;;1;3;2;
0.3;05111000;13.09.2020;Ratswahl NRW;9804;9804 Fürstenberger Straße 10;13.09.2020 20:14:01;1302;243;0;1545;355;0;12;343;121;80;44;22;15;41;0;5;1;5;;;1;8;0;
0.3;05111000;13.09.2020;Ratswahl NRW;9805;9805 Am Köhnen 73;13.09.2020 19:31:45;1196;262;0;1458;436;0;11;425;174;101;47;24;12;32;2;7;1;8;;;4;8;5;
0.3;05111000;13.09.2020;Ratswahl NRW;9806;9806 Am Köhnen 73;16.09.2020 18:13:05;1231;286;0;1517;396;0;6;390;173;84;33;17;12;53;0;8;0;3;;;1;5;1;
0.3;05111000;13.09.2020;Ratswahl NRW;9807;9807 Schillstraße 7;16.09.2020 18:13:12;1030;386;0;1416;410;0;6;404;194;81;46;23;17;16;2;5;2;4;;;2;7;5;
0.3;05111000;13.09.2020;Ratswahl NRW;9808;9808 Schillstraße 7;13.09.2020 19:56:57;1205;384;0;1589;483;0;8;475;207;117;56;17;22;25;1;4;0;3;;;2;14;7;
0.3;05111000;13.09.2020;Ratswahl NRW;9890;9890 Briefwahlbezirk;13.09.2020 21:01:51;0;0;0;0;122;122;0;122;44;23;16;15;4;7;2;1;1;0;0;;1;6;2;
0.3;05111000;13.09.2020;Ratswahl NRW;9891;9891 Briefwahlbezirk;13.09.2020 20:52:42;0;0;0;0;383;383;2;381;159;96;47;32;6;14;2;9;1;5;;;4;5;1;
0.3;05111000;13.09.2020;Ratswahl NRW;9892;9892 Briefwahlbezirk;13.09.2020 21:37:44;0;0;0;0;1156;1156;5;1151;606;227;139;60;29;36;7;8;1;10;;;6;16;6;
