version;wahl-behoerde-gs;wahl-datum;wahl-name;bezirk-nr;bezirk-name;zeitstempel-erfassung;A1;A2;A3;A;B;B2;C;D;D1;D2;D3;D6;D7;D9
0.2;05366004;13.09.2020;Landratswahl NRW;01.1;01.1 Arloff;13.09.2020 20:00:00;712;271;0;983;367;0;3;364;157;155;20;17;9;6
0.2;05366004;13.09.2020;Landratswahl NRW;01.2;01.2 Briefwahlbezirk Arloff;13.09.2020 19:15:29;0;0;0;0;255;255;1;254;116;96;23;11;7;1
0.2;05366004;13.09.2020;Landratswahl NRW;02.1;02.1 Kirspenich;13.09.2020 20:00:00;783;339;0;1122;294;0;3;291;105;121;34;23;4;4
0.2;05366004;13.09.2020;Landratswahl NRW;02.2;02.2 Briefwahlbezirk Kirspenich;13.09.2020 19:37:16;0;0;0;0;306;306;2;304;127;130;30;5;4;8
0.2;05366004;13.09.2020;Landratswahl NRW;03.1;03.1 Iversheim I, Kalkar;13.09.2020 18:51:31;650;355;0;1005;266;0;3;263;83;127;26;12;12;3
0.2;05366004;13.09.2020;Landratswahl NRW;03.2;03.2 Briefwahlbezirk Iversheim I, Kalkar;13.09.2020 20:40:20;0;0;0;0;327;327;2;325;142;120;21;18;9;15
0.2;05366004;13.09.2020;Landratswahl NRW;04.1;04.1 Iversheim II, Eschweiler;13.09.2020 19:06:30;621;318;0;939;226;0;5;221;77;94;26;9;10;5
0.2;05366004;13.09.2020;Landratswahl NRW;04.2;04.2 Briefwahlbezirk Iversheim II, Eschweiler;13.09.2020 19:41:35;0;0;0;0;281;281;2;279;108;130;18;12;4;7
0.2;05366004;13.09.2020;Landratswahl NRW;05.1;05.1 Nöthen, Hohn;13.09.2020 20:00:00;594;415;0;1009;312;0;4;308;95;171;21;10;1;10
0.2;05366004;13.09.2020;Landratswahl NRW;05.2;05.2 Briefwahlbezirk Nöthen, Hohn;13.09.2020 19:07:26;0;0;0;0;394;394;5;389;131;181;37;20;7;13
0.2;05366004;13.09.2020;Landratswahl NRW;06.1;06.1 Rodert, Bad Münstereifel I;13.09.2020 18:37:31;563;310;0;873;178;0;2;176;62;68;18;11;11;6
0.2;05366004;13.09.2020;Landratswahl NRW;06.2;06.2 Briefwahlbezirk Rodert, Bad Münstereifel I;13.09.2020 19:09:13;0;0;0;0;275;275;3;272;98;117;21;10;16;10
0.2;05366004;13.09.2020;Landratswahl NRW;07.1;07.1 Bad Münstereifel II;13.09.2020 18:48:39;553;283;0;836;211;0;5;206;61;102;23;2;6;12
0.2;05366004;13.09.2020;Landratswahl NRW;07.2;07.2 Briefwahlbezirk Bad Münstereifel II;13.09.2020 19:52:13;0;0;0;0;262;262;2;260;97;111;28;11;5;8
0.2;05366004;13.09.2020;Landratswahl NRW;08.1;08.1 Bad Münstereifel III;13.09.2020 18:44:20;580;361;0;941;197;0;4;193;65;81;30;5;4;8
0.2;05366004;13.09.2020;Landratswahl NRW;08.2;08.2 Briefwahlbezirk Bad Münstereifel III;13.09.2020 20:14:04;0;0;0;0;325;325;7;318;129;117;31;10;14;17
0.2;05366004;13.09.2020;Landratswahl NRW;09.1;09.1 Bad Münstereifel IV;13.09.2020 18:30:28;642;315;0;957;206;0;4;202;56;102;23;11;6;4
0.2;05366004;13.09.2020;Landratswahl NRW;09.2;09.2 Briefwahlbezirk Bad Münstereifel IV;13.09.2020 19:50:30;0;0;0;0;286;286;1;285;100;121;25;14;15;10
0.2;05366004;13.09.2020;Landratswahl NRW;10.1;10.1 Eicherscheid;13.09.2020 18:41:42;557;323;0;880;258;0;4;254;94;101;26;17;6;10
0.2;05366004;13.09.2020;Landratswahl NRW;10.2;10.2 Briefwahlbezirk Eicherscheid;13.09.2020 19:28:10;0;0;0;0;300;300;11;289;127;111;23;10;7;11
0.2;05366004;13.09.2020;Landratswahl NRW;11.1;11.1 Schönau;13.09.2020 19:01:17;573;305;0;878;255;0;3;252;72;132;15;17;6;10
0.2;05366004;13.09.2020;Landratswahl NRW;11.2;11.2 Briefwahlbezirk Schönau;13.09.2020 19:36:39;0;0;0;0;280;280;0;280;117;125;21;7;4;6
0.2;05366004;13.09.2020;Landratswahl NRW;12.1;12.1 Mahlberg;13.09.2020 20:00:00;525;313;0;838;279;0;3;276;117;99;23;18;5;14
0.2;05366004;13.09.2020;Landratswahl NRW;12.2;12.2 Briefwahlbezirk Mahlberg;13.09.2020 20:37:45;0;0;0;0;280;280;2;278;122;105;22;14;7;8
0.2;05366004;13.09.2020;Landratswahl NRW;13.1;13.1 Mutscheid,  Esch;13.09.2020 18:53:30;613;375;0;988;303;0;9;294;92;131;31;22;9;9
0.2;05366004;13.09.2020;Landratswahl NRW;13.2;13.2 Briefwahlbezirk Mutscheid, Esch;13.09.2020 20:54:33;0;0;0;0;339;339;5;334;119;156;22;21;10;6
0.2;05366004;13.09.2020;Landratswahl NRW;14.1;14.1 Rupperath, Hardtbrücke;13.09.2020 18:50:29;629;243;0;872;344;0;6;338;148;113;37;28;6;6
0.2;05366004;13.09.2020;Landratswahl NRW;14.2;14.2 Briefwahlbezirk Rupperath, Hardtbrücke;13.09.2020 18:43:49;0;0;0;0;217;217;0;217;82;96;12;8;4;15
0.2;05366004;13.09.2020;Landratswahl NRW;15.1;15.1 Effelsberg, Wald;13.09.2020 18:38:46;735;343;0;1078;286;0;2;284;108;117;26;26;6;1
0.2;05366004;13.09.2020;Landratswahl NRW;15.2;15.2 Briefwahlbezirk Effelsberg, Wald;13.09.2020 20:23:36;0;0;0;0;292;292;9;283;114;124;23;12;7;3
0.2;05366004;13.09.2020;Landratswahl NRW;16.1;16.1 Houverath;13.09.2020 18:29:09;765;314;0;1079;337;0;7;330;151;98;48;19;10;4
0.2;05366004;13.09.2020;Landratswahl NRW;16.2;16.2 Briefwahlbezirk Houverath;13.09.2020 19:27:14;0;0;0;0;289;289;4;285;134;81;36;17;3;14
0.2;05366008;13.09.2020;Landratswahl NRW;001-1;Blankenheim I;13.09.2020 19:53:19;395;172;0;567;309;160;5;304;76;188;13;14;5;8
0.2;05366008;13.09.2020;Landratswahl NRW;002-1;Blankenheim II;13.09.2020 19:53:19;327;152;0;479;253;141;2;251;57;145;13;22;7;7
0.2;05366008;13.09.2020;Landratswahl NRW;003-1;Blankenheim III;13.09.2020 19:53:19;318;90;0;408;194;89;4;190;39;113;7;16;5;10
0.2;05366008;13.09.2020;Landratswahl NRW;003-2;Blankenheimerdorf I;13.09.2020 19:53:19;125;75;0;200;133;72;2;131;35;81;3;6;4;2
0.2;05366008;13.09.2020;Landratswahl NRW;004-1;Blankenheimerdorf II;13.09.2020 20:00:00;436;185;0;621;419;178;7;412;87;276;20;14;10;5
0.2;05366008;13.09.2020;Landratswahl NRW;005-1;Rohr;13.09.2020 19:53:19;264;87;0;351;232;86;4;228;67;129;14;12;2;4
0.2;05366008;13.09.2020;Landratswahl NRW;005-2;Lindweiler;13.09.2020 19:53:19;73;13;0;86;61;12;1;60;10;36;5;7;0;2
0.2;05366008;13.09.2020;Landratswahl NRW;005-3;Reetz I;13.09.2020 18:32:36;94;31;0;125;86;29;1;85;24;56;1;1;1;2
0.2;05366008;13.09.2020;Landratswahl NRW;006-1;Mülheim;13.09.2020 19:53:19;309;89;0;398;250;85;0;250;85;147;7;2;3;6
0.2;05366008;13.09.2020;Landratswahl NRW;006-2;Reetz II;13.09.2020 19:53:19;160;55;0;215;179;53;2;177;42;124;4;5;0;2
0.2;05366008;13.09.2020;Landratswahl NRW;007-1;Freilingen;13.09.2020 19:53:19;401;175;0;576;399;165;6;393;87;275;13;10;4;4
0.2;05366008;13.09.2020;Landratswahl NRW;008-1;Lommersdorf;13.09.2020 19:53:19;327;161;0;488;376;157;1;375;79;256;12;17;4;7
0.2;05366008;13.09.2020;Landratswahl NRW;009-1;Ahrdorf;13.09.2020 18:32:36;121;20;0;141;94;19;1;93;23;60;3;5;1;1
0.2;05366008;13.09.2020;Landratswahl NRW;009-2;Ahrhütte;13.09.2020 19:53:19;136;33;0;169;110;31;1;109;28;61;4;11;5;0
0.2;05366008;13.09.2020;Landratswahl NRW;009-3;Uedelhoven;13.09.2020 19:53:20;146;71;0;217;155;67;0;155;35;112;4;1;1;2
0.2;05366008;13.09.2020;Landratswahl NRW;010-1;Dollendorf;13.09.2020 19:53:20;406;212;0;618;413;192;3;410;90;283;15;4;12;6
0.2;05366008;13.09.2020;Landratswahl NRW;011-1;Hüngersdorf;13.09.2020 19:53:20;338;94;0;432;236;80;1;235;65;144;15;3;4;4
0.2;05366008;13.09.2020;Landratswahl NRW;012-1;Ripsdorf;13.09.2020 19:53:20;259;197;0;456;364;190;2;362;105;227;11;12;4;3
0.2;05366008;13.09.2020;Landratswahl NRW;013-1;Alendorf;13.09.2020 19:53:20;141;69;0;210;171;68;3;168;56;99;5;3;0;5
0.2;05366008;13.09.2020;Landratswahl NRW;013-2;Waldorf;13.09.2020 19:53:20;119;44;0;163;128;40;4;124;42;68;6;5;2;1
0.2;05366008;13.09.2020;Landratswahl NRW;013-3;Nonnenbach;13.09.2020 19:53:20;33;42;0;75;54;36;0;54;12;33;3;3;1;2
0.2;05366012;13.09.2020;Landratswahl NRW;01.0;01.0 Baasem;13.09.2020 19:00:42;236;113;0;349;272;109;12;260;86;117;23;12;4;18
0.2;05366012;13.09.2020;Landratswahl NRW;02.1;02.1 Berk;13.09.2020 19:28:50;214;74;0;288;221;67;6;215;72;113;15;6;2;7
0.2;05366012;13.09.2020;Landratswahl NRW;02.2;02.2 Frauenkron 1;13.09.2020 18:29:26;62;9;0;71;50;9;2;48;26;19;1;2;0;0
0.2;05366012;13.09.2020;Landratswahl NRW;03.0;03.0 Dahlem 1;13.09.2020 19:02:14;227;98;0;325;210;91;3;207;70;98;17;8;6;8
0.2;05366012;13.09.2020;Landratswahl NRW;04.0;04.0 Dahlem 2;13.09.2020 19:03:28;220;133;0;353;232;114;5;227;92;99;11;5;3;17
0.2;05366012;13.09.2020;Landratswahl NRW;05.0;05.0 Dahlem 3;13.09.2020 19:09:36;251;82;0;333;229;75;5;224;84;88;8;18;5;21
0.2;05366012;13.09.2020;Landratswahl NRW;06.0;06.0 Dahlem 4;13.09.2020 19:01:30;273;81;0;354;227;77;5;222;84;104;14;8;4;8
0.2;05366012;13.09.2020;Landratswahl NRW;07.1;07.1 Kronenburg;13.09.2020 19:04:32;181;99;0;280;229;95;6;223;59;124;23;6;5;6
0.2;05366012;13.09.2020;Landratswahl NRW;07.2;07.2 Frauenkron 2;13.09.2020 18:23:08;61;18;0;79;53;16;0;53;29;15;4;4;0;1
0.2;05366012;13.09.2020;Landratswahl NRW;08.0;08.0 Schmidtheim 1;13.09.2020 18:58:51;263;123;0;386;249;118;3;246;99;112;13;14;1;7
0.2;05366012;13.09.2020;Landratswahl NRW;09.0;09.0 Schmidtheim 2;13.09.2020 18:59:44;258;136;0;394;279;131;8;271;117;121;12;10;5;6
0.2;05366012;13.09.2020;Landratswahl NRW;10.0;10.0 Schmidtheim 3;13.09.2020 19:02:55;247;131;0;378;260;124;6;254;97;123;11;11;5;7
0.2;05366016;13.09.2020;Landratswahl NRW;011;01.1 Kernstadt;13.09.2020 19:01:31;1655;405;0;2060;402;3;7;395;133;157;46;36;12;11
0.2;05366016;13.09.2020;Landratswahl NRW;021;02.1 Kernstadt;13.09.2020 19:19:40;1579;736;0;2315;701;1;8;693;290;242;83;52;13;13
0.2;05366016;13.09.2020;Landratswahl NRW;031;03.1 Kernstadt;13.09.2020 19:11:50;1519;647;0;2166;656;0;3;653;295;206;75;49;18;10
0.2;05366016;13.09.2020;Landratswahl NRW;041;04.1 Kernstadt;13.09.2020 19:15:09;1389;463;0;1852;386;0;5;381;131;147;41;41;10;11
0.2;05366016;13.09.2020;Landratswahl NRW;051;05.1 Kernstadt;13.09.2020 19:52:21;1791;252;0;2043;480;0;7;473;180;171;52;40;17;13
0.2;05366016;13.09.2020;Landratswahl NRW;061;06.1 Kernstadt;13.09.2020 18:51:28;1457;391;0;1848;566;2;11;555;200;208;90;35;13;9
0.2;05366016;13.09.2020;Landratswahl NRW;071;07.1 Kernstadt;13.09.2020 18:47:09;1446;384;0;1830;418;0;10;408;146;140;65;34;13;10
0.2;05366016;13.09.2020;Landratswahl NRW;081;08.1 Kernstadt;13.09.2020 19:36:10;1511;322;0;1833;418;0;18;400;143;140;38;52;20;7
0.2;05366016;13.09.2020;Landratswahl NRW;091;09.1 Kernstadt;13.09.2020 19:09:18;1708;348;0;2056;491;0;9;482;165;164;49;65;28;11
0.2;05366016;13.09.2020;Landratswahl NRW;1;Briefwahl I;13.09.2020 19:32:36;0;0;0;0;356;356;0;356;165;115;35;28;7;6
0.2;05366016;13.09.2020;Landratswahl NRW;10;Briefwahl X;13.09.2020 19:24:36;0;0;0;0;339;339;5;334;152;107;39;20;6;10
0.2;05366016;13.09.2020;Landratswahl NRW;101;10.1 Kernstadt;13.09.2020 19:25:54;1644;378;0;2022;468;0;5;463;143;179;41;57;35;8
0.2;05366016;13.09.2020;Landratswahl NRW;11;Briefwahl XI;13.09.2020 19:41:02;0;0;0;0;279;279;3;276;132;63;38;14;17;12
0.2;05366016;13.09.2020;Landratswahl NRW;111;11.1 Kernstadt;13.09.2020 19:37:21;1481;320;0;1801;384;0;4;380;113;146;58;34;20;9
0.2;05366016;13.09.2020;Landratswahl NRW;12;Briefwahl XII;13.09.2020 18:58:13;0;0;0;0;385;385;2;383;184;126;28;17;11;17
0.2;05366016;13.09.2020;Landratswahl NRW;121;12.1 Kernstadt;13.09.2020 18:52:33;1707;417;0;2124;418;0;3;415;131;129;67;56;19;13
0.2;05366016;13.09.2020;Landratswahl NRW;13;Briefwahl XIII;13.09.2020 20:00:00;0;0;0;0;458;458;7;451;219;150;43;19;7;13
0.2;05366016;13.09.2020;Landratswahl NRW;131;13.1 Frauenberg/Oberwichterich;13.09.2020 20:00:00;629;210;0;839;296;0;0;296;104;117;41;24;6;4
0.2;05366016;13.09.2020;Landratswahl NRW;132;13.2 Elsig;13.09.2020 19:19:40;397;99;0;496;166;0;0;166;69;65;12;13;5;2
0.2;05366016;13.09.2020;Landratswahl NRW;133;13.3 Euenheim;13.09.2020 18:39:37;807;191;0;998;294;0;2;292;89;116;31;42;9;5
0.2;05366016;13.09.2020;Landratswahl NRW;14;Briefwahl XIV;13.09.2020 19:33:54;0;0;0;0;591;591;6;585;248;224;63;21;15;14
0.2;05366016;13.09.2020;Landratswahl NRW;141;14.1 Wißkirchen;13.09.2020 19:03:43;537;179;0;716;228;0;3;225;73;92;35;21;3;1
0.2;05366016;13.09.2020;Landratswahl NRW;142;14.2 Billig;13.09.2020 18:24:45;325;144;0;469;172;0;2;170;55;71;30;8;3;3
0.2;05366016;13.09.2020;Landratswahl NRW;143;14.3 Kreuzweingarten/Rheder;13.09.2020 22:19:48;728;332;0;1060;339;0;2;337;155;115;31;26;7;3
0.2;05366016;13.09.2020;Landratswahl NRW;15;Briefwahl XV;13.09.2020 21:14:55;0;0;0;0;472;472;2;470;216;168;42;13;16;15
0.2;05366016;13.09.2020;Landratswahl NRW;151;15.1 Stotzheim-Süd;13.09.2020 19:44:34;1503;443;0;1946;466;0;3;463;167;185;42;41;19;9
0.2;05366016;13.09.2020;Landratswahl NRW;152;15.2 Niederkastenholz;13.09.2020 20:00:00;174;84;0;258;102;0;0;102;46;37;6;8;3;2
0.2;05366016;13.09.2020;Landratswahl NRW;16;Briefwahl XVI;13.09.2020 19:38:30;0;0;0;0;472;472;6;466;221;185;35;14;3;8
0.2;05366016;13.09.2020;Landratswahl NRW;161;16.1 Stotzheim-Nord;13.09.2020 20:31:24;1137;297;0;1434;371;0;7;364;139;136;39;33;12;5
0.2;05366016;13.09.2020;Landratswahl NRW;162;16.2 Roitzheim;13.09.2020 18:31:07;673;210;0;883;244;0;7;237;98;85;14;32;4;4
0.2;05366016;13.09.2020;Landratswahl NRW;17;Briefwahl XVII;13.09.2020 20:57:30;0;0;0;0;678;678;7;671;364;181;67;30;16;13
0.2;05366016;13.09.2020;Landratswahl NRW;171;17.1 Flamersheim;13.09.2020 20:20:30;1704;742;0;2446;754;0;9;745;388;198;86;46;17;10
0.2;05366016;13.09.2020;Landratswahl NRW;18;Briefwahl XVIII;13.09.2020 19:41:02;0;0;0;0;570;570;4;566;254;208;52;26;12;14
0.2;05366016;13.09.2020;Landratswahl NRW;181;18.1 Kirchheim;13.09.2020 19:25:56;1661;630;0;2291;662;0;12;650;261;216;65;66;24;18
0.2;05366016;13.09.2020;Landratswahl NRW;19;Briefwahl XIX;13.09.2020 19:36:12;0;0;0;0;508;508;5;503;248;159;47;26;14;9
0.2;05366016;13.09.2020;Landratswahl NRW;191;19.1 Kuchenheim;13.09.2020 20:28:09;1887;578;0;2465;612;0;15;597;214;242;61;54;19;7
0.2;05366016;13.09.2020;Landratswahl NRW;2;Briefwahl II;13.09.2020 20:34:47;0;0;0;0;680;680;4;676;346;223;62;23;7;15
0.2;05366016;13.09.2020;Landratswahl NRW;20;Briefwahl XX;13.09.2020 20:06:56;0;0;0;0;472;472;4;468;240;142;39;25;9;13
0.2;05366016;13.09.2020;Landratswahl NRW;201;20.1 Kuchenheim-Süd;13.09.2020 20:08:04;295;77;0;372;124;0;2;122;50;52;9;7;2;2
0.2;05366016;13.09.2020;Landratswahl NRW;202;20.2 Palmersheim;13.09.2020 18:59:18;726;219;0;945;360;0;3;357;175;123;28;19;8;4
0.2;05366016;13.09.2020;Landratswahl NRW;203;20.3 Weidesheim;13.09.2020 18:58:06;578;128;0;706;309;0;12;297;123;89;40;39;5;1
0.2;05366016;13.09.2020;Landratswahl NRW;204;20.4 Schweinheim;13.09.2020 18:52:33;263;84;0;347;166;0;4;162;72;56;26;6;2;0
0.2;05366016;13.09.2020;Landratswahl NRW;21;Briefwahl XXI;13.09.2020 19:58:19;0;0;0;0;546;546;3;543;255;171;53;20;26;18
0.2;05366016;13.09.2020;Landratswahl NRW;211;21.1 Großbüllesheim;13.09.2020 19:20:55;1248;447;0;1695;503;0;18;485;196;174;52;46;9;8
0.2;05366016;13.09.2020;Landratswahl NRW;212;21.2 Wüschheim;13.09.2020 18:54:44;419;145;0;564;180;0;1;179;72;69;21;12;4;1
0.2;05366016;13.09.2020;Landratswahl NRW;22;Briefwahl XXII;13.09.2020 19:17:27;0;0;0;0;376;376;1;375;185;107;35;31;4;13
0.2;05366016;13.09.2020;Landratswahl NRW;221;22.1 Kleinbüllesheim;13.09.2020 19:15:10;870;273;0;1143;346;0;5;341;145;107;43;29;9;8
0.2;05366016;13.09.2020;Landratswahl NRW;222;22.2 Dom-Esch;13.09.2020 18:54:44;599;135;0;734;268;0;2;266;158;71;14;17;4;2
0.2;05366016;13.09.2020;Landratswahl NRW;3;Briefwahl III;13.09.2020 19:52:21;0;0;0;0;606;606;8;598;283;219;59;14;7;16
0.2;05366016;13.09.2020;Landratswahl NRW;4;Briefwahl IV;13.09.2020 19:03:43;0;0;0;0;417;417;3;414;208;138;35;15;12;6
0.2;05366016;13.09.2020;Landratswahl NRW;5;Briefwahl V;13.09.2020 19:07:04;0;0;0;0;233;233;4;229;87;88;27;12;9;6
0.2;05366016;13.09.2020;Landratswahl NRW;6;Briefwahl VI;13.09.2020 19:01:32;0;0;0;0;362;362;2;360;175;122;35;13;11;4
0.2;05366016;13.09.2020;Landratswahl NRW;7;Briefwahl VII;13.09.2020 19:01:32;0;0;0;0;361;361;3;358;177;115;41;10;6;9
0.2;05366016;13.09.2020;Landratswahl NRW;8;Briefwahl VIII;13.09.2020 19:10:35;0;0;0;0;293;293;2;291;131;109;22;12;8;9
0.2;05366016;13.09.2020;Landratswahl NRW;9;Briefwahl IX;13.09.2020 19:19:40;0;0;0;0;322;322;2;320;145;122;33;13;3;4
0.2;05366020;13.09.2020;Landratswahl NRW;01.1;Hellenthal I;13.09.2020 20:00:00;360;211;0;571;138;0;2;136;42;66;10;12;2;4
0.2;05366020;13.09.2020;Landratswahl NRW;02.1;Hellenthal II;13.09.2020 20:00:00;344;194;0;538;126;0;1;125;43;70;2;4;4;2
0.2;05366020;13.09.2020;Landratswahl NRW;03.1;Hellenthal III;13.09.2020 20:00:00;354;212;0;566;123;0;7;116;38;51;10;12;3;2
0.2;05366020;13.09.2020;Landratswahl NRW;04.1;Blumenthal;13.09.2020 20:00:00;381;200;0;581;154;0;7;147;58;53;12;15;5;4
0.2;05366020;13.09.2020;Landratswahl NRW;05.1;Wollenberg-Wiesen-Manscheid;13.09.2020 20:00:00;358;236;0;594;165;0;2;163;51;85;3;13;4;7
0.2;05366020;13.09.2020;Landratswahl NRW;06.1;Reifferscheid;13.09.2020 20:00:00;333;142;0;475;149;0;4;145;54;61;11;15;2;2
0.2;05366020;13.09.2020;Landratswahl NRW;07.1;Oberreifferscheid;13.09.2020 20:00:00;249;191;0;440;123;0;1;122;46;54;9;12;0;1
0.2;05366020;13.09.2020;Landratswahl NRW;08.1;Ländchen;13.09.2020 20:00:00;384;202;0;586;227;0;2;225;104;93;11;6;6;5
0.2;05366020;13.09.2020;Landratswahl NRW;09.1;Wolfert-Sieberath;13.09.2020 20:00:00;356;140;0;496;208;0;8;200;67;112;8;10;1;2
0.2;05366020;13.09.2020;Landratswahl NRW;10.1;Rescheid;13.09.2020 20:00:00;326;141;0;467;207;0;4;203;75;102;5;15;2;4
0.2;05366020;13.09.2020;Landratswahl NRW;11.1;Hollerath;13.09.2020 20:00:00;287;165;0;452;138;0;2;136;41;77;6;11;0;1
0.2;05366020;13.09.2020;Landratswahl NRW;12.1;Ramscheid;13.09.2020 20:00:00;114;97;0;211;54;0;3;51;6;32;2;9;2;0
0.2;05366020;13.09.2020;Landratswahl NRW;12.2;Losheim;13.09.2020 20:00:00;185;55;0;240;95;0;3;92;51;26;4;5;4;2
0.2;05366020;13.09.2020;Landratswahl NRW;13.1;Udenbreth-Miescheid;13.09.2020 20:00:00;305;140;0;445;162;0;5;157;66;57;19;10;3;2
0.2;05366020;13.09.2020;Landratswahl NRW;14.1;Briefwahl I für 03.1 - Hellenthal III;13.09.2020 20:00:00;0;0;0;0;203;203;3;200;75;102;14;5;2;2
0.2;05366020;13.09.2020;Landratswahl NRW;14.2;Briefwahl I für 05.1 - Wollenberg-Wiesen-Manscheid;13.09.2020 20:00:00;0;0;0;0;226;226;3;223;79;111;11;10;2;10
0.2;05366020;13.09.2020;Landratswahl NRW;14.3;Briefwahl I für 12.1+12.2 - Ramscheid-Losheim;13.09.2020 20:00:00;0;0;0;0;134;134;2;132;47;64;6;7;2;6
0.2;05366020;13.09.2020;Landratswahl NRW;15.1;Briefwahl II für 06.1 - Reifferscheid;13.09.2020 20:00:00;0;0;0;0;135;135;0;135;53;66;3;13;0;0
0.2;05366020;13.09.2020;Landratswahl NRW;15.2;Briefwahl II für 09.1 - Wolfert-Sieberath;13.09.2020 20:00:00;0;0;0;0;133;133;3;130;31;74;12;5;2;6
0.2;05366020;13.09.2020;Landratswahl NRW;15.3;Briefwahl II für 10.1 - Rescheid;13.09.2020 20:00:00;0;0;0;0;138;138;4;134;46;70;11;3;2;2
0.2;05366020;13.09.2020;Landratswahl NRW;15.4;Briefwahl II für 13.1 - Udenbreth-Miescheid;13.09.2020 20:00:00;0;0;0;0;130;130;0;130;52;63;5;4;2;4
0.2;05366020;13.09.2020;Landratswahl NRW;16.1;Briefwahl III für 02.1 - Hellenthal II;13.09.2020 20:00:00;0;0;0;0;182;182;1;181;75;81;11;6;4;4
0.2;05366020;13.09.2020;Landratswahl NRW;16.2;Briefwahl III für 07.1 - Oberreifferscheid;13.09.2020 20:00:00;0;0;0;0;178;178;4;174;51;99;9;4;4;7
0.2;05366020;13.09.2020;Landratswahl NRW;16.3;Briefwahl III für 08.1 - Ländchen;13.09.2020 20:00:00;0;0;0;0;191;191;1;190;67;95;12;6;4;6
0.2;05366020;13.09.2020;Landratswahl NRW;17.1;Briefwahl IV für 01.1 - Hellenthal I;13.09.2020 20:00:00;0;0;0;0;187;187;6;181;48;102;16;5;5;5
0.2;05366020;13.09.2020;Landratswahl NRW;17.2;Briefwahl IV für 04.1 - Blumenthal;13.09.2020 20:00:00;0;0;0;0;187;187;1;186;69;72;27;7;3;8
0.2;05366020;13.09.2020;Landratswahl NRW;17.3;Briefwahl IV für 11.1 - Hollerath;13.09.2020 20:00:00;0;0;0;0;160;160;2;158;52;83;3;11;5;4
0.2;05366024;13.09.2020;Landratswahl NRW;01.0;1 Kall I;13.09.2020 19:30:27;377;260;0;637;447;249;5;442;130;198;48;44;9;13
0.2;05366024;13.09.2020;Landratswahl NRW;02.0;2 Kall II;13.09.2020 19:00:11;536;225;0;761;383;205;6;377;118;169;34;42;8;6
0.2;05366024;13.09.2020;Landratswahl NRW;03.0;3 Kall III;13.09.2020 20:15:34;440;182;0;622;374;174;5;369;119;166;31;37;3;13
0.2;05366024;13.09.2020;Landratswahl NRW;04.0;4 Kall IV;13.09.2020 18:47:11;408;182;0;590;310;164;3;307;115;139;17;27;7;2
0.2;05366024;13.09.2020;Landratswahl NRW;05.0;5 Kall V;13.09.2020 19:44:20;565;171;0;736;325;156;4;321;129;113;21;37;11;10
0.2;05366024;13.09.2020;Landratswahl NRW;06.0;6 Kall VI;13.09.2020 19:01:24;517;202;0;719;356;179;6;350;91;172;37;30;10;10
0.2;05366024;13.09.2020;Landratswahl NRW;07.1;7/1 Kall VII;13.09.2020 18:21:24;110;58;0;168;94;53;0;94;22;50;10;7;3;2
0.2;05366024;13.09.2020;Landratswahl NRW;07.2;7/2 Golbach;13.09.2020 19:52:28;381;139;0;520;353;128;1;352;71;225;17;21;7;11
0.2;05366024;13.09.2020;Landratswahl NRW;08.0;8 Sötenich;13.09.2020 18:58:01;574;269;0;843;559;259;8;551;165;265;38;55;20;8
0.2;05366024;13.09.2020;Landratswahl NRW;09.1;9/1 Rinnen;13.09.2020 18:44:58;219;102;0;321;225;101;6;219;67;100;19;20;6;7
0.2;05366024;13.09.2020;Landratswahl NRW;09.2;9/2 Urft;13.09.2020 18:42:50;180;85;0;265;181;80;3;178;34;115;9;16;3;1
0.2;05366024;13.09.2020;Landratswahl NRW;10.0;10 Sistig;13.09.2020 19:04:59;545;209;0;754;488;201;11;477;153;243;19;38;19;5
0.2;05366024;13.09.2020;Landratswahl NRW;11.1;11/1 Krekel;13.09.2020 18:48:55;318;130;0;448;311;122;7;304;108;129;27;28;4;8
0.2;05366024;13.09.2020;Landratswahl NRW;11.2;11/2 Steinfelderheistert;13.09.2020 18:20:22;54;44;0;98;71;41;1;70;21;36;8;4;0;1
0.2;05366024;13.09.2020;Landratswahl NRW;12.1;12/1 Wahlen;13.09.2020 19:06:57;300;139;0;439;297;129;1;296;96;143;17;25;4;11
0.2;05366024;13.09.2020;Landratswahl NRW;12.2;12/2 Steinfeld;13.09.2020 18:23:54;92;35;0;127;94;32;0;94;47;29;9;6;1;2
0.2;05366024;13.09.2020;Landratswahl NRW;13.0;13 Keldenich;13.09.2020 19:16:21;562;169;0;731;467;149;4;463;134;245;15;59;6;4
0.2;05366024;13.09.2020;Landratswahl NRW;14.1;14/1 Scheven;13.09.2020 19:18:39;324;116;0;440;302;107;5;297;116;119;27;19;10;6
0.2;05366024;13.09.2020;Landratswahl NRW;14.2;14/2 Wallenthal;13.09.2020 18:37:27;144;53;0;197;133;47;5;128;51;50;11;10;2;4
0.2;05366024;13.09.2020;Landratswahl NRW;14.3;14/3 Dottel;13.09.2020 18:25:00;113;34;0;147;113;33;2;111;43;41;11;9;3;4
0.2;05366028;13.09.2020;Landratswahl NRW;001/1;001.1 Bergbuir;13.09.2020 18:38:06;196;55;0;251;192;53;3;189;67;88;18;7;4;5
0.2;05366028;13.09.2020;Landratswahl NRW;001/2;001.2 Bleibuir, Bescheid, Wielspütz;13.09.2020 18:47:01;271;77;0;348;215;67;4;211;79;89;15;14;6;8
0.2;05366028;13.09.2020;Landratswahl NRW;001/3;001.3 Voissel;13.09.2020 18:32:55;143;35;0;178;138;34;3;135;67;39;13;7;4;5
0.2;05366028;13.09.2020;Landratswahl NRW;001/4;001.4 Schützendorf;13.09.2020 18:37:49;164;38;0;202;114;36;0;114;46;42;13;5;6;2
0.2;05366028;13.09.2020;Landratswahl NRW;001/5;001.5 Lückerath;13.09.2020 19:19:36;172;75;0;247;164;69;1;163;62;72;15;8;3;3
0.2;05366028;13.09.2020;Landratswahl NRW;001/6;001.6 Hostel;13.09.2020 18:36:24;169;36;0;205;128;35;4;124;52;51;6;11;0;4
0.2;05366028;13.09.2020;Landratswahl NRW;002/1;002.1 Berg;13.09.2020 18:23:53;156;56;0;212;120;51;2;118;62;37;7;6;4;2
0.2;05366028;13.09.2020;Landratswahl NRW;002/2;002.2 Floisdorf;13.09.2020 18:44:53;207;59;0;266;208;53;1;207;121;54;17;10;3;2
0.2;05366028;13.09.2020;Landratswahl NRW;002/3;002.3 Eicks, Kommern (umf. Eickser Str. 30 und 36);13.09.2020 19:10:04;326;128;0;454;289;118;4;285;125;88;38;17;2;15
0.2;05366028;13.09.2020;Landratswahl NRW;002/4;002.4 Glehn;13.09.2020 19:11:48;313;92;0;405;294;87;3;291;130;100;26;18;8;9
0.2;05366028;13.09.2020;Landratswahl NRW;003/1;003.1 Strempt, Heufahrtshütte, Denrath, Weißenbr.;13.09.2020 20:00:00;802;166;0;968;510;157;10;500;207;197;47;24;13;12
0.2;05366028;13.09.2020;Landratswahl NRW;003/2;003.2 Roggendorf;13.09.2020 18:41:01;446;75;0;521;206;58;1;205;87;72;18;17;6;5
0.2;05366028;13.09.2020;Landratswahl NRW;004/1;004.1 Mechernich tw.;13.09.2020 19:33:36;888;369;0;1257;685;351;6;679;292;267;59;35;15;11
0.2;05366028;13.09.2020;Landratswahl NRW;005/1;005.1 Mechernich tw.;13.09.2020 19:50:09;1075;315;0;1390;682;290;12;670;255;262;53;55;23;22
0.2;05366028;13.09.2020;Landratswahl NRW;006/1;006.1 Mechernich tw.;13.09.2020 19:08:17;1031;291;0;1322;521;255;4;517;196;206;42;29;22;22
0.2;05366028;13.09.2020;Landratswahl NRW;007/1;007.1 Mechernich tw.;13.09.2020 20:00:00;921;364;0;1285;825;340;15;810;303;300;107;44;14;42
0.2;05366028;13.09.2020;Landratswahl NRW;008/1;008.1 Kalenberg;13.09.2020 18:54:41;293;53;0;346;187;43;6;181;60;75;15;21;3;7
0.2;05366028;13.09.2020;Landratswahl NRW;008/2;008.2 Kallmuth;13.09.2020 18:51:11;213;78;0;291;198;73;2;196;75;79;20;3;11;8
0.2;05366028;13.09.2020;Landratswahl NRW;008/3;008.3 Lorbach;13.09.2020 18:39:45;194;92;0;286;191;90;3;188;69;83;17;8;5;6
0.2;05366028;13.09.2020;Landratswahl NRW;008/4;008.4 Bergheim;13.09.2020 19:42:21;243;80;0;323;185;73;1;184;91;54;20;5;7;7
0.2;05366028;13.09.2020;Landratswahl NRW;009/1;009.1 Vussem;13.09.2020 19:01:40;532;161;0;693;438;151;8;430;184;160;47;24;8;7
0.2;05366028;13.09.2020;Landratswahl NRW;009/2;009.2 Breitenbenden;13.09.2020 19:44:54;375;154;0;529;276;129;4;272;102;108;20;25;6;11
0.2;05366028;13.09.2020;Landratswahl NRW;009/3;009.3 Holzheim;13.09.2020 19:09:17;218;93;0;311;215;89;5;210;92;93;16;3;2;4
0.2;05366028;13.09.2020;Landratswahl NRW;010/1;010.1 Weyer, Urfey;13.09.2020 19:33:22;475;198;0;673;438;186;4;434;203;159;30;17;9;16
0.2;05366028;13.09.2020;Landratswahl NRW;010/2;010.2 Eiserfey, Vollem, Dreimühlen;13.09.2020 18:59:50;397;126;0;523;342;116;3;339;122;159;23;20;8;7
0.2;05366028;13.09.2020;Landratswahl NRW;010/3;010.3 Harzheim;13.09.2020 18:54:05;261;61;0;322;211;58;4;207;100;72;19;10;3;3
0.2;05366028;13.09.2020;Landratswahl NRW;011/1;011.1 Satzvey;13.09.2020 19:49:48;673;253;0;926;547;227;8;539;191;228;58;36;12;14
0.2;05366028;13.09.2020;Landratswahl NRW;011/2;011.2 Lessenich;13.09.2020 18:46:11;259;75;0;334;201;75;3;198;86;78;18;9;4;3
0.2;05366028;13.09.2020;Landratswahl NRW;012/1;012.1 Firmenich;13.09.2020 19:23:04;527;164;0;691;385;148;3;382;127;164;42;28;11;10
0.2;05366028;13.09.2020;Landratswahl NRW;012/2;012.2 Obergartzem;13.09.2020 19:30:12;741;279;0;1020;580;273;4;576;202;239;66;45;9;15
0.2;05366028;13.09.2020;Landratswahl NRW;013/1;013.1 Antweiler;13.09.2020 19:08:25;501;161;0;662;411;145;8;403;148;173;38;19;17;8
0.2;05366028;13.09.2020;Landratswahl NRW;013/2;013.2 Wachendorf;13.09.2020 19:11:51;392;128;0;520;328;117;2;326;147;117;32;18;5;7
0.2;05366028;13.09.2020;Landratswahl NRW;013/3;013.3 Rißdorf;13.09.2020 18:38:30;63;39;0;102;66;40;1;65;34;21;7;1;2;0
0.2;05366028;13.09.2020;Landratswahl NRW;013/4;013.4 Weiler am Berge;13.09.2020 18:50:15;254;55;0;309;189;51;3;186;70;74;18;13;5;6
0.2;05366028;13.09.2020;Landratswahl NRW;014/1;014.1 Gehn, Kommern tw.;13.09.2020 20:16:42;1156;480;0;1636;957;452;11;946;406;374;78;49;18;21
0.2;05366028;13.09.2020;Landratswahl NRW;015/1;015.1 Kommern-Süd, Katzvey;13.09.2020 19:46:55;526;262;0;788;500;248;5;495;162;183;96;21;18;15
0.2;05366028;13.09.2020;Landratswahl NRW;015/2;015.2 Schaven;13.09.2020 18:55:52;184;54;0;238;175;53;1;174;59;67;21;15;8;4
0.2;05366028;13.09.2020;Landratswahl NRW;015/3;015.3 Kommern tw.;13.09.2020 18:37:53;387;163;0;550;370;151;0;370;137;138;65;20;6;4
0.2;05366028;13.09.2020;Landratswahl NRW;016/1;016.1 Kommern tw.;13.09.2020 20:07:49;1178;457;0;1635;948;439;6;942;380;338;113;60;20;31
0.2;05366032;13.09.2020;Landratswahl NRW;001.1;001.1 Bouderath;13.09.2020 18:38:16;152;74;0;226;162;71;1;161;62;47;20;11;6;15
0.2;05366032;13.09.2020;Landratswahl NRW;001.2;001.2 Roderath;13.09.2020 18:34:57;130;31;0;161;134;29;1;133;49;57;6;8;1;12
0.2;05366032;13.09.2020;Landratswahl NRW;001.3;001.3 Holzmülheim;13.09.2020 18:49:33;161;42;0;203;135;37;4;131;65;52;4;4;1;5
0.2;05366032;13.09.2020;Landratswahl NRW;002.0;002.0 Engelgau;13.09.2020 18:57:26;380;181;0;561;357;168;8;349;104;198;10;13;6;18
0.2;05366032;13.09.2020;Landratswahl NRW;003.1;003.1 Frohngau;13.09.2020 18:55:52;281;92;0;373;265;86;2;263;103;115;18;8;3;16
0.2;05366032;13.09.2020;Landratswahl NRW;003.2;003.2 Buir;13.09.2020 18:58:43;119;80;0;199;170;78;1;169;70;70;12;9;2;6
0.2;05366032;13.09.2020;Landratswahl NRW;004.0;004.0 Marmagen 1;13.09.2020 19:16:48;415;280;0;695;532;265;5;527;217;228;33;19;9;21
0.2;05366032;13.09.2020;Landratswahl NRW;005.0;005.0 Marmagen 2;13.09.2020 19:20:00;422;275;0;697;517;262;11;506;213;207;34;25;8;19
0.2;05366032;13.09.2020;Landratswahl NRW;006.0;006.0 Nettersheim 1;13.09.2020 19:42:07;451;278;0;729;493;268;4;489;166;231;52;15;6;19
0.2;05366032;13.09.2020;Landratswahl NRW;007.0;007.0 Nettersheim 2;13.09.2020 19:47:00;355;232;0;587;423;215;4;419;163;202;23;6;7;18
0.2;05366032;13.09.2020;Landratswahl NRW;008.1;008.1 Pesch;13.09.2020 19:14:47;319;135;0;454;311;118;8;303;127;103;24;22;3;24
0.2;05366032;13.09.2020;Landratswahl NRW;008.2;008.2 Teilbereich Nettersheim;13.09.2020 18:51:12;137;75;0;212;143;74;4;139;49;63;10;8;3;6
0.2;05366032;13.09.2020;Landratswahl NRW;009.0;009.0 Tondorf;13.09.2020 19:40:56;583;162;0;745;483;148;6;477;144;229;31;44;14;15
0.2;05366032;13.09.2020;Landratswahl NRW;010.0;010.0 Zingsheim;13.09.2020 19:27:26;454;212;0;666;466;200;3;463;160;226;20;22;11;24
0.2;05366036;13.09.2020;Landratswahl NRW;011;Bronsfeld;13.09.2020 19:04:47;335;136;0;471;277;122;3;274;100;116;27;21;1;9
0.2;05366036;13.09.2020;Landratswahl NRW;012;Oberhausen;13.09.2020 19:16:18;485;148;0;633;324;139;2;322;105;157;25;21;7;7
0.2;05366036;13.09.2020;Landratswahl NRW;021;Dreiborn Berescheid;13.09.2020 18:48:14;756;230;0;986;580;212;7;573;280;211;31;33;11;7
0.2;05366036;13.09.2020;Landratswahl NRW;031;Harperscheid Schöneseiffen;13.09.2020 20:00:00;520;177;0;697;466;169;8;458;202;190;44;12;4;6
0.2;05366036;13.09.2020;Landratswahl NRW;032;Ettelscheid;13.09.2020 18:55:51;185;37;0;222;142;32;0;142;46;60;18;6;6;6
0.2;05366036;13.09.2020;Landratswahl NRW;041;Herhahn Morsbach;13.09.2020 18:56:59;562;112;0;674;375;92;2;373;206;115;18;23;1;10
0.2;05366036;13.09.2020;Landratswahl NRW;042;Scheuren;13.09.2020 18:35:20;235;65;0;300;194;60;2;192;75;78;21;9;3;6
0.2;05366036;13.09.2020;Landratswahl NRW;051;Gemünd 1;13.09.2020 19:34:59;787;344;0;1131;564;314;2;562;255;198;61;20;13;15
0.2;05366036;13.09.2020;Landratswahl NRW;061;Gemünd 2;13.09.2020 19:51:16;777;342;0;1119;567;311;9;558;246;198;54;25;12;23
0.2;05366036;13.09.2020;Landratswahl NRW;071;Gemünd 3 Wolfgarten;13.09.2020 19:48:55;805;304;0;1109;539;269;13;526;193;208;47;39;21;18
0.2;05366036;13.09.2020;Landratswahl NRW;081;Nierfeld;13.09.2020 18:43:52;352;105;0;457;234;100;2;232;121;79;11;12;3;6
0.2;05366036;13.09.2020;Landratswahl NRW;082;Broich Kerperscheid Wintzen;13.09.2020 19:11:52;327;105;0;432;235;99;3;232;52;117;27;13;11;12
0.2;05366036;13.09.2020;Landratswahl NRW;091;Olef;13.09.2020 19:38:33;739;200;0;939;527;178;9;518;206;208;50;33;8;13
0.2;05366036;13.09.2020;Landratswahl NRW;101;Schleiden 1;13.09.2020 19:09:21;747;203;0;950;388;181;8;380;165;128;38;20;14;15
0.2;05366036;13.09.2020;Landratswahl NRW;111;Schleiden 2;13.09.2020 19:24:38;682;226;0;908;409;206;2;407;185;159;36;13;9;5
0.2;05366040;13.09.2020;Landratswahl NRW;101;101 Weilerswist (Nord-West);13.09.2020 19:30:47;745;324;0;1069;304;0;5;299;91;138;27;27;8;8
0.2;05366040;13.09.2020;Landratswahl NRW;102;102 Weilerswist (Nord-Ost);13.09.2020 18:59:54;725;269;0;994;280;0;7;273;98;103;34;22;7;9
0.2;05366040;13.09.2020;Landratswahl NRW;103;103 Weilerswist (WLW Süd-Nord);13.09.2020 19:36:29;605;310;0;915;237;0;4;233;63;117;24;18;3;8
0.2;05366040;13.09.2020;Landratswahl NRW;104;104 Weilerswist (WLW Süd-Süd);13.09.2020 19:09:20;577;274;0;851;247;0;5;242;61;112;28;22;8;11
0.2;05366040;13.09.2020;Landratswahl NRW;105;105 Weilerswist (Süd-Ost);13.09.2020 18:43:49;642;408;0;1050;281;0;2;279;113;101;42;13;6;4
0.2;05366040;13.09.2020;Landratswahl NRW;106;106 Weilerswist (Zentrum-West);13.09.2020 18:28:28;745;237;0;982;185;0;6;179;51;64;28;14;12;10
0.2;05366040;13.09.2020;Landratswahl NRW;107;107 Weilerswist (Zentrum-Ost);13.09.2020 18:28:03;694;350;0;1044;238;0;5;233;66;96;27;26;15;3
0.2;05366040;13.09.2020;Landratswahl NRW;208;208 Metternich (Nord);13.09.2020 19:54:06;787;300;0;1087;343;0;12;331;115;129;31;37;10;9
0.2;05366040;13.09.2020;Landratswahl NRW;209.1;209.1 Metternich (Süd);13.09.2020 18:33:41;421;246;0;667;200;0;3;197;64;75;20;30;2;6
0.2;05366040;13.09.2020;Landratswahl NRW;209.2;209.2 Müggenhausen;13.09.2020 18:46:22;306;148;0;454;112;0;4;108;61;23;10;9;3;2
0.2;05366040;13.09.2020;Landratswahl NRW;310;310 Lommersum (Nord) / Hausweiler (Nord);13.09.2020 18:41:44;657;330;0;987;283;0;8;275;106;100;28;32;4;5
0.2;05366040;13.09.2020;Landratswahl NRW;311;311 Hausweiler (Süd) / Derkum / Ottenheim;13.09.2020 19:21:30;846;227;0;1073;324;0;5;319;115;127;23;41;7;6
0.2;05366040;13.09.2020;Landratswahl NRW;312;312 Lommersum (Süd) / Bodenheim;13.09.2020 18:44:09;775;250;0;1025;323;0;9;314;128;119;30;22;8;7
0.2;05366040;13.09.2020;Landratswahl NRW;413;413 Groß Vernich (Nord);13.09.2020 19:01:36;612;275;0;887;218;0;2;216;71;79;33;15;5;13
0.2;05366040;13.09.2020;Landratswahl NRW;414;414 Groß Vernich (Süd);13.09.2020 18:46:37;649;242;0;891;244;0;7;237;74;103;27;26;4;3
0.2;05366040;13.09.2020;Landratswahl NRW;415;415 Groß Vernich (West) / Klein Vernich;13.09.2020 18:41:48;618;341;0;959;328;0;7;321;116;124;42;18;8;13
0.2;05366040;13.09.2020;Landratswahl NRW;916;916 Briefwahlbezirk I;13.09.2020 20:53:38;0;0;0;0;297;297;11;286;111;96;35;26;9;9
0.2;05366040;13.09.2020;Landratswahl NRW;917;917 Briefwahlbezirk II;13.09.2020 22:10:34;0;0;0;0;249;249;5;244;106;81;31;13;3;10
0.2;05366040;13.09.2020;Landratswahl NRW;918;918 Briefwahlbezirk III;13.09.2020 18:56:17;0;0;0;0;279;279;3;276;104;111;43;11;3;4
0.2;05366040;13.09.2020;Landratswahl NRW;919;919 Briefwahlbezirk IV;13.09.2020 19:23:43;0;0;0;0;250;250;7;243;71;120;30;6;3;13
0.2;05366040;13.09.2020;Landratswahl NRW;920;920 Briefwahlbezirk V;13.09.2020 20:11:32;0;0;0;0;391;391;3;388;182;118;52;9;4;23
0.2;05366040;13.09.2020;Landratswahl NRW;921;921 Briefwahlbezirk VI;13.09.2020 21:12:25;0;0;0;0;213;213;5;208;70;75;29;15;8;11
0.2;05366040;13.09.2020;Landratswahl NRW;922;922 Briefwahlbezirk VII;13.09.2020 21:28:36;0;0;0;0;331;331;4;327;113;134;48;16;11;5
0.2;05366040;13.09.2020;Landratswahl NRW;923;923 Briefwahlbezirk VIII;13.09.2020 22:41:32;0;0;0;0;284;284;2;282;132;92;39;8;2;9
0.2;05366040;13.09.2020;Landratswahl NRW;924;924 Briefwahlbezirk IX;13.09.2020 22:13:38;0;0;0;0;362;362;2;360;170;111;41;20;5;13
0.2;05366040;13.09.2020;Landratswahl NRW;925;925 Briefwahlbezirk X;13.09.2020 18:48:38;0;0;0;0;304;304;10;294;133;111;28;8;7;7
0.2;05366040;13.09.2020;Landratswahl NRW;926;926 Briefwahlbezirk XI;13.09.2020 20:25:07;0;0;0;0;213;213;3;210;83;74;19;19;9;6
0.2;05366040;13.09.2020;Landratswahl NRW;927;927 Briefwahlbezirk XII;13.09.2020 22:19:24;0;0;0;0;235;235;7;228;131;56;19;12;2;8
0.2;05366040;13.09.2020;Landratswahl NRW;928;928 Briefwahlbezirk XIII;13.09.2020 22:58:39;0;0;0;0;243;243;4;239;76;89;37;12;9;16
0.2;05366040;13.09.2020;Landratswahl NRW;929;929 Briefwahlbezirk XIV;13.09.2020 19:54:21;0;0;0;0;232;232;6;226;97;80;25;14;4;6
0.2;05366040;13.09.2020;Landratswahl NRW;930;930 Briefwahlbezirk XV;13.09.2020 19:58:29;0;0;0;0;307;307;8;299;122;128;26;10;3;10
0.2;05366044;13.09.2020;Landratswahl NRW;0010;Stimmbezirk 0010, Zülpich 1 (Kernstadt);13.09.2020 20:33:23;911;307;0;1218;598;265;6;592;267;185;73;43;14;10
0.2;05366044;13.09.2020;Landratswahl NRW;0020;Stimmbezirk 0020, Zülpich 2 (Kernstadt);13.09.2020 20:15:06;792;381;0;1173;692;363;11;681;294;256;71;29;14;17
0.2;05366044;13.09.2020;Landratswahl NRW;0030;Stimmbezirk 0030, Zülpich 3 (Kernstadt);13.09.2020 19:50:59;941;254;0;1195;520;218;12;508;217;165;59;36;19;12
0.2;05366044;13.09.2020;Landratswahl NRW;0040;Stimmbezirk 0040, Zülpich 4 (Kernstadt);13.09.2020 19:25:00;846;275;0;1121;594;253;11;583;264;156;86;43;14;20
0.2;05366044;13.09.2020;Landratswahl NRW;0050;Stimmbezirk 0050, Geich;13.09.2020 19:11:25;530;147;0;677;329;134;6;323;141;105;30;29;5;13
0.2;05366044;13.09.2020;Landratswahl NRW;0051;Stimmbezirk 0051, Bessenich;13.09.2020 19:06:50;352;126;0;478;287;118;3;284;108;124;24;12;8;8
0.2;05366044;13.09.2020;Landratswahl NRW;0060;Stimmbezirk 0060, Hoven;13.09.2020 19:18:58;507;169;0;676;383;155;7;376;180;127;38;16;9;6
0.2;05366044;13.09.2020;Landratswahl NRW;0061;Stimmbezirk 0061, Kloster Marienborn;13.09.2020 18:50:15;214;46;0;260;90;40;1;89;61;20;5;0;3;0
0.2;05366044;13.09.2020;Landratswahl NRW;0062;Stimmbezirk 0062, Zülpich 5 (Kernstadt);13.09.2020 18:33:19;145;67;0;212;133;65;3;130;65;31;20;2;7;5
0.2;05366044;13.09.2020;Landratswahl NRW;0070;Stimmbezirk 0070, Nemmenich;13.09.2020 19:18:00;478;149;0;627;383;144;5;378;185;111;45;24;7;6
0.2;05366044;13.09.2020;Landratswahl NRW;0071;Stimmbezirk 0071, Rövenich;13.09.2020 18:54:44;317;90;0;407;236;81;8;228;100;64;30;21;9;4
0.2;05366044;13.09.2020;Landratswahl NRW;0080;Stimmbezirk 0080, Weiler i.d.E;13.09.2020 18:41:11;294;88;0;382;210;81;4;206;84;68;17;29;2;6
0.2;05366044;13.09.2020;Landratswahl NRW;0081;Stimmbezirk 0081, Oberelvenich;13.09.2020 18:36:59;139;30;0;169;120;24;3;117;30;34;37;5;7;4
0.2;05366044;13.09.2020;Landratswahl NRW;0082;Stimmbezirk 0082, Niederelvenich;13.09.2020 19:08:29;361;105;0;466;270;94;0;270;125;88;39;14;1;3
0.2;05366044;13.09.2020;Landratswahl NRW;0090;Stimmbezirk 0090, Mülheim-Wichterich;13.09.2020 19:50:05;929;261;0;1190;625;232;4;621;223;212;80;78;16;12
0.2;05366044;13.09.2020;Landratswahl NRW;0100;Stimmbezirk 0100, Ülpenich;13.09.2020 19:09:33;742;190;0;932;500;177;10;490;187;168;71;39;9;16
0.2;05366044;13.09.2020;Landratswahl NRW;0110;Stimmbezirk 0110, Linzenich-Lövenich;13.09.2020 19:26:04;344;116;0;460;247;101;3;244;120;64;28;22;6;4
0.2;05366044;13.09.2020;Landratswahl NRW;0111;Stimmbezirk 0111, Schwerfen I;13.09.2020 18:51:58;315;116;0;431;238;101;1;237;127;73;11;18;3;5
0.2;05366044;13.09.2020;Landratswahl NRW;0120;Stimmbezirk 0120, Schwerfen II;13.09.2020 19:22:21;643;277;0;920;529;257;14;515;233;154;56;42;15;15
0.2;05366044;13.09.2020;Landratswahl NRW;0130;Stimmbezirk 0130, Dürscheven;13.09.2020 19:05:52;318;143;0;461;287;126;3;284;142;95;28;11;5;3
0.2;05366044;13.09.2020;Landratswahl NRW;0131;Stimmbezirk 0131, Enzen;13.09.2020 19:10:30;373;116;0;489;301;105;3;298;147;95;22;15;7;12
0.2;05366044;13.09.2020;Landratswahl NRW;0140;Stimmbezirk 0140, Sinzenich;13.09.2020 19:23:17;697;303;0;1000;556;277;12;544;219;225;40;33;17;10
0.2;05366044;13.09.2020;Landratswahl NRW;0150;Stimmbezirk 0150, Bürvenich-Eppenich;13.09.2020 19:19:56;638;252;0;890;519;226;14;505;206;181;50;34;21;13
0.2;05366044;13.09.2020;Landratswahl NRW;0151;Stimmbezirk 0151, Merzenich;13.09.2020 18:42:23;104;37;0;141;88;28;0;88;28;45;6;3;5;1
0.2;05366044;13.09.2020;Landratswahl NRW;0160;Stimmbezirk 0160, Füssenich;13.09.2020 19:21:13;539;165;0;704;390;153;5;385;154;142;41;31;9;8
0.2;05366044;13.09.2020;Landratswahl NRW;0161;Stimmbezirk 0161, Juntersdorf;13.09.2020 19:04:27;148;48;0;196;122;46;2;120;56;39;11;7;4;3
0.2;05366044;13.09.2020;Landratswahl NRW;0162;Stimmbezirk 0162, Langendorf;13.09.2020 18:38:10;175;57;0;232;144;51;2;142;69;44;5;20;0;4
